Name,Email,Financial Status,Paid at,Fulfillment Status,Fulfilled at,Accepts Marketing,Currency,Subtotal,Shipping,Taxes,Total,Discount Code,Discount Amount,Shipping Method,Created at,Lineitem quantity,Lineitem name,Lineitem price,Lineitem compare at price,Lineitem sku,Lineitem requires shipping,Lineitem taxable,Lineitem fulfillment status,Billing Name,Billing Street,Billing Address1,Billing Address2,Billing Company,Billing City,Billing Zip,Billing Province,Billing Country,Billing Phone,Shipping Name,Shipping Street,Shipping Address1,Shipping Address2,Shipping Company,Shipping City,Shipping Zip,Shipping Province,Shipping Country,Shipping Phone,Notes,Note Attributes,Cancelled at,Payment Method,Payment Reference,Refunded Amount,Vendor,Outstanding Balance,Employee,Location,Device ID,Id,Tags,Risk Level,Source,Lineitem discount,Tax 1 Name,Tax 1 Value,Tax 2 Name,Tax 2 Value,Tax 3 Name,Tax 3 Value,Tax 4 Name,Tax 4 Value,Tax 5 Name,Tax 5 Value,Phone,Receipt Number,Duties,Billing Province Name,Shipping Province Name,Payment ID,Payment Terms Name,Next Payment Due At,Payment References
#TH10000,customer_0@example.com,paid,2026-01-04 00:43:56 +0500,fulfilled,2025-12-22 00:48:02 +0500,yes,PKR,1999.0,0.0,0.0,1999.0,,0.0,Delivery Charges,2025-12-21 10:58:14+00:00,1,Portable Resistance Band Sit-Up Trainer – Full Body Workout,1999.0,3999.0,TH162,True,False,fulfilled,Customer 0,XXXXXXXXXX,XXXXXXXXXX,House 761,,Islamabad,,,PK,XXXXXXXXXX,Customer 0,XXXXXXXXXX,XXXXXXXXXX,House 761,,Islamabad,,,PK,XXXXXXXXXX,Confirm,,,Cash on Delivery (COD),#TH19332.1,0.0,TRENDHUB PAKISTAN,0.0,,,,6755710370012.0,Ship NOC,Low,web,0.0,GST 16%,0.0,,,,,,,,,XXXXXXXXXX,,,,,rCcB5tyGgqdg4yQXbQiRGwbt6 + #TH19332.1,,,rCcB5tyGgqdg4yQXbQiRGwbt6 + #TH19332.1
#TH10001,customer_1@example.com,paid,2026-02-12 20:56:25 +0500,fulfilled,2026-02-07 00:59:22 +0500,no,PKR,1199.0,0.0,0.0,1199.0,,0.0,Delivery Charges,2026-02-06 13:00:49+00:00,1,Sink Sponge Holder - Faucet Rack,1199.0,2399.0,TH61,True,False,fulfilled,Customer 1,XXXXXXXXXX,XXXXXXXXXX,,,Abbottabad,'22010,,PK,XXXXXXXXXX,Customer 1,XXXXXXXXXX,XXXXXXXXXX,,,Abbottabad,'22010,,PK,XXXXXXXXXX,Can,,,Cash on Delivery (COD),#TH21731.1,0.0,TRENDHUB PAKISTAN,0.0,,,,6838721151196.0,Ship NOC,Low,web,0.0,GST 16%,0.0,,,,,,,,,XXXXXXXXXX,,,,,rvMR7o3iUlUx04PSBlYcf6jVC + #TH21731.1,,,rvMR7o3iUlUx04PSBlYcf6jVC + #TH21731.1
#TH10002,customer_2@example.com,paid,2025-10-05 05:44:51 +0500,fulfilled,2025-09-25 00:37:45 +0500,no,PKR,2299.0,0.0,0.0,2299.0,,0.0,Delivery Charges,2025-09-23 06:50:33+00:00,1,3 in 1 Handheld Vacuum Cleaner,2299.0,4599.0,TH121,True,False,fulfilled,Customer 2,XXXXXXXXXX,XXXXXXXXXX,,,Lahore Cantt,'58410,,PK,XXXXXXXXXX,Customer 2,XXXXXXXXXX,XXXXXXXXXX,,,Lahore Cantt,'58410,,PK,XXXXXXXXXX,Confirm,,,Cash on Delivery (COD),#TH16324.1,0.0,TRENDHUB PAKISTAN,0.0,,,,6546529419484.0,Ship NOC,Low,web,0.0,GST 16%,0.0,,,,,,,,,XXXXXXXXXX,,,,,rkCZwTYkFoedF7Y3gXRYGwj7k + #TH16324.1,,,rkCZwTYkFoedF7Y3gXRYGwj7k + #TH16324.1
#TH10003,customer_3@example.com,paid,2025-06-22 02:43:34 +0500,fulfilled,2025-06-11 00:46:41 +0500,yes,PKR,1999.0,0.0,0.0,1999.0,,0.0,Delivery Charges,2025-06-10 14:19:56+00:00,1,Portable Resistance Band Sit-Up Trainer – Full Body Workout,1999.0,3999.0,TH162,True,False,fulfilled,Customer 3,XXXXXXXXXX,XXXXXXXXXX,,,Lahore,'540000,,PK,XXXXXXXXXX,Customer 3,XXXXXXXXXX,XXXXXXXXXX,,,Lahore,'540000,,PK,XXXXXXXXXX,Order has been shipped via PostEx with Tracking 26150530009003. Confirm,"hxs_courier_name: PostEx
hxs_courier_tracking: 26150530009003
hxs_courier_url: https://postex.pk/tracking?cn=26150530009003
hxs_courier_label: https://merchant.postex.pk/get-invoice?trackingNumbers=26150530009003",,Cash on Delivery (COD),#TH11858.2,0.0,TRENDHUB PAKISTAN,0.0,,,,6394314260700.0,PostEx,Low,web,0.0,GST 16%,0.0,,,,,,,,,XXXXXXXXXX,,,,,rXTIw9pzaXK2q3F0xwGh9Fy20 + #TH11858.2,,,rXTIw9pzaXK2q3F0xwGh9Fy20 + #TH11858.2
#TH10004,customer_4@example.com,paid,2026-05-03 14:28:29 +0500,fulfilled,2026-04-28 00:33:19 +0500,no,PKR,1899.0,250.0,0.0,2149.0,,0.0,Shipping Charges,2026-04-26 17:59:55+00:00,1,Spray Mop with Microfiber Pad – Reusable Flat Floor Cleaning Mop,1899.0,3999.0,TH254,True,False,fulfilled,Customer 4,XXXXXXXXXX,XXXXXXXXXX,Pizza Shop,,Pakpattan,'57400,,PK,XXXXXXXXXX,Customer 4,XXXXXXXXXX,XXXXXXXXXX,Pizza Shop,,Pakpattan,'57400,,PK,XXXXXXXXXX,Can,,,Cash on Delivery (COD),#TH26332.1,0.0,TRENDHUB PAKISTAN,0.0,,,,7011472834780.0,Ship NOC,Low,web,0.0,GST 16%,0.0,,,,,,,,,XXXXXXXXXX,,,,,rU9Wc7oS1RMZIU6WF3V2LrwPS + #TH26332.1,,,rU9Wc7oS1RMZIU6WF3V2LrwPS + #TH26332.1
#TH10005,customer_5@example.com,paid,2025-09-07 01:35:39 +0500,fulfilled,2025-08-25 00:26:55 +0500,no,PKR,1199.0,0.0,0.0,1199.0,,0.0,Delivery Charges,2025-08-24 11:14:07+00:00,1,Sink Sponge Holder - Faucet Rack,1199.0,2399.0,TH61,True,False,fulfilled,Customer 5,XXXXXXXXXX,XXXXXXXXXX,,,Islambad,,,PK,XXXXXXXXXX,Customer 5,XXXXXXXXXX,XXXXXXXXXX,,,Islambad,,,PK,XXXXXXXXXX,Confirm,,,Cash on Delivery (COD),#TH15115.2,0.0,TRENDHUB PAKISTAN,0.0,,,,6502529859804.0,Ship NOC,Low,web,0.0,GST 16%,0.0,,,,,,,,,XXXXXXXXXX,,,,,rO6Ik5V2P4oRxRYOUQFghF2W5 + #TH15115.2,,,rO6Ik5V2P4oRxRYOUQFghF2W5 + #TH15115.2
#TH10006,customer_6@example.com,paid,2025-11-02 13:42:44 +0500,fulfilled,2025-10-27 01:31:02 +0500,yes,PKR,1999.0,0.0,0.0,1999.0,,0.0,Delivery Charges,2025-10-25 03:57:04+00:00,1,Portable Resistance Band Sit-Up Trainer – Full Body Workout,1999.0,3999.0,TH162,True,False,fulfilled,Customer 6,XXXXXXXXXX,XXXXXXXXXX,,,Rawalpindi,'46000,,PK,XXXXXXXXXX,Customer 6,XXXXXXXXXX,XXXXXXXXXX,,,Rawalpindi,'46000,,PK,XXXXXXXXXX,Check,,,Cash on Delivery (COD),#TH17386.1,0.0,TRENDHUB PAKISTAN,0.0,,,,6615504027868.0,Ship NOC,Low,web,0.0,GST 16%,0.0,,,,,,,,,XXXXXXXXXX,,,,,rHmcWCPHrz0FarAwXZPAV5x9w + #TH17386.1,,,rHmcWCPHrz0FarAwXZPAV5x9w + #TH17386.1
#TH10007,customer_7@example.com,paid,2026-05-01 20:21:22 +0500,fulfilled,2026-04-20 00:39:11 +0500,yes,PKR,5099.0,0.0,0.0,5099.0,,0.0,Delivery Charges,2026-04-19 10:51:42+00:00,1,Heavy-Duty Multi-Layer Shoe Cabinet Organizer - 7 - Layer,5099.0,10199.0,TH168,True,False,fulfilled,Customer 7,XXXXXXXXXX,XXXXXXXXXX,,,Rawalpindi,,,PK,XXXXXXXXXX,Customer 7,XXXXXXXXXX,XXXXXXXXXX,,,Rawalpindi,,,PK,XXXXXXXXXX,Confirm,,,Cash on Delivery (COD),#TH25953.1,0.0,TRENDHUB PAKISTAN,0.0,,,,6996112965852.0,Ship NOC,Low,web,0.0,GST 16%,0.0,,,,,,,,,XXXXXXXXXX,,,,,rxxxbYHvuAAwG3luZP35MS6Fp + #TH25953.1,,,rxxxbYHvuAAwG3luZP35MS6Fp + #TH25953.1
#TH10008,customer_8@example.com,paid,2026-04-10 19:24:05 +0500,fulfilled,2026-03-31 00:20:09 +0500,no,PKR,1199.0,250.0,0.0,1449.0,,0.0,Shipping Charges,2026-03-30 12:48:13+00:00,1,Kitchen Sink Splash Guard – Extra Wide Water Protection - Pack of 2,1199.0,2399.0,TH233,True,False,fulfilled,Customer 8,XXXXXXXXXX,XXXXXXXXXX,,,اسلام آباد,'44000,,PK,XXXXXXXXXX,Customer 8,XXXXXXXXXX,XXXXXXXXXX,,,اسلام آباد,'44000,,PK,XXXXXXXXXX,Check,,,Cash on Delivery (COD),#TH24915.1,0.0,TRENDHUB PAKISTAN,0.0,,,,6951633748188.0,Ship NOC,Low,web,0.0,GST 16%,0.0,,,,,,,,,XXXXXXXXXX,,,,,rXPCpfjpKWAB8edeUka7VEfk1 + #TH24915.1,,,rXPCpfjpKWAB8edeUka7VEfk1 + #TH24915.1
#TH10009,customer_9@example.com,paid,2025-08-01 00:13:28 +0500,fulfilled,2025-07-26 15:50:31 +0500,yes,PKR,1199.0,0.0,0.0,1199.0,,0.0,Delivery Charges,2025-07-25 18:10:29+00:00,1,Sink Sponge Holder - Faucet Rack,1199.0,2399.0,TH61,True,False,fulfilled,Customer 9,XXXXXXXXXX,XXXXXXXXXX,,,Karachi,,,PK,XXXXXXXXXX,Customer 9,XXXXXXXXXX,XXXXXXXXXX,,,Karachi,,,PK,XXXXXXXXXX,Confirm,,,Cash on Delivery (COD),#TH13789.2,0.0,TRENDHUB PAKISTAN,0.0,,,,6456594858204.0,JD Delivery,Low,web,0.0,GST 16%,0.0,,,,,,,,,XXXXXXXXXX,,,,,rZWu3gDo6HeuaMN0MSUmrOE8J + #TH13789.2,,,rZWu3gDo6HeuaMN0MSUmrOE8J + #TH13789.2
#TH10010,customer_10@example.com,paid,2025-07-29 23:56:51 +0500,fulfilled,2025-07-25 00:22:08 +0500,yes,PKR,3999.0,0.0,0.0,3999.0,,0.0,Delivery Charges,2025-07-24 15:38:00+00:00,1,5-Tier Coat and Shoe Rack with Storage Shelf & 8 Hooks – Freestanding Organizer for Entryway & Bedroom,3999.0,7999.0,TH163,True,False,fulfilled,Customer 10,XXXXXXXXXX,XXXXXXXXXX,,,Karachi,'00000,,PK,XXXXXXXXXX,Customer 10,XXXXXXXXXX,XXXXXXXXXX,,,Karachi,'00000,,PK,XXXXXXXXXX,Confirm,,,Cash on Delivery (COD),#TH13726.2,0.0,TRENDHUB PAKISTAN,0.0,,,,6454902784220.0,JD Delivery,Low,web,0.0,GST 16%,0.0,,,,,,,,,XXXXXXXXXX,,,,,rQM3hirL0t0d9MjZ3WAxw8COr + #TH13726.2,,,rQM3hirL0t0d9MjZ3WAxw8COr + #TH13726.2
#TH10011,customer_11@example.com,paid,2026-01-25 01:07:57 +0500,fulfilled,2026-01-15 00:19:08 +0500,no,PKR,2299.0,0.0,0.0,2299.0,,0.0,Delivery Charges,2026-01-14 17:16:57+00:00,1,3 in 1 Handheld Vacuum Cleaner,2299.0,4599.0,TH121,True,False,fulfilled,Customer 11,XXXXXXXXXX,XXXXXXXXXX,House E81,,Daharki Mirpur Mathelo,,,PK,XXXXXXXXXX,Customer 11,XXXXXXXXXX,XXXXXXXXXX,House E81,,Daharki Mirpur Mathelo,,,PK,XXXXXXXXXX,Can,,,Cash on Delivery (COD),#TH20510.1,0.0,TRENDHUB PAKISTAN,0.0,,,,6800742842588.0,Ship NOC,Low,web,0.0,GST 16%,0.0,,,,,,,,,XXXXXXXXXX,,,,,rfNjWSQnPp5y2mAlmWgLilCtw + #TH20510.1,,,rfNjWSQnPp5y2mAlmWgLilCtw + #TH20510.1
#TH10012,customer_12@example.com,paid,2026-03-06 02:12:27 +0500,fulfilled,2026-03-02 02:15:11 +0500,no,PKR,1199.0,0.0,0.0,1199.0,,0.0,Delivery Charges,2026-02-28 07:15:37+00:00,1,Sink Sponge Holder - Faucet Rack,1199.0,2399.0,TH61,True,False,fulfilled,Customer 12,XXXXXXXXXX,XXXXXXXXXX,Malircantt,,Karachi,,,PK,XXXXXXXXXX,Customer 12,XXXXXXXXXX,XXXXXXXXXX,Malircantt,,Karachi,,,PK,XXXXXXXXXX,Confirm,,,Cash on Delivery (COD),#TH22944.1,0.0,TRENDHUB PAKISTAN,0.0,,,,6888446132444.0,Ship NOC,Low,web,0.0,GST 16%,0.0,,,,,,,,,XXXXXXXXXX,,,,,rGys7WI7F5WXDw4ElbZToE8Gf + #TH22944.1,,,rGys7WI7F5WXDw4ElbZToE8Gf + #TH22944.1
#TH10013,customer_13@example.com,paid,2025-07-20 03:20:25 +0500,fulfilled,2025-07-09 00:16:14 +0500,no,PKR,1199.0,0.0,0.0,1199.0,,0.0,Delivery Charges,2025-07-08 05:34:09+00:00,1,Sink Sponge Holder - Faucet Rack,1199.0,2399.0,TH61,True,False,fulfilled,Customer 13,XXXXXXXXXX,XXXXXXXXXX,,,Islamabad,,,PK,XXXXXXXXXX,Customer 13,XXXXXXXXXX,XXXXXXXXXX,,,Islamabad,,,PK,XXXXXXXXXX,Confirm,,,Cash on Delivery (COD),#TH12962.2,0.0,TRENDHUB PAKISTAN,0.0,,,,6432940294364.0,Ship NOC,Low,web,0.0,GST 16%,0.0,,,,,,,,,XXXXXXXXXX,,,,,rVNBvft54sFgSh2IyOMAfGOQu + #TH12962.2,,,rVNBvft54sFgSh2IyOMAfGOQu + #TH12962.2
#TH10014,customer_14@example.com,paid,2025-09-14 01:39:08 +0500,fulfilled,2025-09-01 00:13:33 +0500,no,PKR,5099.0,0.0,0.0,5099.0,,0.0,Free Delivery,2025-08-30 21:11:09+00:00,1,Heavy-Duty Multi-Layer Shoe Cabinet Organizer - 7 - Layer,5099.0,10199.0,TH168,True,False,fulfilled,Customer 14,XXXXXXXXXX,XXXXXXXXXX,Afghanabad no 2 street no 3 faisalabad,Faisalabad,Faisalabad punjab,'2149,,PK,XXXXXXXXXX,Customer 14,XXXXXXXXXX,XXXXXXXXXX,Afghanabad no 2 street no 3 faisalabad,Faisalabad,Faisalabad punjab,'2149,,PK,XXXXXXXXXX,Confirm,,,Cash on Delivery (COD),#TH15366.2,0.0,TRENDHUB PAKISTAN,0.0,,,,6511791833308.0,Ship NOC,Low,web,0.0,GST 16%,0.0,,,,,,,,,XXXXXXXXXX,,,,,raJ1cJ64WbQhW6bmW9xdAzWu6 + #TH15366.2,,,raJ1cJ64WbQhW6bmW9xdAzWu6 + #TH15366.2
#TH10015,customer_15@example.com,paid,2026-04-12 16:13:09 +0500,fulfilled,2026-04-02 00:13:33 +0500,yes,PKR,1199.0,0.0,0.0,1199.0,,0.0,Delivery Charges,2026-04-01 13:19:32+00:00,1,Sink Sponge Holder - Faucet Rack,1199.0,2399.0,TH61,True,False,fulfilled,Customer 15,XXXXXXXXXX,XXXXXXXXXX,,,Rawalpindi,,,PK,XXXXXXXXXX,Customer 15,XXXXXXXXXX,XXXXXXXXXX,,,Rawalpindi,,,PK,XXXXXXXXXX,Confirm,,,Cash on Delivery (COD),#TH25025.1,0.0,TRENDHUB PAKISTAN,0.0,,,,6957046333660.0,Ship NOC,Low,web,0.0,GST 16%,0.0,,,,,,,,,XXXXXXXXXX,,,,,r2fY8GSygGY610dJYpj9CTH06 + #TH25025.1,,,r2fY8GSygGY610dJYpj9CTH06 + #TH25025.1
#TH10016,customer_16@example.com,paid,2026-05-30 23:34:47 +0500,fulfilled,2026-05-22 01:44:56 +0500,no,PKR,2999.0,250.0,0.0,3249.0,,0.0,Shipping Charges,2026-05-21 08:45:23+00:00,1,Arctic Air Turbo Chill Evaporative Cooler - Portable Personal Fan with HydroChill,2999.0,5999.0,TH257,True,False,fulfilled,Customer 16,XXXXXXXXXX,XXXXXXXXXX,,,Karachi,'75100,,PK,XXXXXXXXXX,Customer 16,XXXXXXXXXX,XXXXXXXXXX,,,Karachi,'75100,,PK,XXXXXXXXXX,Ct,,,Cash on Delivery (COD),#TH27530.1,0.0,TRENDHUB PAKISTAN,0.0,,,,7063520837852.0,Ship NOC,Low,web,0.0,GST 16%,0.0,,,,,,,,,XXXXXXXXXX,,,,,rpmVSJRcR2wk8tU9sjCQhb0M2 + #TH27530.1,,,rpmVSJRcR2wk8tU9sjCQhb0M2 + #TH27530.1
#TH10017,customer_17@example.com,paid,2026-05-16 14:39:29 +0500,fulfilled,2026-05-09 00:38:00 +0500,yes,PKR,2398.0,0.0,0.0,2398.0,,0.0,Delivery Charges,2026-05-08 11:20:58+00:00,2,Sink Sponge Holder - Faucet Rack,1199.0,2399.0,TH61,True,False,fulfilled,Customer 17,XXXXXXXXXX,XXXXXXXXXX,77 B2 gulberg 3,,Lahore,,,PK,XXXXXXXXXX,Customer 17,XXXXXXXXXX,XXXXXXXXXX,77 B2 gulberg 3,,Lahore,,,PK,XXXXXXXXXX,Cy,,,Cash on Delivery (COD),#TH26866.1,0.0,TRENDHUB PAKISTAN,0.0,,,,7036291252444.0,Ship NOC,Low,web,0.0,GST 16%,0.0,,,,,,,,,XXXXXXXXXX,,,,,rfryeaZHUdbZY4RbWB0NYwlZ0 + #TH26866.1,,,rfryeaZHUdbZY4RbWB0NYwlZ0 + #TH26866.1
#TH10018,customer_18@example.com,paid,2025-07-20 03:22:54 +0500,fulfilled,2025-07-11 03:09:45 +0500,yes,PKR,1999.0,0.0,0.0,1999.0,,0.0,Delivery Charges,2025-07-09 10:43:22+00:00,1,Portable Resistance Band Sit-Up Trainer – Full Body Workout,1999.0,3999.0,TH162,True,False,fulfilled,Customer 18,XXXXXXXXXX,XXXXXXXXXX,Jamia masjid,,Rawalpindi,'44000,,PK,XXXXXXXXXX,Customer 18,XXXXXXXXXX,XXXXXXXXXX,Jamia masjid,,Rawalpindi,'44000,,PK,XXXXXXXXXX,Confirm,,,Cash on Delivery (COD),#TH13017.2,0.0,TRENDHUB PAKISTAN,0.0,,,,6434458534108.0,Ship NOC,Low,web,0.0,GST 16%,0.0,,,,,,,,,XXXXXXXXXX,,,,,raPKDH4mDkhIZIu8sXJxWACGQ + #TH13017.2,,,raPKDH4mDkhIZIu8sXJxWACGQ + #TH13017.2
#TH10019,customer_19@example.com,paid,2025-06-15 17:53:01 +0500,fulfilled,2025-06-09 14:57:16 +0500,yes,PKR,1199.0,0.0,0.0,1199.0,,0.0,Delivery Charges,2025-06-04 09:36:06+00:00,1,Sink Sponge Holder - Faucet Rack,1199.0,2399.0,TH61,True,False,fulfilled,Customer 19,XXXXXXXXXX,XXXXXXXXXX,Opposite millennium mall,,Karachi,,,PK,XXXXXXXXXX,Customer 19,XXXXXXXXXX,XXXXXXXXXX,Opposite millennium mall,,Karachi,,,PK,XXXXXXXXXX,Order has been shipped via PostEx with Tracking 23150530008815. Confirm,"hxs_courier_name: PostEx
hxs_courier_tracking: 23150530008815
hxs_courier_url: https://postex.pk/tracking?cn=23150530008815
hxs_courier_label: https://merchant.postex.pk/get-invoice?trackingNumbers=23150530008815",,Cash on Delivery (COD),#TH11584.2,0.0,TRENDHUB PAKISTAN,0.0,,,,6382344110300.0,PostEx,Low,web,0.0,GST 16%,0.0,,,,,,,,,XXXXXXXXXX,,,,,r4kG6Ah05CkaaW5YtdVahTvjB + #TH11584.2,,,r4kG6Ah05CkaaW5YtdVahTvjB + #TH11584.2
#TH10020,customer_20@example.com,paid,2026-01-10 19:51:07 +0500,fulfilled,2025-12-31 01:34:52 +0500,yes,PKR,2199.0,0.0,0.0,2199.0,,0.0,Delivery Charges,2025-12-30 11:30:23+00:00,1,Safe Mandoline Slicer - Multi Vegetable Chopper - Multi Vegetable Chopper,2199.0,4799.0,TH72,True,False,fulfilled,Customer 20,XXXXXXXXXX,XXXXXXXXXX,Near -,,Sahiwal,,,PK,XXXXXXXXXX,Customer 20,XXXXXXXXXX,XXXXXXXXXX,Near -,,Sahiwal,,,PK,XXXXXXXXXX,Come,,,Cash on Delivery (COD),#TH19744.1,0.0,TRENDHUB PAKISTAN,0.0,,,,6772275478748.0,Ship NOC,Low,web,0.0,GST 16%,0.0,,,,,,,,,XXXXXXXXXX,,,,,rn3iJXth1KjDaipi9xLifQwli + #TH19744.1,,,rn3iJXth1KjDaipi9xLifQwli + #TH19744.1
#TH10021,customer_21@example.com,paid,2026-05-23 18:00:33 +0500,fulfilled,2026-05-12 00:22:19 +0500,yes,PKR,699.0,250.0,0.0,949.0,,0.0,Shipping Charges,2026-05-09 05:34:01+00:00,1,Kitchen Sink Splash Guard – Extra Wide Water Protection - Pack of 1,699.0,1399.0,TH232,True,False,fulfilled,Customer 21,XXXXXXXXXX,XXXXXXXXXX,,,Sargodha,,,PK,XXXXXXXXXX,Customer 21,XXXXXXXXXX,XXXXXXXXXX,,,Sargodha,,,PK,XXXXXXXXXX,Can,,,Cash on Delivery (COD),#TH26903.1,0.0,TRENDHUB PAKISTAN,0.0,,,,7038570496220.0,Ship NOC,Low,web,0.0,GST 16%,0.0,,,,,,,,,XXXXXXXXXX,,,,,rcghtcVBMOY0JZgQBF6mB1sWg + #TH26903.1,,,rcghtcVBMOY0JZgQBF6mB1sWg + #TH26903.1
#TH10022,customer_22@example.com,paid,2026-04-25 02:49:49 +0500,fulfilled,2026-04-18 00:46:23 +0500,yes,PKR,1199.0,250.0,0.0,1449.0,,0.0,Shipping Charges,2026-04-17 05:11:45+00:00,1,Kitchen Sink Splash Guard – Extra Wide Water Protection - Pack of 2,1199.0,2399.0,TH233,True,False,fulfilled,Customer 22,XXXXXXXXXX,XXXXXXXXXX,,,Peshawar,'25000,,PK,XXXXXXXXXX,Customer 22,XXXXXXXXXX,XXXXXXXXXX,,,Peshawar,'25000,,PK,XXXXXXXXXX,Cou,,,Cash on Delivery (COD),#TH25840.1,0.0,TRENDHUB PAKISTAN,0.0,,,,6992167141596.0,Ship NOC,Low,web,0.0,GST 16%,0.0,,,,,,,,,XXXXXXXXXX,,,,,rjjdnMaxvRaacSdpq04u6gP8W + #TH25840.1,,,rjjdnMaxvRaacSdpq04u6gP8W + #TH25840.1
#TH10023,customer_23@example.com,paid,2026-01-10 20:01:40 +0500,fulfilled,2026-01-05 00:23:54 +0500,yes,PKR,4599.0,0.0,0.0,4599.0,,0.0,Delivery Charges,2026-01-04 09:41:32+00:00,1,Metal Shoe Rack with Coat Hooks – Dustproof Entryway Shoe Cabinet & Organizer - 5 - Layer,4599.0,7999.0,TH189,True,False,fulfilled,Customer 23,XXXXXXXXXX,XXXXXXXXXX,,,Islamabad,,,PK,XXXXXXXXXX,Customer 23,XXXXXXXXXX,XXXXXXXXXX,,,Islamabad,,,PK,XXXXXXXXXX,Cy,,,Cash on Delivery (COD),#TH19981.1,0.0,TRENDHUB PAKISTAN,0.0,,,,6780978069724.0,Ship NOC,Low,web,0.0,GST 16%,0.0,,,,,,,,,XXXXXXXXXX,,,,,r8RAGsMdqpflyXIhWLhXB23ZA + #TH19981.1,,,r8RAGsMdqpflyXIhWLhXB23ZA + #TH19981.1
#TH10024,customer_24@example.com,paid,2026-01-31 21:51:12 +0500,fulfilled,2026-01-21 00:22:09 +0500,yes,PKR,1999.0,0.0,0.0,1999.0,,0.0,Delivery Charges,2026-01-20 10:17:06+00:00,1,Portable Resistance Band Sit-Up Trainer – Full Body Workout,1999.0,3999.0,TH162,True,False,fulfilled,Customer 24,XXXXXXXXXX,XXXXXXXXXX,,,Larkana,'77150,,PK,XXXXXXXXXX,Customer 24,XXXXXXXXXX,XXXXXXXXXX,,,Larkana,'77150,,PK,XXXXXXXXXX,Very,,,Cash on Delivery (COD),#TH20789.1,0.0,TRENDHUB PAKISTAN,0.0,,,,6810507870428.0,Ship NOC,Low,web,0.0,GST 16%,0.0,,,,,,,,,XXXXXXXXXX,,,,,rig8tXLe0QtbqEtpLXF1AFunM + #TH20789.1,,,rig8tXLe0QtbqEtpLXF1AFunM + #TH20789.1
#TH10025,customer_25@example.com,paid,2025-07-26 14:12:57 +0500,fulfilled,2025-07-17 00:50:54 +0500,yes,PKR,1999.0,0.0,0.0,1999.0,,0.0,Delivery Charges,2025-07-16 09:42:59+00:00,1,Portable Resistance Band Sit-Up Trainer – Full Body Workout,1999.0,3999.0,TH162,True,False,fulfilled,Customer 25,XXXXXXXXXX,XXXXXXXXXX,,,D.G. KHAN,'03322,,PK,XXXXXXXXXX,Customer 25,XXXXXXXXXX,XXXXXXXXXX,,,D.G. KHAN,'03322,,PK,XXXXXXXXXX,Confirm,,,Cash on Delivery (COD),#TH13313.2,0.0,TRENDHUB PAKISTAN,0.0,,,,6443690393820.0,Ship NOC,Low,web,0.0,GST 16%,0.0,,,,,,,,,XXXXXXXXXX,,,,,r2LbUdkJmdQljW8fDH1Nt3GUQ + #TH13313.2,,,r2LbUdkJmdQljW8fDH1Nt3GUQ + #TH13313.2
#TH10026,customer_26@example.com,paid,2025-10-19 17:43:19 +0500,fulfilled,2025-10-07 01:50:01 +0500,yes,PKR,1199.0,0.0,0.0,1199.0,,0.0,Delivery Charges,2025-10-04 13:38:17+00:00,1,Sink Sponge Holder - Faucet Rack,1199.0,2399.0,TH61,True,False,fulfilled,Customer 26,XXXXXXXXXX,XXXXXXXXXX,,,Lahore,,,PK,XXXXXXXXXX,Customer 26,XXXXXXXXXX,XXXXXXXXXX,,,Lahore,,,PK,XXXXXXXXXX,confirmed,,,Cash on Delivery (COD),#TH16716.1,0.0,TRENDHUB PAKISTAN,0.0,,,,6565117690076.0,Ship NOC,Low,web,0.0,GST 16%,0.0,,,,,,,,,XXXXXXXXXX,,,,,rvsKlgN1e9JwyUzLfEycQZXLE + #TH16716.1,,,rvsKlgN1e9JwyUzLfEycQZXLE + #TH16716.1
#TH10027,customer_27@example.com,paid,2026-03-01 02:33:12 +0500,fulfilled,2026-02-23 01:52:26 +0500,yes,PKR,2299.0,0.0,0.0,2299.0,,0.0,Delivery Charges,2026-02-21 12:51:00+00:00,1,3 in 1 Handheld Vacuum Cleaner,2299.0,4599.0,TH121,True,False,fulfilled,Customer 27,XXXXXXXXXX,XXXXXXXXXX,Mistri shah mazar lane,,Karachi,,,PK,XXXXXXXXXX,Customer 27,XXXXXXXXXX,XXXXXXXXXX,Mistri shah mazar lane,,Karachi,,,PK,XXXXXXXXXX,Order has been shipped via Tranzo with Tracking T0080384496334610. Ct,"tranzo_courier_name: Tranzo
tranzo_courier_tracking: T0080384496334610
tranzo_courier_url: https://tranzo.pk/track-order?tn=T0080384496334610",,Cash on Delivery (COD),#TH22551.1,0.0,TRENDHUB PAKISTAN,0.0,,,,6877766222044.0,Tranzo,Low,web,0.0,GST 16%,0.0,,,,,,,,,XXXXXXXXXX,,,,,rRefBlTBU8rLvvkLLWVg8151B + #TH22551.1,,,rRefBlTBU8rLvvkLLWVg8151B + #TH22551.1
#TH10028,customer_28@example.com,paid,2026-01-25 01:23:57 +0500,fulfilled,2026-01-16 00:09:39 +0500,yes,PKR,2199.0,0.0,0.0,2199.0,,0.0,Delivery Charges,2026-01-15 14:46:31+00:00,1,Safe Mandoline Slicer - Multi Vegetable Chopper - Multi Vegetable Chopper,2199.0,4799.0,TH72,True,False,fulfilled,Customer 28,XXXXXXXXXX,XXXXXXXXXX,UDL Distributions,Snacks Hub,Lahore,,,PK,XXXXXXXXXX,Customer 28,XXXXXXXXXX,XXXXXXXXXX,UDL Distributions,Snacks Hub,Lahore,,,PK,XXXXXXXXXX,Can,,,Cash on Delivery (COD),#TH20557.1,0.0,TRENDHUB PAKISTAN,0.0,,,,6802645876956.0,Ship NOC,Low,web,0.0,GST 16%,0.0,,,,,,,,,XXXXXXXXXX,,,,,rpYijQy2NAWuJGsjTgbopySgn + #TH20557.1,,,rpYijQy2NAWuJGsjTgbopySgn + #TH20557.1
#TH10029,customer_29@example.com,paid,2025-11-09 19:26:23 +0500,fulfilled,2025-10-30 08:57:13 +0500,yes,PKR,1999.0,0.0,0.0,1999.0,,0.0,Delivery Charges,2025-10-29 16:55:21+00:00,1,Portable Resistance Band Sit-Up Trainer – Full Body Workout,1999.0,3999.0,TH162,True,False,fulfilled,Customer 29,XXXXXXXXXX,XXXXXXXXXX,House,,Karachi,'75890,,PK,XXXXXXXXXX,Customer 29,XXXXXXXXXX,XXXXXXXXXX,House,,Karachi,'75890,,PK,XXXXXXXXXX,,,,Cash on Delivery (COD),#TH17508.1,0.0,TRENDHUB PAKISTAN,0.0,,,,6621888184540.0,Ship NOC,Low,web,0.0,GST 16%,0.0,,,,,,,,,XXXXXXXXXX,,,,,rm4NeGajwl02W3m2nh5iorGu8 + #TH17508.1,,,rm4NeGajwl02W3m2nh5iorGu8 + #TH17508.1
#TH10030,customer_30@example.com,paid,2026-01-10 20:01:04 +0500,fulfilled,2026-01-02 01:23:48 +0500,yes,PKR,5199.0,0.0,0.0,5199.0,,0.0,Delivery Charges,2026-01-01 10:18:14+00:00,1,Automatic Peeler Machine,5199.0,10999.0,TH217,True,False,fulfilled,Customer 30,XXXXXXXXXX,XXXXXXXXXX,Near Pso Pump Mithi,,Mithi,'69230,,PK,XXXXXXXXXX,Customer 30,XXXXXXXXXX,XXXXXXXXXX,Near Pso Pump Mithi,,Mithi,'69230,,PK,XXXXXXXXXX,Coy,,,Cash on Delivery (COD),#TH19842.1,0.0,TRENDHUB PAKISTAN,0.0,,,,6775448600796.0,Ship NOC,Low,web,0.0,GST 16%,0.0,,,,,,,,,XXXXXXXXXX,,,,,rJbwvW4HHBbpCxjs3rLLn0bcq + #TH19842.1,,,rJbwvW4HHBbpCxjs3rLLn0bcq + #TH19842.1
#TH10031,customer_31@example.com,paid,2025-10-26 15:18:36 +0500,fulfilled,2025-10-15 01:03:12 +0500,no,PKR,2199.0,0.0,0.0,2199.0,,0.0,Delivery Charges,2025-10-13 04:35:49+00:00,1,Safe Mandoline Slicer - Multi Vegetable Chopper - Multi Vegetable Chopper,2199.0,4799.0,TH72,True,False,fulfilled,Customer 31,XXXXXXXXXX,XXXXXXXXXX,,,Multan,'6000,,PK,XXXXXXXXXX,Customer 31,XXXXXXXXXX,XXXXXXXXXX,,,Multan,'6000,,PK,XXXXXXXXXX,,,,Cash on Delivery (COD),#TH17029.1,0.0,TRENDHUB PAKISTAN,0.0,,,,6582093742300.0,Ship NOC,Low,web,0.0,GST 16%,0.0,,,,,,,,,XXXXXXXXXX,,,,,r9UhMJd0DtoYXEW2dBatYF99g + #TH17029.1,,,r9UhMJd0DtoYXEW2dBatYF99g + #TH17029.1
#TH10032,customer_32@example.com,paid,2025-09-07 01:50:07 +0500,fulfilled,2025-09-01 00:14:10 +0500,yes,PKR,5099.0,0.0,0.0,5099.0,,0.0,Free Delivery,2025-08-30 07:51:21+00:00,1,Heavy-Duty Multi-Layer Shoe Cabinet Organizer - 7 - Layer,5099.0,10199.0,TH168,True,False,fulfilled,Customer 32,XXXXXXXXXX,XXXXXXXXXX,,,Islamabad,'44000,,PK,XXXXXXXXXX,Customer 32,XXXXXXXXXX,XXXXXXXXXX,,,Islamabad,'44000,,PK,XXXXXXXXXX,Confirm,,,Cash on Delivery (COD),#TH15344.2,0.0,TRENDHUB PAKISTAN,0.0,,,,6510699118812.0,Ship NOC,Low,web,0.0,GST 16%,0.0,,,,,,,,,XXXXXXXXXX,,,,,rvG6h7QehKgxh0k2tb4ax3cnn + #TH15344.2,,,rvG6h7QehKgxh0k2tb4ax3cnn + #TH15344.2
#TH10033,customer_33@example.com,paid,2026-03-07 01:27:10 +0500,fulfilled,2026-02-26 01:38:05 +0500,no,PKR,1199.0,0.0,0.0,1199.0,,0.0,Delivery Charges,2026-02-25 13:17:41+00:00,1,Sink Sponge Holder - Faucet Rack,1199.0,2399.0,TH61,True,False,fulfilled,Customer 33,XXXXXXXXXX,XXXXXXXXXX,,,Lahore,,,PK,XXXXXXXXXX,Customer 33,XXXXXXXXXX,XXXXXXXXXX,,,Lahore,,,PK,XXXXXXXXXX,Order has been shipped via Tranzo with Tracking T0080391083248125. Can,"tranzo_courier_name: Tranzo
tranzo_courier_tracking: T0080391083248125
tranzo_courier_url: https://tranzo.pk/track-order?tn=T0080391083248125",,Cash on Delivery (COD),#TH22787.1,0.0,TRENDHUB PAKISTAN,0.0,,,,6883926278364.0,Tranzo,Low,web,0.0,GST 16%,0.0,,,,,,,,,XXXXXXXXXX,,,,,rGok8sZUeSMjW7eNat1r2cCK7 + #TH22787.1,,,rGok8sZUeSMjW7eNat1r2cCK7 + #TH22787.1
#TH10034,customer_34@example.com,paid,2026-01-10 19:54:54 +0500,fulfilled,2026-01-03 02:01:18 +0500,no,PKR,2499.0,0.0,0.0,2499.0,,0.0,Delivery Charges,2026-01-02 12:46:54+00:00,1,The Ordinary - Niacinamide 10% + Zinc 1% - 30mL,2499.0,4999.0,TH55,True,False,fulfilled,Customer 34,XXXXXXXXXX,XXXXXXXXXX,,,Toba Tek Singh,,,PK,XXXXXXXXXX,Customer 34,XXXXXXXXXX,XXXXXXXXXX,,,Toba Tek Singh,,,PK,XXXXXXXXXX,Confirm,,,Cash on Delivery (COD),#TH19897.1,0.0,The Ordinary,0.0,,,,6777306448092.0,Ship NOC,Low,web,0.0,GST 16%,0.0,,,,,,,,,XXXXXXXXXX,,,,,rYQ813Z62HVC3AKkWoXGglfNT + #TH19897.1,,,rYQ813Z62HVC3AKkWoXGglfNT + #TH19897.1
#TH10035,customer_35@example.com,paid,2026-02-12 20:20:18 +0500,fulfilled,2026-02-03 23:47:45 +0500,yes,PKR,7499.0,0.0,0.0,7499.0,,0.0,Delivery Charges,2026-02-02 17:39:47+00:00,1,Electric Food Warming Mat,7499.0,14999.0,TH220,True,False,fulfilled,Customer 35,XXXXXXXXXX,XXXXXXXXXX,,,Islamabad,,,PK,XXXXXXXXXX,Customer 35,XXXXXXXXXX,XXXXXXXXXX,,,Islamabad,,,PK,XXXXXXXXXX,Order has been shipped via Tranzo with Tracking T0080384285305995. Ct,"tranzo_courier_name: Tranzo
tranzo_courier_tracking: T0080384285305995
tranzo_courier_url: https://tranzo.pk/track-order?tn=T0080384285305995",,Cash on Delivery (COD),#TH21500.1,0.0,TRENDHUB PAKISTAN,0.0,,,,6832841359580.0,Tranzo,Low,web,0.0,GST 16%,0.0,,,,,,,,,XXXXXXXXXX,,,,,rcp4SwelF7vRzttef7gj4rcNs + #TH21500.1,,,rcp4SwelF7vRzttef7gj4rcNs + #TH21500.1
#TH10036,customer_36@example.com,paid,2026-03-06 02:12:18 +0500,fulfilled,2026-02-26 01:32:14 +0500,yes,PKR,1199.0,0.0,0.0,1199.0,,0.0,Delivery Charges,2026-02-25 12:09:20+00:00,1,Sink Sponge Holder - Faucet Rack,1199.0,2399.0,TH61,True,False,fulfilled,Customer 36,XXXXXXXXXX,XXXXXXXXXX,Near Uni Road Habib Street Near Bilawal House Gate No 3 H#21,,Multan,'59300,,PK,XXXXXXXXXX,Customer 36,XXXXXXXXXX,XXXXXXXXXX,Near Uni Road Habib Street Near Bilawal House Gate No 3 H#21,,Multan,'59300,,PK,XXXXXXXXXX,Can,,,Cash on Delivery (COD),#TH22784.1,0.0,TRENDHUB PAKISTAN,0.0,,,,6883859398876.0,Ship NOC,Low,web,0.0,GST 16%,0.0,,,,,,,,,XXXXXXXXXX,,,,,rVFBBFSfTSh46VJBqJ1ecYFts + #TH22784.1,,,rVFBBFSfTSh46VJBqJ1ecYFts + #TH22784.1
#TH10037,customer_37@example.com,paid,2026-01-25 01:31:50 +0500,fulfilled,2026-01-19 00:44:40 +0500,yes,PKR,2299.0,0.0,0.0,2299.0,,0.0,Delivery Charges,2026-01-18 03:44:34+00:00,1,3 in 1 Handheld Vacuum Cleaner,2299.0,4599.0,TH121,True,False,fulfilled,Customer 37,XXXXXXXXXX,XXXXXXXXXX,,,Islamabad,,,PK,XXXXXXXXXX,Customer 37,XXXXXXXXXX,XXXXXXXXXX,,,Islamabad,,,PK,XXXXXXXXXX,Cy,,,Cash on Delivery (COD),#TH20653.1,0.0,TRENDHUB PAKISTAN,0.0,,,,6806889070812.0,Ship NOC,Low,web,0.0,GST 16%,0.0,,,,,,,,,XXXXXXXXXX,,,,,rgfBn2KBTwgDMWUiiPnp6lqZ9 + #TH20653.1,,,rgfBn2KBTwgDMWUiiPnp6lqZ9 + #TH20653.1
#TH10038,customer_38@example.com,paid,2026-03-12 15:17:47 +0500,fulfilled,2026-03-03 01:43:47 +0500,no,PKR,1199.0,0.0,0.0,1199.0,,0.0,Delivery Charges,2026-03-02 11:35:02+00:00,1,Sink Sponge Holder - Faucet Rack,1199.0,2399.0,TH61,True,False,fulfilled,Customer 38,XXXXXXXXXX,XXXXXXXXXX,,,Islamabad,,,PK,XXXXXXXXXX,Customer 38,XXXXXXXXXX,XXXXXXXXXX,,,Islamabad,,,PK,XXXXXXXXXX,Ct,,,Cash on Delivery (COD),#TH23116.1,0.0,TRENDHUB PAKISTAN,0.0,,,,6893445284060.0,Ship NOC,Low,web,0.0,GST 16%,0.0,,,,,,,,,XXXXXXXXXX,,,,,rU0uKZpPAiO8V43MKBB4UjRdM + #TH23116.1,,,rU0uKZpPAiO8V43MKBB4UjRdM + #TH23116.1
#TH10039,customer_39@example.com,paid,2026-04-04 02:35:46 +0500,fulfilled,2026-03-26 02:42:17 +0500,yes,PKR,2299.0,0.0,0.0,2299.0,,0.0,Delivery Charges,2026-03-24 10:33:40+00:00,1,3 in 1 Handheld Vacuum Cleaner,2299.0,4599.0,TH121,True,False,fulfilled,Customer 39,XXXXXXXXXX,XXXXXXXXXX,Muslim Park,,Rawalpindi,,,PK,XXXXXXXXXX,Customer 39,XXXXXXXXXX,XXXXXXXXXX,Muslim Park,,Rawalpindi,,,PK,XXXXXXXXXX,,,,Cash on Delivery (COD),#TH24544.1,0.0,TRENDHUB PAKISTAN,0.0,,,,6935028203740.0,Ship NOC,Low,web,0.0,GST 16%,0.0,,,,,,,,,XXXXXXXXXX,,,,,rU1w3SJt3Hx3qgxm0hM6wZg2Z + #TH24544.1,,,rU1w3SJt3Hx3qgxm0hM6wZg2Z + #TH24544.1
#TH10040,customer_40@example.com,paid,2026-03-20 14:59:51 +0500,fulfilled,2026-03-09 02:01:52 +0500,yes,PKR,2299.0,0.0,0.0,2299.0,,0.0,Delivery Charges,2026-03-08 16:17:19+00:00,1,3 in 1 Handheld Vacuum Cleaner,2299.0,4599.0,TH121,True,False,fulfilled,Customer 40,XXXXXXXXXX,XXXXXXXXXX,Jinah market near aslam electric stoar samundri,,Samundri,,,PK,XXXXXXXXXX,Customer 40,XXXXXXXXXX,XXXXXXXXXX,Jinah market near aslam electric stoar samundri,,Samundri,,,PK,XXXXXXXXXX,Confirm,,,Cash on Delivery (COD),#TH23461.1,0.0,TRENDHUB PAKISTAN,0.0,,,,6906889568476.0,Ship NOC,Low,web,0.0,GST 16%,0.0,,,,,,,,,XXXXXXXXXX,,,,,rsq8MUjdIT3tTiGICyOTEg7dG + #TH23461.1,,,rsq8MUjdIT3tTiGICyOTEg7dG + #TH23461.1
#TH10041,customer_41@example.com,paid,2025-07-20 02:39:20 +0500,fulfilled,2025-07-12 00:36:29 +0500,no,PKR,2299.0,0.0,0.0,2299.0,,0.0,Delivery Charges,2025-07-11 16:31:59+00:00,1,3 in 1 Handheld Vacuum Cleaner,2299.0,4599.0,TH121,True,False,fulfilled,Customer 41,XXXXXXXXXX,XXXXXXXXXX,,,Taunsa Sharif,'32100,,PK,XXXXXXXXXX,Customer 41,XXXXXXXXXX,XXXXXXXXXX,,,Taunsa Sharif,'32100,,PK,XXXXXXXXXX,,,,Cash on Delivery (COD),#TH13106.2,0.0,TRENDHUB PAKISTAN,0.0,,,,6437586043100.0,Ship NOC,Low,web,0.0,GST 16%,0.0,,,,,,,,,XXXXXXXXXX,,,,,rbzok4dahJUgdITSEDRIKQsT3 + #TH13106.2,,,rbzok4dahJUgdITSEDRIKQsT3 + #TH13106.2
#TH10042,customer_42@example.com,paid,2025-12-28 22:26:27 +0500,fulfilled,2025-12-18 00:43:02 +0500,yes,PKR,3499.0,0.0,0.0,3499.0,,0.0,Delivery Charges,2025-12-17 14:50:31+00:00,1,Kitchen Countertop Storage Rack | Heavy-Duty Adjustable Microwave Organizer Stand,3499.0,5999.0,TH214,True,False,fulfilled,Customer 42,XXXXXXXXXX,XXXXXXXXXX,Nazimabad No.2,,Karachi,'75900,,PK,XXXXXXXXXX,Customer 42,XXXXXXXXXX,XXXXXXXXXX,Nazimabad No.2,,Karachi,'75900,,PK,XXXXXXXXXX,Confirm,,,Cash on Delivery (COD),#TH19181.1,0.0,TRENDHUB PAKISTAN,0.0,,,,6748214132956.0,Ship NOC,Low,web,0.0,GST 16%,0.0,,,,,,,,,XXXXXXXXXX,,,,,rRmkKX99T1YJQVZJ9fPL6FYTB + #TH19181.1,,,rRmkKX99T1YJQVZJ9fPL6FYTB + #TH19181.1
#TH10043,customer_43@example.com,paid,2025-11-02 13:18:29 +0500,fulfilled,2025-10-18 03:01:30 +0500,no,PKR,4999.0,0.0,0.0,4999.0,,0.0,Delivery Charges,2025-10-17 21:44:59+00:00,1,Heavy-Duty Multi-Layer Shoe Cabinet Organizer - 6 - Layer,4999.0,9999.0,TH167,True,False,fulfilled,Customer 43,XXXXXXXXXX,XXXXXXXXXX,,,karachi,,,PK,XXXXXXXXXX,Customer 43,XXXXXXXXXX,XXXXXXXXXX,,,karachi,,,PK,XXXXXXXXXX,Confirm,,,Cash on Delivery (COD),#TH17137.1,0.0,TRENDHUB PAKISTAN,0.0,,,,6595168403676.0,Ship NOC,Low,web,0.0,GST 16%,0.0,,,,,,,,,XXXXXXXXXX,,,,,raxE3w83EiorDzFuO1vgHMwCF + #TH17137.1,,,raxE3w83EiorDzFuO1vgHMwCF + #TH17137.1
#TH10044,customer_44@example.com,paid,2026-06-07 03:47:57 +0500,fulfilled,2026-05-25 00:46:35 +0500,yes,PKR,1199.0,0.0,0.0,1199.0,,0.0,Delivery Charges,2026-05-24 03:13:41+00:00,1,Sink Sponge Holder - Faucet Rack,1199.0,2399.0,TH61,True,False,fulfilled,Customer 44,XXXXXXXXXX,XXXXXXXXXX,Alamdar road quetta,,Quetta,'87300,,PK,XXXXXXXXXX,Customer 44,XXXXXXXXXX,XXXXXXXXXX,Alamdar road quetta,,Quetta,'87300,,PK,XXXXXXXXXX,Confirm,,,Cash on Delivery (COD),#TH27717.1,0.0,TRENDHUB PAKISTAN,0.0,,,,7073877033180.0,Ship NOC,Low,web,0.0,GST 16%,0.0,,,,,,,,,XXXXXXXXXX,,,,,rcyvIv1sb7ffN9d18p7UoL16I + #TH27717.1,,,rcyvIv1sb7ffN9d18p7UoL16I + #TH27717.1
#TH10045,customer_45@example.com,paid,2025-09-07 01:34:15 +0500,fulfilled,2025-08-25 00:33:41 +0500,yes,PKR,2398.0,0.0,0.0,2398.0,,0.0,Delivery Charges,2025-08-23 05:28:39+00:00,2,Sink Sponge Holder - Faucet Rack,1199.0,2399.0,TH61,True,False,fulfilled,Customer 45,XXXXXXXXXX,XXXXXXXXXX,,,Islamabad,'24600,,PK,XXXXXXXXXX,Customer 45,XXXXXXXXXX,XXXXXXXXXX,,,Islamabad,'24600,,PK,XXXXXXXXXX,Confirm,,,Cash on Delivery (COD),#TH15054.2,0.0,TRENDHUB PAKISTAN,0.0,,,,6500933107932.0,Ship NOC,Low,web,0.0,GST 16%,0.0,,,,,,,,,XXXXXXXXXX,,,,,rTJQzfRpDYwWBGpCwQCD4oP0S + #TH15054.2,,,rTJQzfRpDYwWBGpCwQCD4oP0S + #TH15054.2
#TH10046,customer_46@example.com,paid,2026-05-23 18:06:05 +0500,fulfilled,2026-05-18 02:05:16 +0500,no,PKR,699.0,250.0,0.0,949.0,,0.0,Shipping Charges,2026-05-16 16:29:30+00:00,1,Kitchen Sink Splash Guard – Extra Wide Water Protection - Pack of 1,699.0,1399.0,TH232,True,False,fulfilled,Customer 46,XXXXXXXXXX,XXXXXXXXXX,,,Faisalabad,'38000,,PK,XXXXXXXXXX,Customer 46,XXXXXXXXXX,XXXXXXXXXX,,,Faisalabad,'38000,,PK,XXXXXXXXXX,Can,,,Cash on Delivery (COD),#TH27278.1,0.0,TRENDHUB PAKISTAN,0.0,,,,7053117456604.0,Ship NOC,Low,web,0.0,GST 16%,0.0,,,,,,,,,XXXXXXXXXX,,,,,rRzLolrhsKog9460Pip9q43l2 + #TH27278.1,,,rRzLolrhsKog9460Pip9q43l2 + #TH27278.1
#TH10047,customer_47@example.com,paid,2025-07-05 15:30:48 +0500,fulfilled,2025-06-27 00:21:45 +0500,yes,PKR,2199.0,0.0,0.0,2199.0,,0.0,Delivery Charges,2025-06-26 15:32:25+00:00,1,Safe Mandoline Slicer - Multi Vegetable Chopper - Multi Vegetable Chopper,2199.0,4799.0,TH72,True,False,fulfilled,Customer 47,XXXXXXXXXX,XXXXXXXXXX,,,Jhang Sader,,,PK,XXXXXXXXXX,Customer 47,XXXXXXXXXX,XXXXXXXXXX,,,Jhang Sader,,,PK,XXXXXXXXXX,Confirm,,,Cash on Delivery (COD),#TH12477.2,0.0,TRENDHUB PAKISTAN,0.0,,,,6416005300444.0,Ship NOC,Low,web,0.0,GST 16%,0.0,,,,,,,,,XXXXXXXXXX,,,,,rgBtiV2dP692iD8o215tsIiND + #TH12477.2,,,rgBtiV2dP692iD8o215tsIiND + #TH12477.2
#TH10048,customer_48@example.com,paid,2026-01-25 01:11:20 +0500,fulfilled,2026-01-13 01:56:54 +0500,yes,PKR,1199.0,0.0,0.0,1199.0,,0.0,Delivery Charges,2026-01-11 19:14:04+00:00,1,Sink Sponge Holder - Faucet Rack,1199.0,2399.0,TH61,True,False,fulfilled,Customer 48,XXXXXXXXXX,XXXXXXXXXX,14 e SK framer,,Lahore,'54000,,PK,XXXXXXXXXX,Customer 48,XXXXXXXXXX,XXXXXXXXXX,14 e SK framer,,Lahore,'54000,,PK,XXXXXXXXXX,Confirm,,,Cash on Delivery (COD),#TH20346.1,0.0,TRENDHUB PAKISTAN,0.0,,,,6793196175580.0,Ship NOC,Low,web,0.0,GST 16%,0.0,,,,,,,,,XXXXXXXXXX,,,,,r3gkmrz6rMp6L5VYJfJRUTqMS + #TH20346.1,,,r3gkmrz6rMp6L5VYJfJRUTqMS + #TH20346.1
#TH10049,customer_49@example.com,paid,2025-06-29 02:01:28 +0500,fulfilled,2025-06-16 00:04:04 +0500,no,PKR,1999.0,0.0,0.0,1999.0,,0.0,Delivery Charges,2025-06-15 14:36:34+00:00,1,Portable Resistance Band Sit-Up Trainer – Full Body Workout,1999.0,3999.0,TH162,True,False,fulfilled,Customer 49,XXXXXXXXXX,XXXXXXXXXX,,,Islamabad,,,PK,XXXXXXXXXX,Customer 49,XXXXXXXXXX,XXXXXXXXXX,,,Islamabad,,,PK,XXXXXXXXXX,Order has been shipped via PostEx with Tracking 24150530009165. Confirm,"hxs_courier_name: PostEx
hxs_courier_tracking: 24150530009165
hxs_courier_url: https://postex.pk/tracking?cn=24150530009165
hxs_courier_label: https://merchant.postex.pk/get-invoice?trackingNumbers=24150530009165",,Cash on Delivery (COD),#TH12082.2,0.0,TRENDHUB PAKISTAN,0.0,,,,6401213956316.0,PostEx,Low,web,0.0,GST 16%,0.0,,,,,,,,,XXXXXXXXXX,,,,,rVwNtQ9H0pGasM9usCc0nZ6cn + #TH12082.2,,,rVwNtQ9H0pGasM9usCc0nZ6cn + #TH12082.2
#TH10050,customer_50@example.com,paid,2026-04-25 02:43:12 +0500,fulfilled,2026-04-13 02:22:38 +0500,no,PKR,699.0,250.0,0.0,949.0,,0.0,Shipping Charges,2026-04-11 03:51:48+00:00,1,Kitchen Sink Splash Guard – Extra Wide Water Protection - Pack of 1,699.0,1399.0,TH232,True,False,fulfilled,Customer 50,XXXXXXXXXX,XXXXXXXXXX,,,Bhakkar,,,PK,XXXXXXXXXX,Customer 50,XXXXXXXXXX,XXXXXXXXXX,,,Bhakkar,,,PK,XXXXXXXXXX,Confirm,,,Cash on Delivery (COD),#TH25525.1,0.0,TRENDHUB PAKISTAN,0.0,,,,6981460918492.0,Ship NOC,Low,web,0.0,GST 16%,0.0,,,,,,,,,XXXXXXXXXX,,,,,r5plhQTA2pY0XIwxcUVQ3UVgn + #TH25525.1,,,r5plhQTA2pY0XIwxcUVQ3UVgn + #TH25525.1
#TH10051,customer_51@example.com,paid,2026-01-17 12:19:03 +0500,fulfilled,2026-01-05 00:27:29 +0500,no,PKR,4299.0,0.0,0.0,4299.0,,0.0,Delivery Charges,2026-01-04 02:43:45+00:00,1,Heavy-Duty Multi-Layer Shoe Cabinet Organizer - 4 - Layer,4299.0,8399.0,TH174,True,False,fulfilled,Customer 51,XXXXXXXXXX,XXXXXXXXXX,,,Lhr,,,PK,XXXXXXXXXX,Customer 51,XXXXXXXXXX,XXXXXXXXXX,,,Lhr,,,PK,XXXXXXXXXX,Confirm,,,Cash on Delivery (COD),#TH19961.1,0.0,TRENDHUB PAKISTAN,0.0,,,,6780592029916.0,Ship NOC,Low,web,0.0,GST 16%,0.0,,,,,,,,,XXXXXXXXXX,,,,,r8QkCERHzVOdFwiixMNb2Xofo + #TH19961.1,,,r8QkCERHzVOdFwiixMNb2Xofo + #TH19961.1
#TH10052,customer_52@example.com,paid,2026-06-07 03:50:42 +0500,fulfilled,2026-06-01 01:12:40 +0500,yes,PKR,5099.0,0.0,0.0,5099.0,,0.0,Delivery Charges,2026-05-31 15:11:50+00:00,1,Heavy-Duty Multi-Layer Shoe Cabinet Organizer - 7 - Layer,5099.0,10199.0,TH168,True,False,fulfilled,Customer 52,XXXXXXXXXX,XXXXXXXXXX,,,Lahore,,,PK,XXXXXXXXXX,Customer 52,XXXXXXXXXX,XXXXXXXXXX,,,Lahore,,,PK,XXXXXXXXXX,Ct,,,Cash on Delivery (COD),#TH28348.1,0.0,TRENDHUB PAKISTAN,0.0,,,,7093304590556.0,Ship NOC,Low,web,0.0,GST 16%,0.0,,,,,,,,,XXXXXXXXXX,,,,,rrOEhLRE0B4zeAQsHaPvNlwP7 + #TH28348.1,,,rrOEhLRE0B4zeAQsHaPvNlwP7 + #TH28348.1
#TH10053,customer_53@example.com,paid,2026-04-04 02:29:03 +0500,fulfilled,2026-03-23 03:12:42 +0500,yes,PKR,699.0,250.0,0.0,949.0,,0.0,Shipping Charges,2026-03-20 16:23:10+00:00,1,Kitchen Sink Splash Guard – Extra Wide Water Protection - Pack of 1,699.0,1399.0,TH232,True,False,fulfilled,Customer 53,XXXXXXXXXX,XXXXXXXXXX,,,Rawalpindi,,,PK,XXXXXXXXXX,Customer 53,XXXXXXXXXX,XXXXXXXXXX,,,Rawalpindi,,,PK,XXXXXXXXXX,Ct,,,Cash on Delivery (COD),#TH24305.1,0.0,TRENDHUB PAKISTAN,0.0,,,,6927266087132.0,Ship NOC,Low,web,0.0,GST 16%,0.0,,,,,,,,,XXXXXXXXXX,,,,,rnPUbUm7JcwWeWZOrkE76uEfD + #TH24305.1,,,rnPUbUm7JcwWeWZOrkE76uEfD + #TH24305.1
#TH10054,customer_54@example.com,paid,2026-03-07 01:27:09 +0500,fulfilled,2026-02-25 00:36:11 +0500,no,PKR,2199.0,0.0,0.0,2199.0,,0.0,Delivery Charges,2026-02-24 10:45:21+00:00,1,Safe Mandoline Slicer - Multi Vegetable Chopper - Multi Vegetable Chopper,2199.0,4799.0,TH72,True,False,fulfilled,Customer 54,XXXXXXXXXX,XXXXXXXXXX,,,Lahore,'54000,,PK,XXXXXXXXXX,Customer 54,XXXXXXXXXX,XXXXXXXXXX,,,Lahore,'54000,,PK,XXXXXXXXXX,Order has been shipped via Tranzo with Tracking T0080301146701777. Ct,"tranzo_courier_name: Tranzo
tranzo_courier_tracking: T0080301146701777
tranzo_courier_url: https://tranzo.pk/track-order?tn=T0080301146701777",,Cash on Delivery (COD),#TH22731.1,0.0,TRENDHUB PAKISTAN,0.0,,,,6882319728860.0,Tranzo,Low,web,0.0,GST 16%,0.0,,,,,,,,,XXXXXXXXXX,,,,,r8e1R9EGEv0N3n0fjU5lWBVre + #TH22731.1,,,r8e1R9EGEv0N3n0fjU5lWBVre + #TH22731.1
#TH10055,customer_55@example.com,paid,2025-12-14 03:16:49 +0500,fulfilled,2025-12-08 00:34:36 +0500,no,PKR,1199.0,0.0,0.0,1199.0,,0.0,Delivery Charges,2025-12-06 13:38:14+00:00,1,Sink Sponge Holder - Faucet Rack,1199.0,2399.0,TH61,True,False,fulfilled,Customer 55,XXXXXXXXXX,XXXXXXXXXX,Near-new metro city sarai alamgir,,Sarai Alamgir,'0332,,PK,XXXXXXXXXX,Customer 55,XXXXXXXXXX,XXXXXXXXXX,Near-new metro city sarai alamgir,,Sarai Alamgir,'0332,,PK,XXXXXXXXXX,Confirm,,,Cash on Delivery (COD),#TH18740.1,0.0,TRENDHUB PAKISTAN,0.0,,,,6725427953884.0,Ship NOC,Low,web,0.0,GST 16%,0.0,,,,,,,,,XXXXXXXXXX,,,,,rphbNgGloECi7q5gQkXJFFYEJ + #TH18740.1,,,rphbNgGloECi7q5gQkXJFFYEJ + #TH18740.1
#TH10056,customer_56@example.com,paid,2026-05-30 23:34:31 +0500,fulfilled,2026-05-15 23:41:20 +0500,yes,PKR,5099.0,0.0,0.0,5099.0,,0.0,Delivery Charges,2026-05-15 10:17:52+00:00,1,Heavy-Duty Multi-Layer Shoe Cabinet Organizer - 7 - Layer,5099.0,10199.0,TH168,True,False,fulfilled,Customer 56,XXXXXXXXXX,XXXXXXXXXX,,,Arif wala,,,PK,XXXXXXXXXX,Customer 56,XXXXXXXXXX,XXXXXXXXXX,,,Arif wala,,,PK,XXXXXXXXXX,Can,,,Cash on Delivery (COD),#TH27229.1,0.0,TRENDHUB PAKISTAN,0.0,,,,7050121609436.0,Ship NOC,Low,web,0.0,GST 16%,0.0,,,,,,,,,XXXXXXXXXX,,,,,r16CjMZx8CGBVrPSTk9o9jUlY + #TH27229.1,,,r16CjMZx8CGBVrPSTk9o9jUlY + #TH27229.1
#TH10057,customer_57@example.com,paid,2026-02-21 21:23:01 +0500,fulfilled,2026-02-08 23:56:35 +0500,yes,PKR,2299.0,0.0,0.0,2299.0,,0.0,Delivery Charges,2026-02-06 19:57:18+00:00,1,3 in 1 Handheld Vacuum Cleaner,2299.0,4599.0,TH121,True,False,fulfilled,Customer 57,XXXXXXXXXX,XXXXXXXXXX,,,Pirmahal,'36300,,PK,XXXXXXXXXX,Customer 57,XXXXXXXXXX,XXXXXXXXXX,,,Pirmahal,'36300,,PK,XXXXXXXXXX,Ct,,,Cash on Delivery (COD),#TH21748.1,0.0,TRENDHUB PAKISTAN,0.0,,,,6839275815132.0,Ship NOC,Low,web,0.0,GST 16%,0.0,,,,,,,,,XXXXXXXXXX,,,,,ruOl7zXUX9HbbK0MUaHpf60sZ + #TH21748.1,,,ruOl7zXUX9HbbK0MUaHpf60sZ + #TH21748.1
#TH10058,customer_58@example.com,paid,2025-11-30 03:10:50 +0500,fulfilled,2025-11-22 00:07:13 +0500,yes,PKR,1999.0,0.0,0.0,1999.0,,0.0,Delivery Charges,2025-11-20 09:04:55+00:00,1,Portable Resistance Band Sit-Up Trainer – Full Body Workout,1999.0,3999.0,TH162,True,False,fulfilled,Customer 58,XXXXXXXXXX,XXXXXXXXXX,,,Lahore,,,PK,XXXXXXXXXX,Customer 58,XXXXXXXXXX,XXXXXXXXXX,,,Lahore,,,PK,XXXXXXXXXX,Confirm,,,Cash on Delivery (COD),#TH18214.1,0.0,TRENDHUB PAKISTAN,0.0,,,,6659742695644.0,Ship NOC,Low,web,0.0,GST 16%,0.0,,,,,,,,,XXXXXXXXXX,,,,,r5DlhD8No53dzbyfH60ds1prA + #TH18214.1,,,r5DlhD8No53dzbyfH60ds1prA + #TH18214.1
#TH10059,customer_59@example.com,paid,2026-01-17 12:25:05 +0500,fulfilled,2026-01-08 01:32:36 +0500,no,PKR,2199.0,0.0,0.0,2199.0,,0.0,Delivery Charges,2026-01-07 07:52:24+00:00,1,Safe Mandoline Slicer - Multi Vegetable Chopper - Multi Vegetable Chopper,2199.0,4799.0,TH72,True,False,fulfilled,Customer 59,XXXXXXXXXX,XXXXXXXXXX,Near 1122,,Sialkot,,,PK,XXXXXXXXXX,Customer 59,XXXXXXXXXX,XXXXXXXXXX,Near 1122,,Sialkot,,,PK,XXXXXXXXXX,Can,,,Cash on Delivery (COD),#TH20124.1,0.0,TRENDHUB PAKISTAN,0.0,,,,6786033189084.0,Ship NOC,Low,web,0.0,GST 16%,0.0,,,,,,,,,XXXXXXXXXX,,,,,ry1yQ02XrYKFJQUgaklJk7WES + #TH20124.1,,,ry1yQ02XrYKFJQUgaklJk7WES + #TH20124.1
#TH10060,customer_60@example.com,paid,2025-06-22 03:16:12 +0500,fulfilled,2025-06-12 00:52:04 +0500,yes,PKR,7998.0,0.0,639.84,8637.84,,0.0,Delivery Charges,2025-06-09 08:11:48+00:00,1,5-Tier Coat and Shoe Rack with Storage Shelf & 8 Hooks – Freestanding Organizer for Entryway & Bedroom,3999.0,7999.0,TH163,True,True,pending,Customer 60,XXXXXXXXXX,XXXXXXXXXX,,,Bahawalnagar,'62350,,PK,XXXXXXXXXX,Customer 60,XXXXXXXXXX,XXXXXXXXXX,,,Bahawalnagar,'62350,,PK,XXXXXXXXXX,Order has been shipped via PostEx with Tracking 20150530009106. Confirm,"hxs_courier_name: PostEx
hxs_courier_tracking: 20150530009106
hxs_courier_url: https://postex.pk/tracking?cn=20150530009106
hxs_courier_label: https://merchant.postex.pk/get-invoice?trackingNumbers=20150530009106",,Cash on Delivery (COD),#TH11796.4,0.0,TRENDHUB PAKISTAN,4638.84,,,,6392730124508.0,PostEx,Low,web,0.0,GST 16%,639.84,,,,,,,,,XXXXXXXXXX,,,,,rmcIOMqFa71ApiReRZDOxYRFQ + #TH11796.3 + #TH11796.4,,,rmcIOMqFa71ApiReRZDOxYRFQ + #TH11796.2 + #TH11796.3 + #TH11796.4
#TH10061,customer_61@example.com,paid,2026-05-01 20:21:58 +0500,fulfilled,2026-04-25 00:15:11 +0500,yes,PKR,999.0,250.0,0.0,1249.0,,0.0,Shipping Charges,2026-04-24 17:40:44+00:00,1,Kinoki Detox Foot Pads – Natural Foot Pain Relief Patches (10 Pack) - Pack of 10,999.0,1999.0,TH230,True,False,fulfilled,Customer 61,XXXXXXXXXX,XXXXXXXXXX,,,Lahore,'54420,,PK,XXXXXXXXXX,Customer 61,XXXXXXXXXX,XXXXXXXXXX,,,Lahore,'54420,,PK,XXXXXXXXXX,Can,,,Cash on Delivery (COD),#TH26223.1,0.0,TRENDHUB PAKISTAN,0.0,,,,7007806652636.0,Ship NOC,Low,web,0.0,GST 16%,0.0,,,,,,,,,XXXXXXXXXX,,,,,rbypHCxRvqxvbDCJcV3p4Rg9n + #TH26223.1,,,rbypHCxRvqxvbDCJcV3p4Rg9n + #TH26223.1
#TH10062,customer_62@example.com,paid,2026-05-16 14:30:53 +0500,fulfilled,2026-05-05 00:50:41 +0500,yes,PKR,699.0,250.0,0.0,949.0,,0.0,Shipping Charges,2026-05-04 15:40:08+00:00,1,Kitchen Sink Splash Guard – Extra Wide Water Protection - Pack of 1,699.0,1399.0,TH232,True,False,fulfilled,Customer 62,XXXXXXXXXX,XXXXXXXXXX,Nothing,Moiz Khan,Islambad,'123456,,PK,XXXXXXXXXX,Customer 62,XXXXXXXXXX,XXXXXXXXXX,Nothing,Moiz Khan,Islambad,'123456,,PK,XXXXXXXXXX,Cy,,,Cash on Delivery (COD),#TH26664.1,0.0,TRENDHUB PAKISTAN,0.0,,,,7028486275292.0,Ship NOC,Low,web,0.0,GST 16%,0.0,,,,,,,,,XXXXXXXXXX,,,,,ryYfrWFUVRNu2Vgln4y0n5gTB + #TH26664.1,,,ryYfrWFUVRNu2Vgln4y0n5gTB + #TH26664.1
#TH10063,customer_63@example.com,paid,2026-06-07 03:33:18 +0500,fulfilled,2026-05-25 00:50:44 +0500,yes,PKR,1799.0,250.0,0.0,2049.0,,0.0,Shipping Charges,2026-05-23 19:25:56+00:00,1,Kinoki Detox Foot Pads – Natural Foot Pain Relief Patches (10 Pack) - Pack of 20,1799.0,3599.0,TH231,True,False,fulfilled,Customer 63,XXXXXXXXXX,XXXXXXXXXX,,,Lahore,,,PK,XXXXXXXXXX,Customer 63,XXXXXXXXXX,XXXXXXXXXX,,,Lahore,,,PK,XXXXXXXXXX,C,,,Cash on Delivery (COD),#TH27698.1,0.0,TRENDHUB PAKISTAN,0.0,,,,7073348485340.0,Ship NOC,Low,web,0.0,GST 16%,0.0,,,,,,,,,XXXXXXXXXX,,,,,rN2SM2lWwx7feoypoOCyJXK4B + #TH27698.1,,,rN2SM2lWwx7feoypoOCyJXK4B + #TH27698.1
#TH10064,customer_64@example.com,paid,2025-08-25 23:47:14 +0500,fulfilled,2025-08-21 01:15:37 +0500,yes,PKR,2199.0,0.0,0.0,2199.0,,0.0,Delivery Charges,2025-08-20 16:22:23+00:00,1,Safe Mandoline Slicer - Multi Vegetable Chopper - Multi Vegetable Chopper,2199.0,4799.0,TH72,True,False,fulfilled,Customer 64,XXXXXXXXXX,XXXXXXXXXX,Sanobar milk shop,,Karachi,,,PK,XXXXXXXXXX,Customer 64,XXXXXXXXXX,XXXXXXXXXX,Sanobar milk shop,,Karachi,,,PK,XXXXXXXXXX,Confirm,,,Cash on Delivery (COD),#TH14952.2,0.0,TRENDHUB PAKISTAN,0.0,,,,6497511276764.0,JD Delivery,Low,web,0.0,GST 16%,0.0,,,,,,,,,XXXXXXXXXX,,,,,raYzVKcRgWp0ky75xFBnSSinj + #TH14952.2,,,raYzVKcRgWp0ky75xFBnSSinj + #TH14952.2
#TH10065,customer_65@example.com,paid,2025-09-14 01:37:21 +0500,fulfilled,2025-09-01 00:10:44 +0500,yes,PKR,4999.0,0.0,0.0,4999.0,,0.0,Delivery Charges,2025-08-31 10:29:49+00:00,1,Heavy-Duty Multi-Layer Shoe Cabinet Organizer - 6 - Layer,4999.0,9999.0,TH167,True,False,fulfilled,Customer 65,XXXXXXXXXX,XXXXXXXXXX,,,Mardan,,,PK,XXXXXXXXXX,Customer 65,XXXXXXXXXX,XXXXXXXXXX,,,Mardan,,,PK,XXXXXXXXXX,Come,,,Cash on Delivery (COD),#TH15404.2,0.0,TRENDHUB PAKISTAN,0.0,,,,6512535503068.0,Ship NOC,Low,web,0.0,GST 16%,0.0,,,,,,,,,XXXXXXXXXX,,,,,rv1D11BE9m2ZQ7htXvXztZjSz + #TH15404.2,,,rv1D11BE9m2ZQ7htXvXztZjSz + #TH15404.2
#TH10066,customer_66@example.com,paid,2026-03-08 05:19:31 +0500,fulfilled,2026-03-02 02:10:44 +0500,no,PKR,4599.0,0.0,0.0,4599.0,,0.0,Delivery Charges,2026-03-01 01:40:50+00:00,1,Metal Shoe Rack with Coat Hooks – Dustproof Entryway Shoe Cabinet & Organizer - 5 - Layer,4599.0,7999.0,TH189,True,False,fulfilled,Customer 66,XXXXXXXXXX,XXXXXXXXXX,,,Lahore,'54000,,PK,XXXXXXXXXX,Customer 66,XXXXXXXXXX,XXXXXXXXXX,,,Lahore,'54000,,PK,XXXXXXXXXX,Confirm,,,Cash on Delivery (COD),#TH22985.1,0.0,TRENDHUB PAKISTAN,0.0,,,,6890041606364.0,Ship NOC,Low,web,0.0,GST 16%,0.0,,,,,,,,,XXXXXXXXXX,,,,,rkx04IOkGpHJCjpnAlGyO4qoX + #TH22985.1,,,rkx04IOkGpHJCjpnAlGyO4qoX + #TH22985.1
#TH10067,customer_67@example.com,paid,2025-07-20 03:21:32 +0500,fulfilled,2025-07-11 03:06:47 +0500,yes,PKR,1199.0,0.0,0.0,1199.0,,0.0,Delivery Charges,2025-07-10 15:46:17+00:00,1,Sink Sponge Holder - Faucet Rack,1199.0,2399.0,TH61,True,False,fulfilled,Customer 67,XXXXXXXXXX,XXXXXXXXXX,,,Hajira (a.k.),,,PK,XXXXXXXXXX,Customer 67,XXXXXXXXXX,XXXXXXXXXX,,,Hajira (a.k.),,,PK,XXXXXXXXXX,Confirm,,,Cash on Delivery (COD),#TH13074.2,0.0,TRENDHUB PAKISTAN,0.0,,,,6436182294748.0,Ship NOC,Low,web,0.0,GST 16%,0.0,,,,,,,,,XXXXXXXXXX,,,,,r9Eq5nGRY5SrDqFN42lgkvf5h + #TH13074.2,,,r9Eq5nGRY5SrDqFN42lgkvf5h + #TH13074.2
#TH10068,customer_68@example.com,paid,2025-12-07 15:27:25 +0500,fulfilled,2025-11-22 00:06:31 +0500,no,PKR,5099.0,0.0,0.0,5099.0,,0.0,Delivery Charges,2025-11-21 05:59:43+00:00,1,Heavy-Duty Multi-Layer Shoe Cabinet Organizer - 7 - Layer,5099.0,10199.0,TH168,True,False,fulfilled,Customer 68,XXXXXXXXXX,XXXXXXXXXX,Office,Livoltek,Lahore,'54000,,PK,XXXXXXXXXX,Customer 68,XXXXXXXXXX,XXXXXXXXXX,Office,Livoltek,Lahore,'54000,,PK,XXXXXXXXXX,Confirm,,,Cash on Delivery (COD),#TH18239.1,0.0,TRENDHUB PAKISTAN,0.0,,,,6667588239580.0,Ship NOC,Low,web,0.0,GST 16%,0.0,,,,,,,,,XXXXXXXXXX,,,,,r45XacXPa050WLlwQSZINp2nc + #TH18239.1,,,r45XacXPa050WLlwQSZINp2nc + #TH18239.1
#TH10069,customer_69@example.com,paid,2026-05-30 23:34:50 +0500,fulfilled,2026-05-25 00:40:14 +0500,yes,PKR,1899.0,250.0,0.0,2149.0,,0.0,Shipping Charges,2026-05-24 10:23:59+00:00,1,Spray Mop with Microfiber Pad – Reusable Flat Floor Cleaning Mop,1899.0,3999.0,TH254,True,False,fulfilled,Customer 69,XXXXXXXXXX,XXXXXXXXXX,House,,Karachi,,,PK,XXXXXXXXXX,Customer 69,XXXXXXXXXX,XXXXXXXXXX,House,,Karachi,,,PK,XXXXXXXXXX,Can,,,Cash on Delivery (COD),#TH27756.1,0.0,TRENDHUB PAKISTAN,0.0,,,,7074271756508.0,Ship NOC,Low,web,0.0,GST 16%,0.0,,,,,,,,,XXXXXXXXXX,,,,,rzg36EV9fzNgm3cs1JDh4NtXs + #TH27756.1,,,rzg36EV9fzNgm3cs1JDh4NtXs + #TH27756.1
#TH10070,customer_70@example.com,paid,2025-09-07 01:35:46 +0500,fulfilled,2025-08-25 00:26:41 +0500,yes,PKR,2199.0,0.0,0.0,2199.0,,0.0,Delivery Charges,2025-08-24 12:01:48+00:00,1,Safe Mandoline Slicer - Multi Vegetable Chopper - Multi Vegetable Chopper,2199.0,4799.0,TH72,True,False,fulfilled,Customer 70,XXXXXXXXXX,XXXXXXXXXX,,Hamza Javaid,Lahore,'54000,,PK,XXXXXXXXXX,Customer 70,XXXXXXXXXX,XXXXXXXXXX,,Hamza Javaid,Lahore,'54000,,PK,XXXXXXXXXX,Confirm,,,Cash on Delivery (COD),#TH15117.2,0.0,TRENDHUB PAKISTAN,0.0,,,,6502567641308.0,Ship NOC,Low,web,0.0,GST 16%,0.0,,,,,,,,,XXXXXXXXXX,,,,,rtdDD1ObuWFuB0vyANewJK1mP + #TH15117.2,,,rtdDD1ObuWFuB0vyANewJK1mP + #TH15117.2
#TH10071,customer_71@example.com,paid,2026-04-25 02:43:31 +0500,fulfilled,2026-04-16 00:56:36 +0500,yes,PKR,4998.0,0.0,0.0,4998.0,,0.0,Delivery Charges,2026-04-15 12:10:32+00:00,1,Stainless Steel Cutting Board - 16x13 Inches,2499.0,4999.0,TH124,True,False,fulfilled,Customer 71,XXXXXXXXXX,XXXXXXXXXX,,,Kasur,'55050,,PK,XXXXXXXXXX,Customer 71,XXXXXXXXXX,XXXXXXXXXX,,,Kasur,'55050,,PK,XXXXXXXXXX,Can,__eaSC-45699975020764: cu,,Cash on Delivery (COD),#TH25777.1,0.0,TRENDHUB PAKISTAN,0.0,,,,6988741279964.0,Ship NOC,Low,web,0.0,GST 16%,0.0,,,,,,,,,XXXXXXXXXX,,,,,rkvpFCKBaLd5riIagQ0jjQOYH + #TH25777.1,,,rkvpFCKBaLd5riIagQ0jjQOYH + #TH25777.1
#TH10072,customer_72@example.com,paid,2026-01-10 19:52:48 +0500,fulfilled,2026-01-01 01:15:05 +0500,yes,PKR,5199.0,0.0,0.0,5199.0,,0.0,Delivery Charges,2025-12-30 03:56:24+00:00,1,Automatic Peeler Machine,5199.0,10999.0,TH217,True,False,fulfilled,Customer 72,XXXXXXXXXX,XXXXXXXXXX,,,Attock Hazro wasia,'43510,,PK,XXXXXXXXXX,Customer 72,XXXXXXXXXX,XXXXXXXXXX,,,Attock Hazro wasia,'43510,,PK,XXXXXXXXXX,confirmed,,,Cash on Delivery (COD),#TH19715.1,0.0,TRENDHUB PAKISTAN,0.0,,,,6771852607708.0,Ship NOC,Low,web,0.0,GST 16%,0.0,,,,,,,,,XXXXXXXXXX,,,,,rrpw62KBxjNfJ0NwcJozGBRSP + #TH19715.1,,,rrpw62KBxjNfJ0NwcJozGBRSP + #TH19715.1
#TH10073,customer_73@example.com,paid,2025-07-20 03:06:04 +0500,fulfilled,2025-07-02 00:14:30 +0500,no,PKR,2199.0,0.0,0.0,2199.0,,0.0,Delivery Charges,2025-07-01 04:39:29+00:00,1,Safe Mandoline Slicer - Multi Vegetable Chopper - Multi Vegetable Chopper,2199.0,4799.0,TH72,True,False,fulfilled,Customer 73,XXXXXXXXXX,XXXXXXXXXX,,,Danda Shah Bilawal,'48230,,PK,XXXXXXXXXX,Customer 73,XXXXXXXXXX,XXXXXXXXXX,,,Danda Shah Bilawal,'48230,,PK,XXXXXXXXXX,Confirm,,,Cash on Delivery (COD),#TH12661.2,0.0,TRENDHUB PAKISTAN,0.0,,,,6422450340060.0,Ship NOC,Low,web,0.0,GST 16%,0.0,,,,,,,,,XXXXXXXXXX,,,,,rbVSbfMxw3RSewJvBXJLgJV42 + #TH12661.2,,,rbVSbfMxw3RSewJvBXJLgJV42 + #TH12661.2
#TH10074,customer_74@example.com,paid,2025-10-19 17:54:33 +0500,fulfilled,2025-10-09 02:42:45 +0500,yes,PKR,1199.0,0.0,0.0,1199.0,,0.0,Delivery Charges,2025-10-07 04:56:48+00:00,1,Sink Sponge Holder - Faucet Rack,1199.0,2399.0,TH61,True,False,fulfilled,Customer 74,XXXXXXXXXX,XXXXXXXXXX,,,Islamabad,,,PK,XXXXXXXXXX,Customer 74,XXXXXXXXXX,XXXXXXXXXX,,,Islamabad,,,PK,XXXXXXXXXX,Confirm,,,Cash on Delivery (COD),#TH16821.1,0.0,TRENDHUB PAKISTAN,0.0,,,,6570509730012.0,Ship NOC,Low,web,0.0,GST 16%,0.0,,,,,,,,,XXXXXXXXXX,,,,,r35mXitCQeTYFKcuUX24Q6VR6 + #TH16821.1,,,r35mXitCQeTYFKcuUX24Q6VR6 + #TH16821.1
#TH10075,customer_75@example.com,paid,2026-02-21 21:06:58 +0500,fulfilled,2026-02-10 23:25:40 +0500,yes,PKR,2199.0,0.0,0.0,2199.0,,0.0,Delivery Charges,2026-02-10 10:14:23+00:00,1,Safe Mandoline Slicer - Multi Vegetable Chopper - Multi Vegetable Chopper,2199.0,4799.0,TH72,True,False,fulfilled,Customer 75,XXXXXXXXXX,XXXXXXXXXX,,,Rawalpindi,,,PK,XXXXXXXXXX,Customer 75,XXXXXXXXXX,XXXXXXXXXX,,,Rawalpindi,,,PK,XXXXXXXXXX,Order has been shipped via Tranzo with Tracking T0080399188006338. Ct,"tranzo_courier_name: Tranzo
tranzo_courier_tracking: T0080399188006338
tranzo_courier_url: https://tranzo.pk/track-order?tn=T0080399188006338",,Cash on Delivery (COD),#TH21946.1,0.0,TRENDHUB PAKISTAN,0.0,,,,6844602974428.0,Tranzo,Low,web,0.0,GST 16%,0.0,,,,,,,,,XXXXXXXXXX,,,,,riDXR8duTsthN6utjbN1GqK76 + #TH21946.1,,,riDXR8duTsthN6utjbN1GqK76 + #TH21946.1
#TH10076,customer_76@example.com,paid,2025-06-29 01:44:25 +0500,fulfilled,2025-06-20 00:03:43 +0500,yes,PKR,3999.0,0.0,0.0,3999.0,,0.0,Delivery Charges,2025-06-18 17:51:54+00:00,1,5-Tier Coat and Shoe Rack with Storage Shelf & 8 Hooks – Freestanding Organizer for Entryway & Bedroom,3999.0,7999.0,TH163,True,False,fulfilled,Customer 76,XXXXXXXXXX,XXXXXXXXXX,Moq,,Okara,'00000,,PK,XXXXXXXXXX,Customer 76,XXXXXXXXXX,XXXXXXXXXX,Moq,,Okara,'00000,,PK,XXXXXXXXXX,Order has been shipped via PostEx with Tracking 22150530009338. Confirm,"hxs_courier_name: PostEx
hxs_courier_tracking: 22150530009338
hxs_courier_url: https://postex.pk/tracking?cn=22150530009338
hxs_courier_label: https://merchant.postex.pk/get-invoice?trackingNumbers=22150530009338",,Cash on Delivery (COD),#TH12193.2,0.0,TRENDHUB PAKISTAN,0.0,,,,6405804785884.0,PostEx,Low,web,0.0,GST 16%,0.0,,,,,,,,,XXXXXXXXXX,,,,,rV9jWMWvrO3GeLjuVV4PTUKxr + #TH12193.2,,,rV9jWMWvrO3GeLjuVV4PTUKxr + #TH12193.2
#TH10077,customer_77@example.com,paid,2026-06-07 03:50:40 +0500,fulfilled,2026-06-01 01:19:36 +0500,no,PKR,699.0,250.0,0.0,949.0,,0.0,Shipping Charges,2026-05-30 21:01:56+00:00,1,Kitchen Sink Splash Guard – Extra Wide Water Protection - Pack of 1,699.0,1399.0,TH232,True,False,fulfilled,Customer 77,XXXXXXXXXX,XXXXXXXXXX,1059,,Faisalabad,,,PK,XXXXXXXXXX,Customer 77,XXXXXXXXXX,XXXXXXXXXX,1059,,Faisalabad,,,PK,XXXXXXXXXX,Ct,,,Cash on Delivery (COD),#TH28274.1,0.0,TRENDHUB PAKISTAN,0.0,,,,7092067139804.0,Ship NOC,Low,web,0.0,GST 16%,0.0,,,,,,,,,XXXXXXXXXX,,,,,rniVjShnsqS9Zx7CBbOL1pKFR + #TH28274.1,,,rniVjShnsqS9Zx7CBbOL1pKFR + #TH28274.1
#TH10078,customer_78@example.com,paid,2025-11-02 13:22:38 +0500,fulfilled,2025-10-22 02:15:33 +0500,yes,PKR,1199.0,0.0,0.0,1199.0,,0.0,Delivery Charges,2025-10-21 14:49:07+00:00,1,Sink Sponge Holder - Faucet Rack,1199.0,2399.0,TH61,True,False,fulfilled,Customer 78,XXXXXXXXXX,XXXXXXXXXX,( near petra marque ),,Lahore,'54870,,PK,XXXXXXXXXX,Customer 78,XXXXXXXXXX,XXXXXXXXXX,( near petra marque ),,Lahore,'54870,,PK,XXXXXXXXXX,Come,,,Cash on Delivery (COD),#TH17273.1,0.0,TRENDHUB PAKISTAN,0.0,,,,6600325300444.0,Ship NOC,Low,web,0.0,GST 16%,0.0,,,,,,,,,XXXXXXXXXX,,,,,rUX19c2b2qPK7EO1W87tU1z1h + #TH17273.1,,,rUX19c2b2qPK7EO1W87tU1z1h + #TH17273.1
#TH10079,customer_79@example.com,paid,2026-01-25 01:24:04 +0500,fulfilled,2026-01-16 00:11:04 +0500,no,PKR,2199.0,0.0,0.0,2199.0,,0.0,Delivery Charges,2026-01-15 10:22:41+00:00,1,Safe Mandoline Slicer - Multi Vegetable Chopper - Multi Vegetable Chopper,2199.0,4799.0,TH72,True,False,fulfilled,Customer 79,XXXXXXXXXX,XXXXXXXXXX,,,Muzaffarabad,,,PK,XXXXXXXXXX,Customer 79,XXXXXXXXXX,XXXXXXXXXX,,,Muzaffarabad,,,PK,XXXXXXXXXX,Can,,,Cash on Delivery (COD),#TH20550.1,0.0,TRENDHUB PAKISTAN,0.0,,,,6801908924636.0,Ship NOC,Low,web,0.0,GST 16%,0.0,,,,,,,,,XXXXXXXXXX,,,,,r7Ko4ldltFEVFMlYUkzKJWoCh + #TH20550.1,,,r7Ko4ldltFEVFMlYUkzKJWoCh + #TH20550.1
#TH10080,customer_80@example.com,paid,2026-02-05 01:41:55 +0500,fulfilled,2026-01-28 01:08:05 +0500,no,PKR,1199.0,0.0,0.0,1199.0,,0.0,Delivery Charges,2026-01-27 08:11:09+00:00,1,Sink Sponge Holder - Faucet Rack,1199.0,2399.0,TH61,True,False,fulfilled,Customer 80,XXXXXXXXXX,XXXXXXXXXX,Street light no road no 1 Nishat colon,,Lahore Cantt,,,PK,XXXXXXXXXX,Customer 80,XXXXXXXXXX,XXXXXXXXXX,Street light no road no 1 Nishat colon,,Lahore Cantt,,,PK,XXXXXXXXXX,Can,,,Cash on Delivery (COD),#TH21125.1,0.0,TRENDHUB PAKISTAN,0.0,,,,6822219743452.0,Ship NOC,Low,web,0.0,GST 16%,0.0,,,,,,,,,XXXXXXXXXX,,,,,rUdLdKzEPp4pNdhXCooLHGadx + #TH21125.1,,,rUdLdKzEPp4pNdhXCooLHGadx + #TH21125.1
#TH10081,customer_81@example.com,paid,2025-09-07 01:39:01 +0500,fulfilled,2025-08-22 00:50:37 +0500,yes,PKR,4499.0,0.0,0.0,4499.0,,0.0,Delivery Charges,2025-08-20 15:07:39+00:00,1,Heavy-Duty Multi-Layer Shoe Cabinet Organizer - 5 - Layer,4499.0,8999.0,TH166,True,False,fulfilled,Customer 81,XXXXXXXXXX,XXXXXXXXXX,,,Gujranwala,'52370,,PK,XXXXXXXXXX,Customer 81,XXXXXXXXXX,XXXXXXXXXX,,,Gujranwala,'52370,,PK,XXXXXXXXXX,Confirm,,,Cash on Delivery (COD),#TH14945.2,0.0,TRENDHUB PAKISTAN,0.0,,,,6497414807772.0,Ship NOC,Low,web,0.0,GST 16%,0.0,,,,,,,,,XXXXXXXXXX,,,,,rBzkv0Npnk9MDIMDda2MEIkpw + #TH14945.2,,,rBzkv0Npnk9MDIMDda2MEIkpw + #TH14945.2
#TH10082,customer_82@example.com,paid,2026-01-17 12:20:15 +0500,fulfilled,2026-01-06 00:08:03 +0500,yes,PKR,5099.0,0.0,0.0,5099.0,,0.0,Delivery Charges,2026-01-04 20:20:58+00:00,1,Heavy-Duty Multi-Layer Shoe Cabinet Organizer - 7 - Layer,5099.0,10199.0,TH168,True,False,fulfilled,Customer 82,XXXXXXXXXX,XXXXXXXXXX,,,Arifwala,'54000,,PK,XXXXXXXXXX,Customer 82,XXXXXXXXXX,XXXXXXXXXX,,,Arifwala,'54000,,PK,XXXXXXXXXX,Confirm,,,Cash on Delivery (COD),#TH20004.1,0.0,TRENDHUB PAKISTAN,0.0,,,,6781853270236.0,Ship NOC,Low,web,0.0,GST 16%,0.0,,,,,,,,,XXXXXXXXXX,,,,,r4liwnUbLSTH9fXefd0Sp63It + #TH20004.1,,,r4liwnUbLSTH9fXefd0Sp63It + #TH20004.1
#TH10083,customer_83@example.com,paid,2026-02-12 20:20:18 +0500,fulfilled,2026-02-03 23:47:48 +0500,yes,PKR,1199.0,0.0,0.0,1199.0,,0.0,Delivery Charges,2026-02-01 20:08:42+00:00,1,Sink Sponge Holder - Faucet Rack,1199.0,2399.0,TH61,True,False,fulfilled,Customer 83,XXXXXXXXXX,XXXXXXXXXX,3rd appartment 2nd floor,,Karachi,'786,,PK,XXXXXXXXXX,Customer 83,XXXXXXXXXX,XXXXXXXXXX,3rd appartment 2nd floor,,Karachi,'786,,PK,XXXXXXXXXX,Order has been shipped via Tranzo with Tracking T0080377795244556. Can,"tranzo_courier_name: Tranzo
tranzo_courier_tracking: T0080377795244556
tranzo_courier_url: https://tranzo.pk/track-order?tn=T0080377795244556",,Cash on Delivery (COD),#TH21445.1,0.0,TRENDHUB PAKISTAN,0.0,,,,6831516090588.0,Tranzo,Low,web,0.0,GST 16%,0.0,,,,,,,,,XXXXXXXXXX,,,,,rlXmEhoAqW5u7uHn409eKZh36 + #TH21445.1,,,rlXmEhoAqW5u7uHn409eKZh36 + #TH21445.1
#TH10084,customer_84@example.com,paid,2025-08-10 01:03:15 +0500,fulfilled,2025-07-27 22:14:47 +0500,yes,PKR,2299.0,0.0,0.0,2299.0,,0.0,Delivery Charges,2025-07-27 10:35:23+00:00,1,3 in 1 Handheld Vacuum Cleaner,2299.0,4599.0,TH121,True,False,fulfilled,Customer 84,XXXXXXXXXX,XXXXXXXXXX,Near -,,Hyderabad,,,PK,XXXXXXXXXX,Customer 84,XXXXXXXXXX,XXXXXXXXXX,Near -,,Hyderabad,,,PK,XXXXXXXXXX,Congrats,,,Cash on Delivery (COD),#TH13866.2,0.0,TRENDHUB PAKISTAN,0.0,,,,6459031322844.0,Ship NOC,Low,web,0.0,GST 16%,0.0,,,,,,,,,XXXXXXXXXX,,,,,rXv7Q2z2RNQojvgpzTrfEtLvW + #TH13866.2,,,rXv7Q2z2RNQojvgpzTrfEtLvW + #TH13866.2
#TH10085,customer_85@example.com,paid,2026-06-07 03:40:35 +0500,fulfilled,2026-05-22 01:45:14 +0500,yes,PKR,2299.0,0.0,0.0,2299.0,,0.0,Delivery Charges,2026-05-21 06:44:14+00:00,1,3 in 1 Handheld Vacuum Cleaner,2299.0,4599.0,TH121,True,False,fulfilled,Customer 85,XXXXXXXXXX,XXXXXXXXXX,House,,Bahawlnagr,,,PK,XXXXXXXXXX,Customer 85,XXXXXXXXXX,XXXXXXXXXX,House,,Bahawlnagr,,,PK,XXXXXXXXXX,Ct,,,Cash on Delivery (COD),#TH27524.1,0.0,TRENDHUB PAKISTAN,0.0,,,,7063380787420.0,Ship NOC,Low,web,0.0,GST 16%,0.0,,,,,,,,,XXXXXXXXXX,,,,,r3SusnXYZ9LNQxI3O0KaLa745 + #TH27524.1,,,r3SusnXYZ9LNQxI3O0KaLa745 + #TH27524.1
#TH10086,customer_86@example.com,paid,2025-12-14 03:06:36 +0500,fulfilled,2025-12-06 00:45:43 +0500,yes,PKR,5099.0,0.0,0.0,5099.0,,0.0,Free Delivery,2025-12-05 16:13:45+00:00,1,Heavy-Duty Multi-Layer Shoe Cabinet Organizer - 7 - Layer,5099.0,10199.0,TH168,True,False,fulfilled,Customer 86,XXXXXXXXXX,XXXXXXXXXX,,,Sahiwal,,,PK,XXXXXXXXXX,Customer 86,XXXXXXXXXX,XXXXXXXXXX,,,Sahiwal,,,PK,XXXXXXXXXX,Confirm,,,Cash on Delivery (COD),#TH18719.1,0.0,TRENDHUB PAKISTAN,0.0,,,,6723744530652.0,Ship NOC,Low,web,0.0,GST 16%,0.0,,,,,,,,,XXXXXXXXXX,,,,,r8646SMjkO1DEjBrIyvuQR4Rd + #TH18719.1,,,r8646SMjkO1DEjBrIyvuQR4Rd + #TH18719.1
#TH10087,customer_87@example.com,paid,2026-06-07 03:40:44 +0500,fulfilled,2026-05-25 00:43:23 +0500,yes,PKR,4099.0,0.0,0.0,4099.0,,0.0,Delivery Charges,2026-05-24 07:39:17+00:00,1,Automatic Peeler Machine,4099.0,9999.0,TH217,True,False,fulfilled,Customer 87,XXXXXXXXXX,XXXXXXXXXX,,,Lahore,,,PK,XXXXXXXXXX,Customer 87,XXXXXXXXXX,XXXXXXXXXX,,,Lahore,,,PK,XXXXXXXXXX,Ct,,,Cash on Delivery (COD),#TH27741.1,0.0,TRENDHUB PAKISTAN,0.0,,,,7074116370652.0,Ship NOC,Low,web,0.0,GST 16%,0.0,,,,,,,,,XXXXXXXXXX,,,,,rLVu3KlHWcsY8efP5ICGUjtX2 + #TH27741.1,,,rLVu3KlHWcsY8efP5ICGUjtX2 + #TH27741.1
#TH10088,customer_88@example.com,paid,2025-08-23 17:07:30 +0500,fulfilled,2025-08-15 00:14:05 +0500,yes,PKR,2499.0,0.0,0.0,2499.0,,0.0,Delivery Charges,2025-08-14 07:18:52+00:00,1,Safe Mandoline Slicer - Multi Vegetable Chopper - 16 in 1 Vegetable Cutter,2499.0,4399.0,TH77,True,False,fulfilled,Customer 88,XXXXXXXXXX,XXXXXXXXXX,Karachi,,Karachi,'75500,,PK,XXXXXXXXXX,Customer 88,XXXXXXXXXX,XXXXXXXXXX,Karachi,,Karachi,'75500,,PK,XXXXXXXXXX,C,,,Cash on Delivery (COD),#TH14655.2,0.0,TRENDHUB PAKISTAN,0.0,,,,6485863235804.0,JD Delivery,Low,web,0.0,GST 16%,0.0,,,,,,,,,XXXXXXXXXX,,,,,r0HofpNkvLZ0T9Swg6eCGsTsa + #TH14655.2,,,r0HofpNkvLZ0T9Swg6eCGsTsa + #TH14655.2
#TH10089,customer_89@example.com,paid,2026-01-31 21:49:27 +0500,fulfilled,2026-01-15 00:18:51 +0500,no,PKR,2499.0,0.0,0.0,2499.0,,0.0,Delivery Charges,2026-01-14 18:43:08+00:00,1,The Ordinary - Niacinamide 10% + Zinc 1% - 30mL,2499.0,4999.0,TH55,True,False,fulfilled,Customer 89,XXXXXXXXXX,XXXXXXXXXX,,,Lahore,,,PK,XXXXXXXXXX,Customer 89,XXXXXXXXXX,XXXXXXXXXX,,,Lahore,,,PK,XXXXXXXXXX,Can,,,Cash on Delivery (COD),#TH20516.1,0.0,The Ordinary,0.0,,,,6800864870620.0,Ship NOC,Low,web,0.0,GST 16%,0.0,,,,,,,,,XXXXXXXXXX,,,,,rmsO1vuztnto4le7WWON5QRtL + #TH20516.1,,,rmsO1vuztnto4le7WWON5QRtL + #TH20516.1
#TH10090,customer_90@example.com,paid,2026-01-04 00:44:56 +0500,fulfilled,2025-12-22 00:53:13 +0500,yes,PKR,3499.0,0.0,0.0,3499.0,,0.0,Delivery Charges,2025-12-20 09:39:15+00:00,1,Kitchen Countertop Storage Rack | Heavy-Duty Adjustable Microwave Organizer Stand,3499.0,5999.0,TH214,True,False,fulfilled,Customer 90,XXXXXXXXXX,XXXXXXXXXX,,,Rawalpindi,'46000,,PK,XXXXXXXXXX,Customer 90,XXXXXXXXXX,XXXXXXXXXX,,,Rawalpindi,'46000,,PK,XXXXXXXXXX,confirmed,,,Cash on Delivery (COD),#TH19275.1,0.0,TRENDHUB PAKISTAN,0.0,,,,6753691173084.0,Ship NOC,Low,web,0.0,GST 16%,0.0,,,,,,,,,XXXXXXXXXX,,,,,rxiGl9TvqYuy3XHqXms3AGQqf + #TH19275.1,,,rxiGl9TvqYuy3XHqXms3AGQqf + #TH19275.1
#TH10091,customer_91@example.com,paid,2026-03-12 15:17:51 +0500,fulfilled,2026-03-04 02:55:55 +0500,yes,PKR,2199.0,0.0,0.0,2199.0,,0.0,Delivery Charges,2026-03-03 12:14:55+00:00,1,Safe Mandoline Slicer - Multi Vegetable Chopper - Multi Vegetable Chopper,2199.0,4799.0,TH72,True,False,fulfilled,Customer 91,XXXXXXXXXX,XXXXXXXXXX,,,Lahore,'54000,,PK,XXXXXXXXXX,Customer 91,XXXXXXXXXX,XXXXXXXXXX,,,Lahore,'54000,,PK,XXXXXXXXXX,C,,,Cash on Delivery (COD),#TH23182.1,0.0,TRENDHUB PAKISTAN,0.0,,,,6896070754524.0,Ship NOC,Low,web,0.0,GST 16%,0.0,,,,,,,,,XXXXXXXXXX,,,,,rB0kzE1bJdzHQS6STAxf5sq3Y + #TH23182.1,,,rB0kzE1bJdzHQS6STAxf5sq3Y + #TH23182.1
#TH10092,customer_92@example.com,paid,2026-04-04 02:29:07 +0500,fulfilled,2026-03-24 01:18:32 +0500,no,PKR,1398.0,250.0,0.0,1648.0,,0.0,Shipping Charges,2026-03-22 10:35:19+00:00,2,Kitchen Sink Splash Guard – Extra Wide Water Protection - Pack of 1,699.0,1399.0,TH232,True,False,fulfilled,Customer 92,XXXXXXXXXX,XXXXXXXXXX,,,Islamabad,,,PK,XXXXXXXXXX,Customer 92,XXXXXXXXXX,XXXXXXXXXX,,,Islamabad,,,PK,XXXXXXXXXX,Confirm,,,Cash on Delivery (COD),#TH24398.1,0.0,TRENDHUB PAKISTAN,0.0,,,,6930316394716.0,Ship NOC,Low,web,0.0,GST 16%,0.0,,,,,,,,,XXXXXXXXXX,,,,,r83sAXGYhPtAvaU5QHcdv18w5 + #TH24398.1,,,r83sAXGYhPtAvaU5QHcdv18w5 + #TH24398.1
#TH10093,customer_93@example.com,paid,2025-12-28 22:37:30 +0500,fulfilled,2025-12-15 23:56:01 +0500,yes,PKR,1199.0,0.0,0.0,1199.0,,0.0,Delivery Charges,2025-12-15 08:56:34+00:00,1,Sink Sponge Holder - Faucet Rack,1199.0,2399.0,TH61,True,False,fulfilled,Customer 93,XXXXXXXXXX,XXXXXXXXXX,Police Road civil secretariat,,Peshawar,'25000,,PK,XXXXXXXXXX,Customer 93,XXXXXXXXXX,XXXXXXXXXX,Police Road civil secretariat,,Peshawar,'25000,,PK,XXXXXXXXXX,Confirm,,,Cash on Delivery (COD),#TH19087.1,0.0,TRENDHUB PAKISTAN,0.0,,,,6743551115484.0,Ship NOC,Low,web,0.0,GST 16%,0.0,,,,,,,,,XXXXXXXXXX,,,,,rT4djVbwXp6gUcZEQU2VUtvvd + #TH19087.1,,,rT4djVbwXp6gUcZEQU2VUtvvd + #TH19087.1
#TH10094,customer_94@example.com,paid,2026-05-16 14:31:02 +0500,fulfilled,2026-05-06 23:37:08 +0500,no,PKR,699.0,250.0,0.0,949.0,,0.0,Shipping Charges,2026-05-06 09:55:55+00:00,1,Kitchen Sink Splash Guard – Extra Wide Water Protection - Pack of 1,699.0,1399.0,TH232,True,False,fulfilled,Customer 94,XXXXXXXXXX,XXXXXXXXXX,,Arslan Minhas,Islamabad,,,PK,XXXXXXXXXX,Customer 94,XXXXXXXXXX,XXXXXXXXXX,,Arslan Minhas,Islamabad,,,PK,XXXXXXXXXX,Cy,,,Cash on Delivery (COD),#TH26750.1,0.0,TRENDHUB PAKISTAN,0.0,,,,7031829594332.0,Ship NOC,Low,web,0.0,GST 16%,0.0,,,,,,,,,XXXXXXXXXX,,,,,rgwWIVwxXneZhaZKbT5f9BEIJ + #TH26750.1,,,rgwWIVwxXneZhaZKbT5f9BEIJ + #TH26750.1
#TH10095,customer_95@example.com,paid,2025-11-02 13:39:51 +0500,fulfilled,2025-10-27 01:31:01 +0500,no,PKR,1999.0,0.0,0.0,1999.0,,0.0,Delivery Charges,2025-10-25 08:41:36+00:00,1,Portable Resistance Band Sit-Up Trainer – Full Body Workout,1999.0,3999.0,TH162,True,False,fulfilled,Customer 95,XXXXXXXXXX,XXXXXXXXXX,,Maida Mudassar,Faisalabad,'38000,,PK,XXXXXXXXXX,Customer 95,XXXXXXXXXX,XXXXXXXXXX,,Maida Mudassar,Faisalabad,'38000,,PK,XXXXXXXXXX,Confirm,,,Cash on Delivery (COD),#TH17392.1,0.0,TRENDHUB PAKISTAN,0.0,,,,6615714103516.0,Ship NOC,Low,web,0.0,GST 16%,0.0,,,,,,,,,XXXXXXXXXX,,,,,riu8ymIcjM2x06WJJiZlF2Ax9 + #TH17392.1,,,riu8ymIcjM2x06WJJiZlF2Ax9 + #TH17392.1
#TH10096,customer_96@example.com,paid,2026-05-10 02:59:11 +0500,fulfilled,2026-05-05 00:51:50 +0500,yes,PKR,899.0,250.0,0.0,1149.0,,0.0,Shipping Charges,2026-05-04 10:36:49+00:00,1,Silicone Sink Faucet Splash Guard Mat – Quick Drain & Drying Organizer - Pack of 1,899.0,1999.0,TH238,True,False,fulfilled,Customer 96,XXXXXXXXXX,XXXXXXXXXX,,,Karachi,,,PK,XXXXXXXXXX,Customer 96,XXXXXXXXXX,XXXXXXXXXX,,,Karachi,,,PK,XXXXXXXXXX,Can,,,Cash on Delivery (COD),#TH26653.1,0.0,TRENDHUB PAKISTAN,0.0,,,,7028006158556.0,Ship NOC,Low,web,0.0,GST 16%,0.0,,,,,,,,,XXXXXXXXXX,,,,,rlot80uFYaze6AzcvHgBnyYi3 + #TH26653.1,,,rlot80uFYaze6AzcvHgBnyYi3 + #TH26653.1
#TH10097,customer_97@example.com,paid,2025-12-28 22:26:34 +0500,fulfilled,2025-12-18 00:43:11 +0500,yes,PKR,1999.0,0.0,0.0,1999.0,,0.0,Delivery Charges,2025-12-17 14:03:14+00:00,1,Electric Foot Callus Remover,1999.0,3999.0,TH211,True,False,fulfilled,Customer 97,XXXXXXXXXX,XXXXXXXXXX,,,Karachi,'752920,,PK,XXXXXXXXXX,Customer 97,XXXXXXXXXX,XXXXXXXXXX,,,Karachi,'752920,,PK,XXXXXXXXXX,Confirm,,,Cash on Delivery (COD),#TH19176.1,0.0,Trendhub Pakistan,0.0,,,,6748141191388.0,Ship NOC,Low,web,0.0,GST 16%,0.0,,,,,,,,,XXXXXXXXXX,,,,,rSU8JxNeOFaos50Qt9DSbpNXC + #TH19176.1,,,rSU8JxNeOFaos50Qt9DSbpNXC + #TH19176.1
#TH10098,customer_98@example.com,paid,2025-08-31 22:45:09 +0500,fulfilled,2025-08-19 01:51:38 +0500,yes,PKR,1199.0,0.0,0.0,1199.0,,0.0,Delivery Charges,2025-08-17 18:57:28+00:00,1,Sink Sponge Holder - Faucet Rack,1199.0,2399.0,TH61,True,False,fulfilled,Customer 98,XXXXXXXXXX,XXXXXXXXXX,,House,Lahore,'54000,,PK,XXXXXXXXXX,Customer 98,XXXXXXXXXX,XXXXXXXXXX,,House,Lahore,'54000,,PK,XXXXXXXXXX,Confirm,,,Cash on Delivery (COD),#TH14820.2,0.0,TRENDHUB PAKISTAN,0.0,,,,6493042213084.0,Ship NOC,Low,web,0.0,GST 16%,0.0,,,,,,,,,XXXXXXXXXX,,,,,roM2kn0eT14DQxWY9knbx0wnb + #TH14820.2,,,roM2kn0eT14DQxWY9knbx0wnb + #TH14820.2
#TH10099,customer_99@example.com,paid,2026-03-01 02:27:43 +0500,fulfilled,2026-02-13 01:32:41 +0500,yes,PKR,4599.0,0.0,0.0,4599.0,,0.0,Delivery Charges,2026-02-12 04:21:08+00:00,1,Metal Shoe Rack with Coat Hooks – Dustproof Entryway Shoe Cabinet & Organizer - 5 - Layer,4599.0,7999.0,TH189,True,False,fulfilled,Customer 99,XXXXXXXXXX,XXXXXXXXXX,,,Lahore,'54000,,PK,XXXXXXXXXX,Customer 99,XXXXXXXXXX,XXXXXXXXXX,,,Lahore,'54000,,PK,XXXXXXXXXX,Order has been shipped via Tranzo with Tracking T0080329023775961. Can,"tranzo_courier_name: Tranzo
tranzo_courier_tracking: T0080329023775961
tranzo_courier_url: https://tranzo.pk/track-order?tn=T0080329023775961",,Cash on Delivery (COD),#TH22040.1,0.0,TRENDHUB PAKISTAN,0.0,,,,6850442559708.0,Tranzo,Low,web,0.0,GST 16%,0.0,,,,,,,,,XXXXXXXXXX,,,,,rB4zP0p40EUtABqoyTct7L7PP + #TH22040.1,,,rB4zP0p40EUtABqoyTct7L7PP + #TH22040.1
#TH10100,customer_100@example.com,paid,2025-12-07 15:39:26 +0500,fulfilled,2025-11-24 00:18:33 +0500,no,PKR,5099.0,0.0,0.0,5099.0,,0.0,Delivery Charges,2025-11-21 16:38:43+00:00,1,Heavy-Duty Multi-Layer Shoe Cabinet Organizer - 7 - Layer,5099.0,10199.0,TH168,True,False,fulfilled,Customer 100,XXXXXXXXXX,XXXXXXXXXX,,,Haroon abad District bahawalnagar,,,PK,XXXXXXXXXX,Customer 100,XXXXXXXXXX,XXXXXXXXXX,,,Haroon abad District bahawalnagar,,,PK,XXXXXXXXXX,Confirm,,,Cash on Delivery (COD),#TH18265.1,0.0,TRENDHUB PAKISTAN,0.0,,,,6668399771868.0,Ship NOC,Low,web,0.0,GST 16%,0.0,,,,,,,,,XXXXXXXXXX,,,,,rxnZ3gy2qF7bpXj0sBRGMlFt2 + #TH18265.1,,,rxnZ3gy2qF7bpXj0sBRGMlFt2 + #TH18265.1
#TH10101,customer_101@example.com,paid,2025-09-21 00:44:42 +0500,fulfilled,2025-09-04 00:52:54 +0500,no,PKR,2299.0,0.0,0.0,2299.0,,0.0,Delivery Charges,2025-09-03 06:39:58+00:00,1,3 in 1 Handheld Vacuum Cleaner,2299.0,4599.0,TH121,True,False,fulfilled,Customer 101,XXXXXXXXXX,XXXXXXXXXX,District Gujarat,,Gujrat,GUJARAT,,PK,XXXXXXXXXX,Customer 101,XXXXXXXXXX,XXXXXXXXXX,District Gujarat,,Gujrat,GUJARAT,,PK,XXXXXXXXXX,Confirm,,,Cash on Delivery (COD),#TH15534.2,0.0,TRENDHUB PAKISTAN,0.0,,,,6517645541596.0,Ship NOC,Low,web,0.0,GST 16%,0.0,,,,,,,,,XXXXXXXXXX,,,,,rMFT2LsBJ9gJ7SEYjTp85lkAW + #TH15534.2,,,rMFT2LsBJ9gJ7SEYjTp85lkAW + #TH15534.2
#TH10102,customer_102@example.com,paid,2025-08-17 14:38:08 +0500,fulfilled,2025-07-29 00:35:33 +0500,yes,PKR,2398.0,0.0,0.0,2398.0,,0.0,Delivery Charges,2025-07-27 13:26:52+00:00,2,Sink Sponge Holder - Faucet Rack,1199.0,2399.0,TH61,True,False,fulfilled,Customer 102,XXXXXXXXXX,XXXXXXXXXX,Near -faisal public school,,Fortabbas,,,PK,XXXXXXXXXX,Customer 102,XXXXXXXXXX,XXXXXXXXXX,Near -faisal public school,,Fortabbas,,,PK,XXXXXXXXXX,Confirm,,,Cash on Delivery (COD),#TH13873.2,0.0,TRENDHUB PAKISTAN,0.0,,,,6459177599196.0,Ship NOC,Low,web,0.0,GST 16%,0.0,,,,,,,,,XXXXXXXXXX,,,,,rjnIh1gE7qbMPRPFZamoOjM1o + #TH13873.2,,,rjnIh1gE7qbMPRPFZamoOjM1o + #TH13873.2
#TH10103,customer_103@example.com,paid,2025-08-10 01:25:33 +0500,fulfilled,2025-08-04 00:27:30 +0500,no,PKR,1199.0,0.0,0.0,1199.0,,0.0,Delivery Charges,2025-08-02 14:13:31+00:00,1,Sink Sponge Holder - Faucet Rack,1199.0,2399.0,TH61,True,False,fulfilled,Customer 103,XXXXXXXXXX,XXXXXXXXXX,,,Peshawar,,,PK,XXXXXXXXXX,Customer 103,XXXXXXXXXX,XXXXXXXXXX,,,Peshawar,,,PK,XXXXXXXXXX,Confirm,,,Cash on Delivery (COD),#TH14125.2,0.0,TRENDHUB PAKISTAN,0.0,,,,6468922278108.0,Ship NOC,Low,web,0.0,GST 16%,0.0,,,,,,,,,XXXXXXXXXX,,,,,rO591zEJjDQgBHlnrKLrBjqYE + #TH14125.2,,,rO591zEJjDQgBHlnrKLrBjqYE + #TH14125.2
#TH10104,customer_104@example.com,paid,2026-04-04 02:35:50 +0500,fulfilled,2026-03-26 02:39:12 +0500,no,PKR,1999.0,0.0,0.0,1999.0,,0.0,Delivery Charges,2026-03-25 11:20:51+00:00,1,Portable Resistance Band Sit-Up Trainer – Full Body Workout,1999.0,3999.0,TH162,True,False,fulfilled,Customer 104,XXXXXXXXXX,XXXXXXXXXX,,,Bahawalpur,'03008780194,,PK,XXXXXXXXXX,Customer 104,XXXXXXXXXX,XXXXXXXXXX,,,Bahawalpur,'03008780194,,PK,XXXXXXXXXX,,,,Cash on Delivery (COD),#TH24616.1,0.0,TRENDHUB PAKISTAN,0.0,,,,6938824933596.0,Ship NOC,Low,web,0.0,GST 16%,0.0,,,,,,,,,XXXXXXXXXX,,,,,rc1WQzdw1Yhe2RC0P6ROab2hI + #TH24616.1,,,rc1WQzdw1Yhe2RC0P6ROab2hI + #TH24616.1
#TH10105,customer_105@example.com,paid,2026-04-18 19:01:54 +0500,fulfilled,2026-04-10 00:41:38 +0500,yes,PKR,1499.0,250.0,0.0,1749.0,,0.0,Shipping Charges,2026-04-09 08:49:25+00:00,1,Kitchen Sink Splash Guard – Extra Wide Water Protection - Pack of 3,1499.0,2999.0,TH234,True,False,fulfilled,Customer 105,XXXXXXXXXX,XXXXXXXXXX,,,Karachi,,,PK,XXXXXXXXXX,Customer 105,XXXXXXXXXX,XXXXXXXXXX,,,Karachi,,,PK,XXXXXXXXXX,Confirm,,,Cash on Delivery (COD),#TH25439.1,0.0,TRENDHUB PAKISTAN,0.0,,,,6976674660572.0,Ship NOC,Low,web,0.0,GST 16%,0.0,,,,,,,,,XXXXXXXXXX,,,,,rbOHexmRsbQhA9IWKZ6MeSWmN + #TH25439.1,,,rbOHexmRsbQhA9IWKZ6MeSWmN + #TH25439.1
#TH10106,customer_106@example.com,paid,2025-09-21 00:51:30 +0500,fulfilled,2025-09-08 00:44:08 +0500,yes,PKR,2199.0,0.0,0.0,2199.0,,0.0,Delivery Charges,2025-09-06 07:25:34+00:00,1,Safe Mandoline Slicer - Multi Vegetable Chopper - Multi Vegetable Chopper,2199.0,4799.0,TH72,True,False,fulfilled,Customer 106,XXXXXXXXXX,XXXXXXXXXX,Tcs Office Sawari Bazar District Buner Kpk,,Buner,'19290,,PK,XXXXXXXXXX,Customer 106,XXXXXXXXXX,XXXXXXXXXX,Tcs Office Sawari Bazar District Buner Kpk,,Buner,'19290,,PK,XXXXXXXXXX,Confirm,,,Cash on Delivery (COD),#TH15663.2,0.0,TRENDHUB PAKISTAN,0.0,,,,6522803257564.0,Ship NOC,Low,web,0.0,GST 16%,0.0,,,,,,,,,XXXXXXXXXX,,,,,r5ZnS9FhOsnrOU4UU2EL6wnos + #TH15663.2,,,r5ZnS9FhOsnrOU4UU2EL6wnos + #TH15663.2
#TH10107,customer_107@example.com,paid,2026-01-04 00:46:05 +0500,fulfilled,2025-12-23 23:06:59 +0500,no,PKR,4599.0,0.0,0.0,4599.0,,0.0,Delivery Charges,2025-12-23 13:47:44+00:00,1,Metal Shoe Rack with Coat Hooks – Dustproof Entryway Shoe Cabinet & Organizer - 5 - Layer,4599.0,7999.0,TH189,True,False,fulfilled,Customer 107,XXXXXXXXXX,XXXXXXXXXX,"193, K3",,Lahore,'54000,,PK,XXXXXXXXXX,Customer 107,XXXXXXXXXX,XXXXXXXXXX,"193, K3",,Lahore,'54000,,PK,XXXXXXXXXX,Come,,,Cash on Delivery (COD),#TH19415.1,0.0,TRENDHUB PAKISTAN,0.0,,,,6759648428252.0,Ship NOC,Low,web,0.0,GST 16%,0.0,,,,,,,,,XXXXXXXXXX,,,,,rTItFmulsCVkeOvEbxP0e0dAh + #TH19415.1,,,rTItFmulsCVkeOvEbxP0e0dAh + #TH19415.1
#TH10108,customer_108@example.com,paid,2026-01-25 01:27:51 +0500,fulfilled,2026-01-03 02:03:34 +0500,yes,PKR,2299.0,0.0,0.0,2299.0,,0.0,Delivery Charges,2026-01-02 09:01:06+00:00,1,3 in 1 Handheld Vacuum Cleaner,2299.0,4599.0,TH121,True,False,fulfilled,Customer 108,XXXXXXXXXX,XXXXXXXXXX,,,Mianwali,'03211390768,,PK,XXXXXXXXXX,Customer 108,XXXXXXXXXX,XXXXXXXXXX,,,Mianwali,'03211390768,,PK,XXXXXXXXXX,Confirm,,,Cash on Delivery (COD),#TH19878.1,0.0,TRENDHUB PAKISTAN,0.0,,,,6777001509084.0,Ship NOC,Low,web,0.0,GST 16%,0.0,,,,,,,,,XXXXXXXXXX,,,,,ryQFKMVgT5QId7aZO4glIe7M3 + #TH19878.1,,,ryQFKMVgT5QId7aZO4glIe7M3 + #TH19878.1
#TH10109,customer_109@example.com,paid,2025-06-29 02:00:23 +0500,fulfilled,2025-06-17 00:30:05 +0500,no,PKR,1199.0,0.0,0.0,1199.0,,0.0,Delivery Charges,2025-06-15 16:36:36+00:00,1,Sink Sponge Holder - Faucet Rack,1199.0,2399.0,TH61,True,False,fulfilled,Customer 109,XXXXXXXXXX,XXXXXXXXXX,House k47,,Gujrawala,'52250,,PK,XXXXXXXXXX,Customer 109,XXXXXXXXXX,XXXXXXXXXX,House k47,,Gujrawala,'52250,,PK,XXXXXXXXXX,Order has been shipped via PostEx with Tracking 23150530009255. Confirm,"hxs_courier_name: PostEx
hxs_courier_tracking: 23150530009255
hxs_courier_url: https://postex.pk/tracking?cn=23150530009255
hxs_courier_label: https://merchant.postex.pk/get-invoice?trackingNumbers=23150530009255",,Cash on Delivery (COD),#TH12088.2,0.0,TRENDHUB PAKISTAN,0.0,,,,6401345552604.0,PostEx,Low,web,0.0,GST 16%,0.0,,,,,,,,,XXXXXXXXXX,,,,,rnUsxlXpduGgIGhzWWYqMmU4R + #TH12088.2,,,rnUsxlXpduGgIGhzWWYqMmU4R + #TH12088.2
#TH10110,customer_110@example.com,paid,2026-03-01 02:09:50 +0500,fulfilled,2026-02-14 03:19:50 +0500,yes,PKR,2199.0,0.0,0.0,2199.0,,0.0,Delivery Charges,2026-02-13 14:22:14+00:00,1,Safe Mandoline Slicer - Multi Vegetable Chopper - Multi Vegetable Chopper,2199.0,4799.0,TH72,True,False,fulfilled,Customer 110,XXXXXXXXXX,XXXXXXXXXX,,,Hasilpur,'38000,,PK,XXXXXXXXXX,Customer 110,XXXXXXXXXX,XXXXXXXXXX,,,Hasilpur,'38000,,PK,XXXXXXXXXX,Can,,,Cash on Delivery (COD),#TH22117.1,0.0,TRENDHUB PAKISTAN,0.0,,,,6852556259548.0,Ship NOC,Low,web,0.0,GST 16%,0.0,,,,,,,,,XXXXXXXXXX,,,,,rL6lf3jH5zjsWx7ukWTxbQFbw + #TH22117.1,,,rL6lf3jH5zjsWx7ukWTxbQFbw + #TH22117.1
#TH10111,customer_111@example.com,paid,2025-07-27 15:19:34 +0500,fulfilled,2025-07-19 00:06:30 +0500,yes,PKR,1999.0,0.0,0.0,1999.0,,0.0,Delivery Charges,2025-07-18 10:18:09+00:00,1,Mini Electric Shaver - Pocket Size Electric Shaver for Men Women,1999.0,3999.0,TH137,True,False,fulfilled,Customer 111,XXXXXXXXXX,XXXXXXXXXX,,,Rawalpindi,'46604,,PK,XXXXXXXXXX,Customer 111,XXXXXXXXXX,XXXXXXXXXX,,,Rawalpindi,'46604,,PK,XXXXXXXXXX,Confirm,,,Cash on Delivery (COD),#TH13405.2,0.0,TRENDHUB PAKISTAN,0.0,,,,6446385201372.0,Ship NOC,Low,web,0.0,GST 16%,0.0,,,,,,,,,XXXXXXXXXX,,,,,r5JdmIFyGgMhN4Bn4LihnrfOr + #TH13405.2,,,r5JdmIFyGgMhN4Bn4LihnrfOr + #TH13405.2
#TH10112,customer_112@example.com,paid,2026-05-23 18:06:01 +0500,fulfilled,2026-05-15 23:42:17 +0500,yes,PKR,2299.0,0.0,0.0,2299.0,,0.0,Delivery Charges,2026-05-15 07:46:06+00:00,1,3 in 1 Handheld Vacuum Cleaner,2299.0,4599.0,TH121,True,False,fulfilled,Customer 112,XXXXXXXXXX,XXXXXXXXXX,H.no. 178- Ghullam Hyder Shah Colony Near Faizan E Haider E Qarar Masjid,,Shaheed Benazirabad,'67450,,PK,XXXXXXXXXX,Customer 112,XXXXXXXXXX,XXXXXXXXXX,H.no. 178- Ghullam Hyder Shah Colony Near Faizan E Haider E Qarar Masjid,,Shaheed Benazirabad,'67450,,PK,XXXXXXXXXX,Ct,,,Cash on Delivery (COD),#TH27223.1,0.0,TRENDHUB PAKISTAN,0.0,,,,7049963143388.0,Ship NOC,Low,web,0.0,GST 16%,0.0,,,,,,,,,XXXXXXXXXX,,,,,raGwWGrlYf6PIB6ri0W2HKvKe + #TH27223.1,,,raGwWGrlYf6PIB6ri0W2HKvKe + #TH27223.1
#TH10113,customer_113@example.com,paid,2025-11-16 01:36:31 +0500,fulfilled,2025-11-03 01:07:43 +0500,yes,PKR,1199.0,0.0,0.0,1199.0,,0.0,Delivery Charges,2025-10-31 20:07:09+00:00,1,Sink Sponge Holder - Faucet Rack,1199.0,2399.0,TH61,True,False,fulfilled,Customer 113,XXXXXXXXXX,XXXXXXXXXX,,,Lahore,,,PK,XXXXXXXXXX,Customer 113,XXXXXXXXXX,XXXXXXXXXX,,,Lahore,,,PK,XXXXXXXXXX,Confirm,,,Cash on Delivery (COD),#TH17571.1,0.0,TRENDHUB PAKISTAN,0.0,,,,6625717780700.0,Ship NOC,Low,web,0.0,GST 16%,0.0,,,,,,,,,XXXXXXXXXX,,,,,ref005osEGGpcedhwmyt9FQmf + #TH17571.1,,,ref005osEGGpcedhwmyt9FQmf + #TH17571.1
#TH10114,customer_114@example.com,paid,2025-07-20 02:35:53 +0500,fulfilled,2025-07-09 00:15:01 +0500,yes,PKR,2299.0,0.0,0.0,2299.0,,0.0,Delivery Charges,2025-07-08 13:50:12+00:00,1,3 in 1 Handheld Vacuum Cleaner,2299.0,4599.0,TH121,True,False,fulfilled,Customer 114,XXXXXXXXXX,XXXXXXXXXX,,,Karachi,,,PK,XXXXXXXXXX,Customer 114,XXXXXXXXXX,XXXXXXXXXX,,,Karachi,,,PK,XXXXXXXXXX,Confirm,,,Cash on Delivery (COD),#TH12985.2,0.0,TRENDHUB PAKISTAN,0.0,,,,6433336885468.0,Ship NOC,Low,web,0.0,GST 16%,0.0,,,,,,,,,XXXXXXXXXX,,,,,rB7kvORHKFhYFHcBoZz5ZqAvX + #TH12985.2,,,rB7kvORHKFhYFHcBoZz5ZqAvX + #TH12985.2
#TH10115,customer_115@example.com,paid,2025-12-28 22:42:59 +0500,fulfilled,2025-12-15 01:23:55 +0500,yes,PKR,2199.0,0.0,0.0,2199.0,,0.0,Delivery Charges,2025-12-14 06:01:53+00:00,1,Safe Mandoline Slicer - Multi Vegetable Chopper - Multi Vegetable Chopper,2199.0,4799.0,TH72,True,False,fulfilled,Customer 115,XXXXXXXXXX,XXXXXXXXXX,H e247 street 11,,Lahore,'54000,,PK,XXXXXXXXXX,Customer 115,XXXXXXXXXX,XXXXXXXXXX,H e247 street 11,,Lahore,'54000,,PK,XXXXXXXXXX,Confirm,,,Cash on Delivery (COD),#TH19028.1,0.0,TRENDHUB PAKISTAN,0.0,,,,6741310505180.0,Ship NOC,Low,web,0.0,GST 16%,0.0,,,,,,,,,XXXXXXXXXX,,,,,rNwlDa3THZVKT6ymg4zLuinpX + #TH19028.1,,,rNwlDa3THZVKT6ymg4zLuinpX + #TH19028.1
#TH10116,customer_116@example.com,paid,2026-03-06 02:12:23 +0500,fulfilled,2026-02-28 03:23:19 +0500,yes,PKR,1199.0,0.0,0.0,1199.0,,0.0,Delivery Charges,2026-02-26 20:00:30+00:00,1,Sink Sponge Holder - Faucet Rack,1199.0,2399.0,TH61,True,False,fulfilled,Customer 116,XXXXXXXXXX,XXXXXXXXXX,Banigala main Bazar,,Islamabad,'44000,,PK,XXXXXXXXXX,Customer 116,XXXXXXXXXX,XXXXXXXXXX,Banigala main Bazar,,Islamabad,'44000,,PK,XXXXXXXXXX,Can,,,Cash on Delivery (COD),#TH22866.1,0.0,TRENDHUB PAKISTAN,0.0,,,,6885988434140.0,Ship NOC,Low,web,0.0,GST 16%,0.0,,,,,,,,,XXXXXXXXXX,,,,,r53QL5EUTbb2HiCI9cFJ9hXF4 + #TH22866.1,,,r53QL5EUTbb2HiCI9cFJ9hXF4 + #TH22866.1
#TH10117,customer_117@example.com,paid,2025-10-26 15:35:04 +0500,fulfilled,2025-10-22 02:16:00 +0500,yes,PKR,1999.0,0.0,0.0,1999.0,,0.0,Delivery Charges,2025-10-21 04:31:15+00:00,1,Smart Motion Sensor Light Socket - Pack Of 1,1999.0,3999.0,TH202,True,False,fulfilled,Customer 117,XXXXXXXXXX,XXXXXXXXXX,,,Kot Addu,'34050,,PK,XXXXXXXXXX,Customer 117,XXXXXXXXXX,XXXXXXXXXX,,,Kot Addu,'34050,,PK,XXXXXXXXXX,Come,,,Cash on Delivery (COD),#TH17255.1,0.0,TRENDHUB PAKISTAN,0.0,,,,6599806812380.0,Ship NOC,Low,web,0.0,GST 16%,0.0,,,,,,,,,XXXXXXXXXX,,,,,rXPlb27QgSe7ZMvf14D1yjT82 + #TH17255.1,,,rXPlb27QgSe7ZMvf14D1yjT82 + #TH17255.1
#TH10118,customer_118@example.com,paid,2025-12-28 22:29:36 +0500,fulfilled,2025-12-15 01:25:44 +0500,yes,PKR,2299.0,0.0,0.0,2299.0,,0.0,Delivery Charges,2025-12-13 15:35:52+00:00,1,3 in 1 Handheld Vacuum Cleaner,2299.0,4599.0,TH121,True,False,fulfilled,Customer 118,XXXXXXXXXX,XXXXXXXXXX,,,Talagang,'48100,,PK,XXXXXXXXXX,Customer 118,XXXXXXXXXX,XXXXXXXXXX,,,Talagang,'48100,,PK,XXXXXXXXXX,Confirm,,,Cash on Delivery (COD),#TH19005.1,0.0,TRENDHUB PAKISTAN,0.0,,,,6739778175196.0,Ship NOC,Low,web,0.0,GST 16%,0.0,,,,,,,,,XXXXXXXXXX,,,,,rn3SiDh1EyLXTrzouvDaS2TeI + #TH19005.1,,,rn3SiDh1EyLXTrzouvDaS2TeI + #TH19005.1
#TH10119,customer_119@example.com,paid,2026-04-04 02:28:57 +0500,fulfilled,2026-03-23 03:04:33 +0500,yes,PKR,2199.0,0.0,0.0,2199.0,,0.0,Delivery Charges,2026-03-18 21:31:21+00:00,1,Safe Mandoline Slicer - Multi Vegetable Chopper - Multi Vegetable Chopper,2199.0,4799.0,TH72,True,False,fulfilled,Customer 119,XXXXXXXXXX,XXXXXXXXXX,,,Haroon abad,,,PK,XXXXXXXXXX,Customer 119,XXXXXXXXXX,XXXXXXXXXX,,,Haroon abad,,,PK,XXXXXXXXXX,Confirm,,,Cash on Delivery (COD),#TH24174.1,0.0,TRENDHUB PAKISTAN,0.0,,,,6924375326940.0,Ship NOC,Low,web,0.0,GST 16%,0.0,,,,,,,,,XXXXXXXXXX,,,,,rTAjcoGJw8beuGcSAljM8aoVf + #TH24174.1,,,rTAjcoGJw8beuGcSAljM8aoVf + #TH24174.1
#TH10120,customer_120@example.com,paid,2025-12-07 15:42:54 +0500,fulfilled,2025-11-29 03:23:10 +0500,yes,PKR,1199.0,0.0,0.0,1199.0,,0.0,Delivery Charges,2025-11-27 22:41:30+00:00,1,Sink Sponge Holder - Faucet Rack,1199.0,2399.0,TH61,True,False,fulfilled,Customer 120,XXXXXXXXXX,XXXXXXXXXX,Airport Society,,Rawalpindi,'44000,,PK,XXXXXXXXXX,Customer 120,XXXXXXXXXX,XXXXXXXXXX,Airport Society,,Rawalpindi,'44000,,PK,XXXXXXXXXX,Confirm,,,Cash on Delivery (COD),#TH18481.1,0.0,TRENDHUB PAKISTAN,0.0,,,,6704794501340.0,Ship NOC,Low,web,0.0,GST 16%,0.0,,,,,,,,,XXXXXXXXXX,,,,,r0Jd7GX6FMsFXSUFbrbJekp7H + #TH18481.1,,,r0Jd7GX6FMsFXSUFbrbJekp7H + #TH18481.1
#TH10121,customer_121@example.com,paid,2025-07-20 02:39:48 +0500,fulfilled,2025-07-08 00:16:01 +0500,yes,PKR,3999.0,0.0,0.0,3999.0,,0.0,Delivery Charges,2025-07-07 17:13:03+00:00,1,5-Tier Coat and Shoe Rack with Storage Shelf & 8 Hooks – Freestanding Organizer for Entryway & Bedroom,3999.0,7999.0,TH163,True,False,fulfilled,Customer 121,XXXXXXXXXX,XXXXXXXXXX,,,Wah Cantt,'47040,,PK,XXXXXXXXXX,Customer 121,XXXXXXXXXX,XXXXXXXXXX,,,Wah Cantt,'47040,,PK,XXXXXXXXXX,Confirm,,,Cash on Delivery (COD),#TH12940.2,0.0,TRENDHUB PAKISTAN,0.0,,,,6432270516444.0,Ship NOC,Low,web,0.0,GST 16%,0.0,,,,,,,,,XXXXXXXXXX,,,,,rrdKAAAuqnYfWS8zrDkcTfgay + #TH12940.2,,,rrdKAAAuqnYfWS8zrDkcTfgay + #TH12940.2
#TH10122,customer_122@example.com,paid,2026-05-16 14:34:49 +0500,fulfilled,2026-05-11 00:12:16 +0500,yes,PKR,2198.0,250.0,0.0,2448.0,,0.0,Shipping Charges,2026-05-10 13:29:02+00:00,1,Kitchen Sink Splash Guard – Extra Wide Water Protection - Pack of 1,699.0,1399.0,TH232,True,False,fulfilled,Customer 122,XXXXXXXXXX,XXXXXXXXXX,,,Karachi,'35000,,PK,XXXXXXXXXX,Customer 122,XXXXXXXXXX,XXXXXXXXXX,,,Karachi,'35000,,PK,XXXXXXXXXX,Cy,,,Cash on Delivery (COD),#TH26969.1,0.0,TRENDHUB PAKISTAN,0.0,,,,7040764149980.0,Ship NOC,Low,web,0.0,GST 16%,0.0,,,,,,,,,XXXXXXXXXX,,,,,rDoVU8mq3BUufbhaoBgPZ0rre + #TH26969.1,,,rDoVU8mq3BUufbhaoBgPZ0rre + #TH26969.1
#TH10123,customer_123@example.com,paid,2025-07-20 02:29:38 +0500,fulfilled,2025-07-07 00:44:22 +0500,yes,PKR,1199.0,0.0,0.0,1199.0,,0.0,Delivery Charges,2025-07-06 09:35:35+00:00,1,Sink Sponge Holder - Faucet Rack,1199.0,2399.0,TH61,True,False,fulfilled,Customer 123,XXXXXXXXXX,XXXXXXXXXX,,,Karachi,'75500,,PK,XXXXXXXXXX,Customer 123,XXXXXXXXXX,XXXXXXXXXX,,,Karachi,'75500,,PK,XXXXXXXXXX,Confirm,,,Cash on Delivery (COD),#TH12866.2,0.0,TRENDHUB PAKISTAN,0.0,,,,6430139121884.0,Ship NOC,Low,web,0.0,GST 16%,0.0,,,,,,,,,XXXXXXXXXX,,,,,r4LCCKyyCoCgQ4nUVGuLAwgO6 + #TH12866.2,,,r4LCCKyyCoCgQ4nUVGuLAwgO6 + #TH12866.2
#TH10124,customer_124@example.com,paid,2026-05-16 14:30:50 +0500,fulfilled,2026-05-04 00:17:23 +0500,no,PKR,1199.0,250.0,0.0,1449.0,,0.0,Shipping Charges,2026-05-02 21:31:33+00:00,1,Kitchen Sink Splash Guard – Extra Wide Water Protection - Pack of 2,1199.0,2399.0,TH233,True,False,fulfilled,Customer 124,XXXXXXXXXX,XXXXXXXXXX,,,Rawalpindi,,,PK,XXXXXXXXXX,Customer 124,XXXXXXXXXX,XXXXXXXXXX,,,Rawalpindi,,,PK,XXXXXXXXXX,Can,,,Cash on Delivery (COD),#TH26599.1,0.0,TRENDHUB PAKISTAN,0.0,,,,7025449402588.0,Ship NOC,Low,web,0.0,GST 16%,0.0,,,,,,,,,XXXXXXXXXX,,,,,rbVMk7kQLsyCBpj5z558Q4J3x + #TH26599.1,,,rbVMk7kQLsyCBpj5z558Q4J3x + #TH26599.1
#TH10125,customer_125@example.com,paid,2025-08-31 22:39:35 +0500,fulfilled,2025-08-19 01:51:40 +0500,no,PKR,1199.0,0.0,0.0,1199.0,,0.0,Delivery Charges,2025-08-17 17:56:13+00:00,1,Sink Sponge Holder - Faucet Rack,1199.0,2399.0,TH61,True,False,fulfilled,Customer 125,XXXXXXXXXX,XXXXXXXXXX,,,Peshawar,'21500,,PK,XXXXXXXXXX,Customer 125,XXXXXXXXXX,XXXXXXXXXX,,,Peshawar,'21500,,PK,XXXXXXXXXX,Confirm,,,Cash on Delivery (COD),#TH14817.2,0.0,TRENDHUB PAKISTAN,0.0,,,,6492967698652.0,Ship NOC,Low,web,0.0,GST 16%,0.0,,,,,,,,,XXXXXXXXXX,,,,,rsl6j3ZyTawxvKyGPOhs3jUgK + #TH14817.2,,,rsl6j3ZyTawxvKyGPOhs3jUgK + #TH14817.2
#TH10126,customer_126@example.com,paid,2026-05-01 20:21:32 +0500,fulfilled,2026-04-22 00:12:03 +0500,yes,PKR,1199.0,250.0,0.0,1449.0,,0.0,Shipping Charges,2026-04-21 05:59:59+00:00,1,Kitchen Sink Splash Guard – Extra Wide Water Protection - Pack of 2,1199.0,2399.0,TH233,True,False,fulfilled,Customer 126,XXXXXXXXXX,XXXXXXXXXX,,Eshaal eshu,Karachi,,,PK,XXXXXXXXXX,Customer 126,XXXXXXXXXX,XXXXXXXXXX,,Eshaal eshu,Karachi,,,PK,XXXXXXXXXX,Can,,,Cash on Delivery (COD),#TH26045.1,0.0,TRENDHUB PAKISTAN,0.0,,,,6999813521628.0,Ship NOC,Low,web,0.0,GST 16%,0.0,,,,,,,,,XXXXXXXXXX,,,,,rKMKew63VmsWE2OGkkJnllOvO + #TH26045.1,,,rKMKew63VmsWE2OGkkJnllOvO + #TH26045.1
#TH10127,customer_127@example.com,paid,2025-12-07 15:36:27 +0500,fulfilled,2025-11-27 01:31:34 +0500,no,PKR,2199.0,0.0,0.0,2199.0,,0.0,Delivery Charges,2025-11-24 15:12:52+00:00,1,Safe Mandoline Slicer - Multi Vegetable Chopper - Multi Vegetable Chopper,2199.0,4799.0,TH72,True,False,fulfilled,Customer 127,XXXXXXXXXX,XXXXXXXXXX,,,Karachi,,,PK,XXXXXXXXXX,Customer 127,XXXXXXXXXX,XXXXXXXXXX,,,Karachi,,,PK,XXXXXXXXXX,Come,,,Cash on Delivery (COD),#TH18366.1,0.0,TRENDHUB PAKISTAN,0.0,,,,6674354241756.0,Ship NOC,Low,web,0.0,GST 16%,0.0,,,,,,,,,XXXXXXXXXX,,,,,rdt9jBCxtRERlzM7XGRaU2BxE + #TH18366.1,,,rdt9jBCxtRERlzM7XGRaU2BxE + #TH18366.1
#TH10128,customer_128@example.com,paid,2025-06-22 02:45:23 +0500,fulfilled,2025-06-09 15:28:07 +0500,yes,PKR,1199.0,0.0,0.0,1199.0,,0.0,Delivery Charges,2025-06-08 15:44:37+00:00,1,Sink Sponge Holder - Faucet Rack,1199.0,2399.0,TH61,True,False,fulfilled,Customer 128,XXXXXXXXXX,XXXXXXXXXX,,,Rawalpindi,'46000,,PK,XXXXXXXXXX,Customer 128,XXXXXXXXXX,XXXXXXXXXX,,,Rawalpindi,'46000,,PK,XXXXXXXXXX,Order has been shipped via PostEx with Tracking 23150530008976. ,"hxs_courier_name: PostEx
hxs_courier_tracking: 23150530008976
hxs_courier_url: https://postex.pk/tracking?cn=23150530008976
hxs_courier_label: https://merchant.postex.pk/get-invoice?trackingNumbers=23150530008976",,Cash on Delivery (COD),#TH11768.2,0.0,TRENDHUB PAKISTAN,0.0,,,,6391852400860.0,PostEx,Low,web,0.0,GST 16%,0.0,,,,,,,,,XXXXXXXXXX,,,,,rhq4MKOUs505t014QKBjrJ7cw + #TH11768.2,,,rhq4MKOUs505t014QKBjrJ7cw + #TH11768.2
#TH10129,customer_129@example.com,paid,2026-03-08 05:19:31 +0500,fulfilled,2026-03-02 02:07:42 +0500,yes,PKR,5099.0,0.0,0.0,5099.0,,0.0,Delivery Charges,2026-03-01 05:22:40+00:00,1,Heavy-Duty Multi-Layer Shoe Cabinet Organizer - 7 - Layer,5099.0,10199.0,TH168,True,False,fulfilled,Customer 129,XXXXXXXXXX,XXXXXXXXXX,,,Lahore,,,PK,XXXXXXXXXX,Customer 129,XXXXXXXXXX,XXXXXXXXXX,,,Lahore,,,PK,XXXXXXXXXX,Confirm,,,Cash on Delivery (COD),#TH22998.1,0.0,TRENDHUB PAKISTAN,0.0,,,,6890257088732.0,Ship NOC,Low,web,0.0,GST 16%,0.0,,,,,,,,,XXXXXXXXXX,,,,,rMJBBatmKDgbCGl6NbawzMCLQ + #TH22998.1,,,rMJBBatmKDgbCGl6NbawzMCLQ + #TH22998.1
#TH10130,customer_130@example.com,paid,2025-12-07 15:41:19 +0500,fulfilled,2025-11-27 01:29:56 +0500,yes,PKR,1199.0,0.0,0.0,1199.0,,0.0,Delivery Charges,2025-11-25 20:06:07+00:00,1,Sink Sponge Holder - Faucet Rack,1199.0,2399.0,TH61,True,False,fulfilled,Customer 130,XXXXXXXXXX,XXXXXXXXXX,Shakat  Khanum,,Lahore,,,PK,XXXXXXXXXX,Customer 130,XXXXXXXXXX,XXXXXXXXXX,Shakat  Khanum,,Lahore,,,PK,XXXXXXXXXX,Check,,,Cash on Delivery (COD),#TH18401.1,0.0,TRENDHUB PAKISTAN,0.0,,,,6700132401372.0,Ship NOC,Low,web,0.0,GST 16%,0.0,,,,,,,,,XXXXXXXXXX,,,,,rtF1tZjBKtFmw8vNqNZuLPe1l + #TH18401.1,,,rtF1tZjBKtFmw8vNqNZuLPe1l + #TH18401.1
#TH10131,customer_131@example.com,paid,2025-11-09 19:26:29 +0500,fulfilled,2025-10-30 09:01:10 +0500,no,PKR,5999.0,0.0,0.0,5999.0,,0.0,Free Delivery,2025-10-28 20:31:12+00:00,1,Cordless Tire Inflator - Portable Air Pump with LED & Digital Display 150 PSI,5999.0,11999.0,TH172,True,False,fulfilled,Customer 131,XXXXXXXXXX,XXXXXXXXXX,"Balad Trade Centre II, Near Sialkot Mill shop Alamgir Road",,Karachi,,,PK,XXXXXXXXXX,Customer 131,XXXXXXXXXX,XXXXXXXXXX,"Balad Trade Centre II, Near Sialkot Mill shop Alamgir Road",,Karachi,,,PK,XXXXXXXXXX,,,,Cash on Delivery (COD),#TH17486.1,0.0,TRENDHUB PAKISTAN,0.0,,,,6620741075164.0,Ship NOC,Low,web,0.0,GST 16%,0.0,,,,,,,,,XXXXXXXXXX,,,,,rT93mZhOg5XYJatTmxdkOUKZe + #TH17486.1,,,rT93mZhOg5XYJatTmxdkOUKZe + #TH17486.1
#TH10132,customer_132@example.com,paid,2026-03-12 15:17:51 +0500,fulfilled,2026-03-04 02:54:12 +0500,yes,PKR,2299.0,0.0,0.0,2299.0,,0.0,Delivery Charges,2026-03-03 09:29:22+00:00,1,3 in 1 Handheld Vacuum Cleaner,2299.0,4599.0,TH121,True,False,fulfilled,Customer 132,XXXXXXXXXX,XXXXXXXXXX,badami bagh police station,,Lahore,'4900,,PK,XXXXXXXXXX,Customer 132,XXXXXXXXXX,XXXXXXXXXX,badami bagh police station,,Lahore,'4900,,PK,XXXXXXXXXX,c,,,Cash on Delivery (COD),#TH23177.1,0.0,TRENDHUB PAKISTAN,0.0,,,,6895674065116.0,Ship NOC,Low,web,0.0,GST 16%,0.0,,,,,,,,,XXXXXXXXXX,,,,,rEeKd5TvIzGAGS9hvlZk2Ds95 + #TH23177.1,,,rEeKd5TvIzGAGS9hvlZk2Ds95 + #TH23177.1
#TH10133,customer_133@example.com,paid,2026-04-10 19:23:59 +0500,fulfilled,2026-03-30 00:54:37 +0500,yes,PKR,5199.0,0.0,0.0,5199.0,,0.0,Delivery Charges,2026-03-29 09:37:32+00:00,1,Automatic Peeler Machine,5199.0,10999.0,TH217,True,False,fulfilled,Customer 133,XXXXXXXXXX,XXXXXXXXXX,,,Pubbi,,,PK,XXXXXXXXXX,Customer 133,XXXXXXXXXX,XXXXXXXXXX,,,Pubbi,,,PK,XXXXXXXXXX,Confirm,,,Cash on Delivery (COD),#TH24832.1,0.0,TRENDHUB PAKISTAN,0.0,,,,6949589024988.0,Ship NOC,Low,web,0.0,GST 16%,0.0,,,,,,,,,XXXXXXXXXX,,,,,rgoCGcn8Ww9kj9xzZ13ia3Rza + #TH24832.1,,,rgoCGcn8Ww9kj9xzZ13ia3Rza + #TH24832.1
#TH10134,customer_134@example.com,paid,2025-10-26 15:14:16 +0500,fulfilled,2025-10-15 01:02:19 +0500,yes,PKR,2799.0,0.0,0.0,2799.0,,0.0,Delivery Charges,2025-10-14 06:31:58+00:00,1,360° Rotating Makeup Brush Holder with Lid – Dustproof Vanity Organizer for Brushes & Cosmetics,2799.0,4999.0,TH192,True,False,fulfilled,Customer 134,XXXXXXXXXX,XXXXXXXXXX,,,Karachi,'75300,,PK,XXXXXXXXXX,Customer 134,XXXXXXXXXX,XXXXXXXXXX,,,Karachi,'75300,,PK,XXXXXXXXXX,Come,,,Cash on Delivery (COD),#TH17047.1,0.0,TRENDHUB PAKISTAN,0.0,,,,6584299913436.0,Ship NOC,Low,web,0.0,GST 16%,0.0,,,,,,,,,XXXXXXXXXX,,,,,rQqTfpU9hNGAC4OD0Tts2i5u4 + #TH17047.1,,,rQqTfpU9hNGAC4OD0Tts2i5u4 + #TH17047.1
#TH10135,customer_135@example.com,paid,2026-05-16 14:39:31 +0500,fulfilled,2026-05-11 00:17:47 +0500,yes,PKR,1199.0,0.0,0.0,1199.0,,0.0,Delivery Charges,2026-05-09 07:09:44+00:00,1,Sink Sponge Holder - Faucet Rack,1199.0,2399.0,TH61,True,False,fulfilled,Customer 135,XXXXXXXXXX,XXXXXXXXXX,Home,,Sialkot,'51310,,PK,XXXXXXXXXX,Customer 135,XXXXXXXXXX,XXXXXXXXXX,Home,,Sialkot,'51310,,PK,XXXXXXXXXX,Ct,,,Cash on Delivery (COD),#TH26906.1,0.0,TRENDHUB PAKISTAN,0.0,,,,7038654873820.0,Ship NOC,Low,web,0.0,GST 16%,0.0,,,,,,,,,XXXXXXXXXX,,,,,rOP81FVwVKLCuTxzVUeXRuqZN + #TH26906.1,,,rOP81FVwVKLCuTxzVUeXRuqZN + #TH26906.1
#TH10136,customer_136@example.com,paid,2025-08-31 02:39:14 +0500,fulfilled,2025-08-18 01:21:57 +0500,yes,PKR,4499.0,0.0,0.0,4499.0,,0.0,Delivery Charges,2025-08-16 22:11:27+00:00,1,Heavy-Duty Multi-Layer Shoe Cabinet Organizer - 5 - Layer,4499.0,8999.0,TH166,True,False,fulfilled,Customer 136,XXXXXXXXXX,XXXXXXXXXX,,,Multan,,,PK,XXXXXXXXXX,Customer 136,XXXXXXXXXX,XXXXXXXXXX,,,Multan,,,PK,XXXXXXXXXX,Confirm,,,Cash on Delivery (COD),#TH14772.2,0.0,TRENDHUB PAKISTAN,0.0,,,,6491164475612.0,Ship NOC,Low,web,0.0,GST 16%,0.0,,,,,,,,,XXXXXXXXXX,,,,,rarLXlWZivXCaJfKLWknW3aaZ + #TH14772.2,,,rarLXlWZivXCaJfKLWknW3aaZ + #TH14772.2
#TH10137,customer_137@example.com,paid,2025-08-06 23:48:38 +0500,fulfilled,2025-08-02 00:16:20 +0500,yes,PKR,1199.0,0.0,0.0,1199.0,,0.0,Delivery Charges,2025-08-01 07:34:25+00:00,1,Sink Sponge Holder - Faucet Rack,1199.0,2399.0,TH61,True,False,fulfilled,Customer 137,XXXXXXXXXX,XXXXXXXXXX,Fatima dental hospital,,Karachi,'00000,,PK,XXXXXXXXXX,Customer 137,XXXXXXXXXX,XXXXXXXXXX,Fatima dental hospital,,Karachi,'00000,,PK,XXXXXXXXXX,Confirm,,,Cash on Delivery (COD),#TH14060.2,0.0,TRENDHUB PAKISTAN,0.0,,,,6467053289692.0,JD Delivery,Low,web,0.0,GST 16%,0.0,,,,,,,,,XXXXXXXXXX,,,,,rp6Fcg6bWCKHmNXytBtecT3dD + #TH14060.2,,,rp6Fcg6bWCKHmNXytBtecT3dD + #TH14060.2
#TH10138,customer_138@example.com,paid,2025-07-13 02:34:24 +0500,fulfilled,2025-07-02 00:15:23 +0500,yes,PKR,2199.0,0.0,0.0,2199.0,,0.0,Delivery Charges,2025-06-30 13:07:22+00:00,1,Safe Mandoline Slicer - Multi Vegetable Chopper - Multi Vegetable Chopper,2199.0,4799.0,TH72,True,False,fulfilled,Customer 138,XXXXXXXXXX,XXXXXXXXXX,,,D.g.khan,'32102,,PK,XXXXXXXXXX,Customer 138,XXXXXXXXXX,XXXXXXXXXX,,,D.g.khan,'32102,,PK,XXXXXXXXXX,confirm,,,Cash on Delivery (COD),#TH12640.2,0.0,TRENDHUB PAKISTAN,0.0,,,,6421495152860.0,Ship NOC,Low,web,0.0,GST 16%,0.0,,,,,,,,,XXXXXXXXXX,,,,,rmfacCNVWRkC1PeotPEYwiXa5 + #TH12640.2,,,rmfacCNVWRkC1PeotPEYwiXa5 + #TH12640.2
#TH10139,customer_139@example.com,paid,2026-06-07 03:50:42 +0500,fulfilled,2026-06-01 01:13:07 +0500,yes,PKR,5099.0,0.0,0.0,5099.0,,0.0,Delivery Charges,2026-05-31 14:20:06+00:00,1,Heavy-Duty Multi-Layer Shoe Cabinet Organizer - 7 - Layer,5099.0,10199.0,TH168,True,False,fulfilled,Customer 139,XXXXXXXXXX,XXXXXXXXXX,Office,,Lahore,ZIPPOSTALCODE,,PK,XXXXXXXXXX,Customer 139,XXXXXXXXXX,XXXXXXXXXX,Office,,Lahore,ZIPPOSTALCODE,,PK,XXXXXXXXXX,Cy,,,Cash on Delivery (COD),#TH28342.1,0.0,TRENDHUB PAKISTAN,0.0,,,,7093224341724.0,Ship NOC,Low,web,0.0,GST 16%,0.0,,,,,,,,,XXXXXXXXXX,,,,,reWkJziO6oWWQFp8qvA3Trakv + #TH28342.1,,,reWkJziO6oWWQFp8qvA3Trakv + #TH28342.1
#TH10140,customer_140@example.com,paid,2026-03-20 14:59:52 +0500,fulfilled,2026-03-10 01:06:22 +0500,yes,PKR,2299.0,0.0,0.0,2299.0,,0.0,Delivery Charges,2026-03-08 20:10:20+00:00,1,3 in 1 Handheld Vacuum Cleaner,2299.0,4599.0,TH121,True,False,fulfilled,Customer 140,XXXXXXXXXX,XXXXXXXXXX,59 U-block 6 Pechs Near Ambala Sweets,,Karachi,'75400,,PK,XXXXXXXXXX,Customer 140,XXXXXXXXXX,XXXXXXXXXX,59 U-block 6 Pechs Near Ambala Sweets,,Karachi,'75400,,PK,XXXXXXXXXX,Ct,,,Cash on Delivery (COD),#TH23478.1,0.0,TRENDHUB PAKISTAN,0.0,,,,6907255652572.0,Ship NOC,Low,web,0.0,GST 16%,0.0,,,,,,,,,XXXXXXXXXX,,,,,rUkNX5clmo0KHwdBYNU4hBawU + #TH23478.1,,,rUkNX5clmo0KHwdBYNU4hBawU + #TH23478.1
#TH10141,customer_141@example.com,paid,2026-03-01 02:33:11 +0500,fulfilled,2026-02-23 01:52:29 +0500,no,PKR,4599.0,0.0,0.0,4599.0,,0.0,Delivery Charges,2026-02-21 09:57:15+00:00,1,Metal Shoe Rack with Coat Hooks – Dustproof Entryway Shoe Cabinet & Organizer - 5 - Layer,4599.0,7999.0,TH189,True,False,fulfilled,Customer 141,XXXXXXXXXX,XXXXXXXXXX,"Flat I-5, 3rd floor",,Karachi,'75400,,PK,XXXXXXXXXX,Customer 141,XXXXXXXXXX,XXXXXXXXXX,"Flat I-5, 3rd floor",,Karachi,'75400,,PK,XXXXXXXXXX,Order has been shipped via Tranzo with Tracking T0080325998052656. Ct,"tranzo_courier_name: Tranzo
tranzo_courier_tracking: T0080325998052656
tranzo_courier_url: https://tranzo.pk/track-order?tn=T0080325998052656",,Cash on Delivery (COD),#TH22543.1,0.0,TRENDHUB PAKISTAN,0.0,,,,6877552181468.0,Tranzo,Low,web,0.0,GST 16%,0.0,,,,,,,,,XXXXXXXXXX,,,,,rvxpj8kuZ3XznxWzVOxZcxoFt + #TH22543.1,,,rvxpj8kuZ3XznxWzVOxZcxoFt + #TH22543.1
#TH10142,customer_142@example.com,paid,2025-10-11 02:49:31 +0500,fulfilled,2025-10-06 02:30:37 +0500,yes,PKR,1199.0,0.0,0.0,1199.0,,0.0,Delivery Charges,2025-10-04 05:12:47+00:00,1,Sink Sponge Holder - Faucet Rack,1199.0,2399.0,TH61,True,False,fulfilled,Customer 142,XXXXXXXXXX,XXXXXXXXXX,,,Lahore,'54000,,PK,XXXXXXXXXX,Customer 142,XXXXXXXXXX,XXXXXXXXXX,,,Lahore,'54000,,PK,XXXXXXXXXX,Confirm,,,Cash on Delivery (COD),#TH16702.1,0.0,TRENDHUB PAKISTAN,0.0,,,,6564663525596.0,Ship NOC,Low,web,0.0,GST 16%,0.0,,,,,,,,,XXXXXXXXXX,,,,,r9wgKlUFG7iV3UPdmVd79vkgy + #TH16702.1,,,r9wgKlUFG7iV3UPdmVd79vkgy + #TH16702.1
#TH10143,customer_143@example.com,paid,2026-01-04 00:55:09 +0500,fulfilled,2025-12-26 11:43:42 +0500,yes,PKR,3499.0,0.0,0.0,3499.0,,0.0,Delivery Charges,2025-12-24 01:50:34+00:00,1,Kitchen Countertop Storage Rack | Heavy-Duty Adjustable Microwave Organizer Stand,3499.0,5999.0,TH214,True,False,fulfilled,Customer 143,XXXXXXXXXX,XXXXXXXXXX,,,Gujrat,,,PK,XXXXXXXXXX,Customer 143,XXXXXXXXXX,XXXXXXXXXX,,,Gujrat,,,PK,XXXXXXXXXX,Confirm,,,Cash on Delivery (COD),#TH19430.1,0.0,TRENDHUB PAKISTAN,0.0,,,,6760795570396.0,Ship NOC,Low,web,0.0,GST 16%,0.0,,,,,,,,,XXXXXXXXXX,,,,,rVQ93xRxYWwxtkm16ACxjWR3g + #TH19430.1,,,rVQ93xRxYWwxtkm16ACxjWR3g + #TH19430.1
#TH10144,customer_144@example.com,paid,2026-05-10 02:59:00 +0500,fulfilled,2026-04-29 23:48:04 +0500,yes,PKR,2299.0,0.0,0.0,2299.0,,0.0,Delivery Charges,2026-04-29 13:57:13+00:00,1,3 in 1 Handheld Vacuum Cleaner,2299.0,4599.0,TH121,True,False,fulfilled,Customer 144,XXXXXXXXXX,XXXXXXXXXX,,,Multan,'60000,,PK,XXXXXXXXXX,Customer 144,XXXXXXXXXX,XXXXXXXXXX,,,Multan,'60000,,PK,XXXXXXXXXX,Can,,,Cash on Delivery (COD),#TH26454.1,0.0,TRENDHUB PAKISTAN,0.0,,,,7017472295132.0,Ship NOC,Low,web,0.0,GST 16%,0.0,,,,,,,,,XXXXXXXXXX,,,,,rnQFks1c6XJaMwmwZlWHQJ0an + #TH26454.1,,,rnQFks1c6XJaMwmwZlWHQJ0an + #TH26454.1
#TH10145,customer_145@example.com,paid,2025-07-20 02:34:53 +0500,fulfilled,2025-07-08 00:19:09 +0500,yes,PKR,1199.0,0.0,0.0,1199.0,,0.0,Delivery Charges,2025-07-06 19:44:10+00:00,1,Sink Sponge Holder - Faucet Rack,1199.0,2399.0,TH61,True,False,fulfilled,Customer 145,XXXXXXXXXX,XXXXXXXXXX,House number IH-832,,Karachi,'75070,,PK,XXXXXXXXXX,Customer 145,XXXXXXXXXX,XXXXXXXXXX,House number IH-832,,Karachi,'75070,,PK,XXXXXXXXXX,Confirm,,,Cash on Delivery (COD),#TH12900.2,0.0,TRENDHUB PAKISTAN,0.0,,,,6430751719644.0,Ship NOC,Low,web,0.0,GST 16%,0.0,,,,,,,,,XXXXXXXXXX,,,,,reGCGut5R2DbZyipFv76dOITT + #TH12900.2,,,reGCGut5R2DbZyipFv76dOITT + #TH12900.2
#TH10146,customer_146@example.com,paid,2025-08-24 03:29:40 +0500,fulfilled,2025-08-12 00:33:12 +0500,yes,PKR,1999.0,0.0,0.0,1999.0,,0.0,Delivery Charges,2025-08-10 23:42:01+00:00,1,Portable Resistance Band Sit-Up Trainer – Full Body Workout,1999.0,3999.0,TH162,True,False,fulfilled,Customer 146,XXXXXXXXXX,XXXXXXXXXX,,,Lahore,,,PK,XXXXXXXXXX,Customer 146,XXXXXXXXXX,XXXXXXXXXX,,,Lahore,,,PK,XXXXXXXXXX,Confirm,,,Cash on Delivery (COD),#TH14482.2,0.0,TRENDHUB PAKISTAN,0.0,,,,6481016258780.0,Ship NOC,Low,web,0.0,GST 16%,0.0,,,,,,,,,XXXXXXXXXX,,,,,rRwvueGkg2JhzPAgrKMORmXcC + #TH14482.2,,,rRwvueGkg2JhzPAgrKMORmXcC + #TH14482.2
#TH10147,customer_147@example.com,paid,2025-07-20 02:53:39 +0500,fulfilled,2025-07-07 00:53:47 +0500,yes,PKR,1199.0,0.0,0.0,1199.0,,0.0,Delivery Charges,2025-07-04 02:17:28+00:00,1,Sink Sponge Holder - Faucet Rack,1199.0,2399.0,TH61,True,False,fulfilled,Customer 147,XXXXXXXXXX,XXXXXXXXXX,,,Mardan,,,PK,XXXXXXXXXX,Customer 147,XXXXXXXXXX,XXXXXXXXXX,,,Mardan,,,PK,XXXXXXXXXX,Confirm,,,Cash on Delivery (COD),#TH12769.2,0.0,TRENDHUB PAKISTAN,0.0,,,,6427128856796.0,Ship NOC,Low,web,0.0,GST 16%,0.0,,,,,,,,,XXXXXXXXXX,,,,,rEqQTNxdr08XMlSS3cvgBa2r0 + #TH12769.2,,,rEqQTNxdr08XMlSS3cvgBa2r0 + #TH12769.2
#TH10148,customer_148@example.com,paid,2026-03-28 19:43:03 +0500,fulfilled,2026-03-23 03:09:34 +0500,yes,PKR,1999.0,0.0,0.0,1999.0,,0.0,Delivery Charges,2026-03-21 11:59:38+00:00,1,Portable Resistance Band Sit-Up Trainer – Full Body Workout,1999.0,3999.0,TH162,True,False,fulfilled,Customer 148,XXXXXXXXXX,XXXXXXXXXX,Scheme-33,,Karachi,'65000,,PK,XXXXXXXXXX,Customer 148,XXXXXXXXXX,XXXXXXXXXX,Scheme-33,,Karachi,'65000,,PK,XXXXXXXXXX,Cy,,,Cash on Delivery (COD),#TH24341.1,0.0,TRENDHUB PAKISTAN,0.0,,,,6928678551772.0,Ship NOC,Low,web,0.0,GST 16%,0.0,,,,,,,,,XXXXXXXXXX,,,,,rbzNudzA8kvaSddoUcNQkeyz8 + #TH24341.1,,,rbzNudzA8kvaSddoUcNQkeyz8 + #TH24341.1
#TH10149,customer_149@example.com,paid,2025-09-28 12:54:14 +0500,fulfilled,2025-09-22 00:24:14 +0500,yes,PKR,1199.0,0.0,0.0,1199.0,,0.0,Delivery Charges,2025-09-21 03:03:36+00:00,1,Sink Sponge Holder - Faucet Rack,1199.0,2399.0,TH61,True,False,fulfilled,Customer 149,XXXXXXXXXX,XXXXXXXXXX,,,Abbottabad,,,PK,XXXXXXXXXX,Customer 149,XXXXXXXXXX,XXXXXXXXXX,,,Abbottabad,,,PK,XXXXXXXXXX,Confirm,,,Cash on Delivery (COD),#TH16257.1,0.0,TRENDHUB PAKISTAN,0.0,,,,6543918858460.0,Ship NOC,Low,web,0.0,GST 16%,0.0,,,,,,,,,XXXXXXXXXX,,,,,r6IyzqMumIbMcwKucYbDW5Q2f + #TH16257.1,,,r6IyzqMumIbMcwKucYbDW5Q2f + #TH16257.1
#TH10150,customer_150@example.com,paid,2025-08-12 19:48:41 +0500,fulfilled,2025-08-06 23:57:12 +0500,yes,PKR,1199.0,0.0,0.0,1199.0,,0.0,Delivery Charges,2025-08-06 04:47:09+00:00,1,Sink Sponge Holder - Faucet Rack,1199.0,2399.0,TH61,True,False,fulfilled,Customer 150,XXXXXXXXXX,XXXXXXXXXX,,,Karachi,,,PK,XXXXXXXXXX,Customer 150,XXXXXXXXXX,XXXXXXXXXX,,,Karachi,,,PK,XXXXXXXXXX,Confirm,,,Cash on Delivery (COD),#TH14277.2,0.0,TRENDHUB PAKISTAN,0.0,,,,6473921822940.0,JD Delivery,Low,web,0.0,GST 16%,0.0,,,,,,,,,XXXXXXXXXX,,,,,rXMCt3L5rTDpaSssQOz54Xrlq + #TH14277.2,,,rXMCt3L5rTDpaSssQOz54Xrlq + #TH14277.2
#TH10151,customer_151@example.com,paid,2025-09-08 12:43:30 +0500,fulfilled,2025-09-02 00:58:39 +0500,no,PKR,3999.0,0.0,0.0,3999.0,,0.0,Delivery Charges,2025-09-01 04:23:11+00:00,1,5-Tier Coat and Shoe Rack with Storage Shelf & 8 Hooks – Freestanding Organizer for Entryway & Bedroom,3999.0,7999.0,TH163,True,False,fulfilled,Customer 151,XXXXXXXXXX,XXXXXXXXXX,,,Karachi,'70350,,PK,XXXXXXXXXX,Customer 151,XXXXXXXXXX,XXXXXXXXXX,,,Karachi,'70350,,PK,XXXXXXXXXX,Confirm,,,Cash on Delivery (COD),#TH15437.2,0.0,TRENDHUB PAKISTAN,0.0,,,,6514184814812.0,JD Delivery,Low,web,0.0,GST 16%,0.0,,,,,,,,,XXXXXXXXXX,,,,,r3pzDpuKQOHsWaplA5OWJ3b8e + #TH15437.2,,,r3pzDpuKQOHsWaplA5OWJ3b8e + #TH15437.2
#TH10152,customer_152@example.com,paid,2025-09-21 00:59:55 +0500,fulfilled,2025-09-10 00:46:58 +0500,yes,PKR,1999.0,0.0,0.0,1999.0,,0.0,Delivery Charges,2025-09-09 14:19:28+00:00,1,Portable Resistance Band Sit-Up Trainer – Full Body Workout,1999.0,3999.0,TH162,True,False,fulfilled,Customer 152,XXXXXXXXXX,XXXXXXXXXX,Bunglow,,Islamabad,'45200,,PK,XXXXXXXXXX,Customer 152,XXXXXXXXXX,XXXXXXXXXX,Bunglow,,Islamabad,'45200,,PK,XXXXXXXXXX,Confirm,,,Cash on Delivery (COD),#TH15809.2,0.0,TRENDHUB PAKISTAN,0.0,,,,6528069828828.0,Ship NOC,Low,web,0.0,GST 16%,0.0,,,,,,,,,XXXXXXXXXX,,,,,rtwJXq64xffLPaU3wgXxyN72D + #TH15809.2,,,rtwJXq64xffLPaU3wgXxyN72D + #TH15809.2
#TH10153,customer_153@example.com,paid,2026-04-10 19:26:34 +0500,fulfilled,2026-04-03 01:02:33 +0500,no,PKR,699.0,250.0,0.0,949.0,,0.0,Shipping Charges,2026-04-02 13:12:52+00:00,1,Kitchen Sink Splash Guard – Extra Wide Water Protection - Pack of 1,699.0,1399.0,TH232,True,False,fulfilled,Customer 153,XXXXXXXXXX,XXXXXXXXXX,,,sargodha,'0000,,PK,XXXXXXXXXX,Customer 153,XXXXXXXXXX,XXXXXXXXXX,,,sargodha,'0000,,PK,XXXXXXXXXX,Can,,,Cash on Delivery (COD),#TH25083.1,0.0,TRENDHUB PAKISTAN,0.0,,,,6961126408412.0,Ship NOC,Low,web,0.0,GST 16%,0.0,,,,,,,,,XXXXXXXXXX,,,,,rqgSY1Y9VYtK0raKCvjXPGU2n + #TH25083.1,,,rqgSY1Y9VYtK0raKCvjXPGU2n + #TH25083.1
#TH10154,customer_154@example.com,paid,2026-01-10 19:51:26 +0500,fulfilled,2025-12-31 01:35:37 +0500,yes,PKR,2199.0,0.0,0.0,2199.0,,0.0,Delivery Charges,2025-12-30 08:08:53+00:00,1,Safe Mandoline Slicer - Multi Vegetable Chopper - Multi Vegetable Chopper,2199.0,4799.0,TH72,True,False,fulfilled,Customer 154,XXXXXXXXXX,XXXXXXXXXX,Wazirabad road near Imtiaz mall,,Sialkot,,,PK,XXXXXXXXXX,Customer 154,XXXXXXXXXX,XXXXXXXXXX,Wazirabad road near Imtiaz mall,,Sialkot,,,PK,XXXXXXXXXX,Confirm,,,Cash on Delivery (COD),#TH19730.1,0.0,TRENDHUB PAKISTAN,0.0,,,,6772075200732.0,Ship NOC,Low,web,0.0,GST 16%,0.0,,,,,,,,,XXXXXXXXXX,,,,,rbZk5BTcJM2Z9eHyuUKZgTbFQ + #TH19730.1,,,rbZk5BTcJM2Z9eHyuUKZgTbFQ + #TH19730.1
#TH10155,customer_155@example.com,paid,2026-01-17 12:24:31 +0500,fulfilled,2026-01-09 02:03:36 +0500,no,PKR,4299.0,0.0,0.0,4299.0,,0.0,Delivery Charges,2026-01-08 19:36:15+00:00,1,Heavy-Duty Multi-Layer Shoe Cabinet Organizer - 4 - Layer,4299.0,8399.0,TH174,True,False,fulfilled,Customer 155,XXXXXXXXXX,XXXXXXXXXX,,,PESHAWAR,,,PK,XXXXXXXXXX,Customer 155,XXXXXXXXXX,XXXXXXXXXX,,,PESHAWAR,,,PK,XXXXXXXXXX,Can,,,Cash on Delivery (COD),#TH20212.1,0.0,TRENDHUB PAKISTAN,0.0,,,,6788473258204.0,Ship NOC,Low,web,0.0,GST 16%,0.0,,,,,,,,,XXXXXXXXXX,,,,,rfZGK5PrVhpcsrvseurdpUUWu + #TH20212.1,,,rfZGK5PrVhpcsrvseurdpUUWu + #TH20212.1
#TH10156,customer_156@example.com,paid,2025-12-07 15:37:01 +0500,fulfilled,2025-11-28 01:31:28 +0500,yes,PKR,3499.0,0.0,0.0,3499.0,,0.0,Delivery Charges,2025-11-27 14:56:06+00:00,1,Kitchen Countertop Storage Rack | Heavy-Duty Adjustable Microwave Organizer Stand,3499.0,5999.0,TH214,True,False,fulfilled,Customer 156,XXXXXXXXXX,XXXXXXXXXX,,,Karachi,'44000,,PK,XXXXXXXXXX,Customer 156,XXXXXXXXXX,XXXXXXXXXX,,,Karachi,'44000,,PK,XXXXXXXXXX,Confirm,,,Cash on Delivery (COD),#TH18468.1,0.0,TRENDHUB PAKISTAN,0.0,,,,6703928508636.0,Ship NOC,Low,web,0.0,GST 16%,0.0,,,,,,,,,XXXXXXXXXX,,,,,r2XsnPQ97LiIIAnPeDR5HIRj8 + #TH18468.1,,,r2XsnPQ97LiIIAnPeDR5HIRj8 + #TH18468.1
#TH10157,customer_157@example.com,paid,2025-10-26 15:22:14 +0500,fulfilled,2025-10-14 04:01:44 +0500,yes,PKR,4299.0,0.0,0.0,4299.0,,0.0,Delivery Charges,2025-10-13 03:15:10+00:00,1,Heavy-Duty Multi-Layer Shoe Cabinet Organizer - 4 - Layer,4299.0,8399.0,TH174,True,False,fulfilled,Customer 157,XXXXXXXXXX,XXXXXXXXXX,,,Rawalpindi,'46100,,PK,XXXXXXXXXX,Customer 157,XXXXXXXXXX,XXXXXXXXXX,,,Rawalpindi,'46100,,PK,XXXXXXXXXX,Confirm,,,Cash on Delivery (COD),#TH17025.1,0.0,TRENDHUB PAKISTAN,0.0,,,,6582030729436.0,Ship NOC,Low,web,0.0,GST 16%,0.0,,,,,,,,,XXXXXXXXXX,,,,,r8BpBoFlG5ycurMptL5BjxOIT + #TH17025.1,,,r8BpBoFlG5ycurMptL5BjxOIT + #TH17025.1
#TH10158,customer_158@example.com,paid,2025-10-05 05:32:49 +0500,fulfilled,2025-09-22 00:24:59 +0500,yes,PKR,4499.0,0.0,0.0,4499.0,,0.0,Delivery Charges,2025-09-20 19:20:17+00:00,1,Metal Shoe Rack with Coat Hooks – Dustproof Entryway Shoe Cabinet & Organizer - 5 - Layer,4499.0,7999.0,TH189,True,False,fulfilled,Customer 158,XXXXXXXXXX,XXXXXXXXXX,,,کمالیہ,'03046906850,,PK,XXXXXXXXXX,Customer 158,XXXXXXXXXX,XXXXXXXXXX,,,کمالیہ,'03046906850,,PK,XXXXXXXXXX,Confirm,,,Cash on Delivery (COD),#TH16253.1,0.0,TRENDHUB PAKISTAN,0.0,,,,6543527903452.0,Ship NOC,Low,web,0.0,GST 16%,0.0,,,,,,,,,XXXXXXXXXX,,,,,rac49q1ZStOXcq0AfAAzZ5QXh + #TH16253.1,,,rac49q1ZStOXcq0AfAAzZ5QXh + #TH16253.1
#TH10159,customer_159@example.com,paid,2025-09-07 01:47:40 +0500,fulfilled,2025-08-25 00:28:56 +0500,yes,PKR,4499.0,0.0,0.0,4499.0,,0.0,Delivery Charges,2025-08-24 04:32:22+00:00,1,Heavy-Duty Multi-Layer Shoe Cabinet Organizer - 5 - Layer,4499.0,8999.0,TH166,True,False,fulfilled,Customer 159,XXXXXXXXXX,XXXXXXXXXX,,,Daska,'03007465131,,PK,XXXXXXXXXX,Customer 159,XXXXXXXXXX,XXXXXXXXXX,,,Daska,'03007465131,,PK,XXXXXXXXXX,Confirm,,,Cash on Delivery (COD),#TH15096.2,0.0,TRENDHUB PAKISTAN,0.0,,,,6502233506012.0,Ship NOC,Low,web,0.0,GST 16%,0.0,,,,,,,,,XXXXXXXXXX,,,,,rhYAIUVXkF4iDVuidAMKolsDW + #TH15096.2,,,rhYAIUVXkF4iDVuidAMKolsDW + #TH15096.2
#TH10160,customer_160@example.com,paid,2025-09-07 01:35:32 +0500,fulfilled,2025-08-25 00:27:00 +0500,no,PKR,1199.0,0.0,0.0,1199.0,,0.0,Delivery Charges,2025-08-24 10:16:02+00:00,1,Sink Sponge Holder - Faucet Rack,1199.0,2399.0,TH61,True,False,fulfilled,Customer 160,XXXXXXXXXX,XXXXXXXXXX,,,Multan,'940000,,PK,XXXXXXXXXX,Customer 160,XXXXXXXXXX,XXXXXXXXXX,,,Multan,'940000,,PK,XXXXXXXXXX,Confirm,,,Cash on Delivery (COD),#TH15108.2,0.0,TRENDHUB PAKISTAN,0.0,,,,6502488637660.0,Ship NOC,Low,web,0.0,GST 16%,0.0,,,,,,,,,XXXXXXXXXX,,,,,r0jRXVMjEyAXWu3cFEqKAupHR + #TH15108.2,,,r0jRXVMjEyAXWu3cFEqKAupHR + #TH15108.2
#TH10161,customer_161@example.com,paid,2026-06-07 03:48:16 +0500,fulfilled,2026-06-03 00:26:59 +0500,yes,PKR,2199.0,0.0,0.0,2199.0,,0.0,Delivery Charges,2026-06-01 20:35:41+00:00,1,Safe Mandoline Slicer - Multi Vegetable Chopper - Multi Vegetable Chopper,2199.0,4799.0,TH72,True,False,fulfilled,Customer 161,XXXXXXXXXX,XXXXXXXXXX,,,Karachi,'75300,,PK,XXXXXXXXXX,Customer 161,XXXXXXXXXX,XXXXXXXXXX,,,Karachi,'75300,,PK,XXXXXXXXXX,Ct,,,Cash on Delivery (COD),#TH28445.1,0.0,TRENDHUB PAKISTAN,0.0,,,,7096296964316.0,Ship NOC,Low,web,0.0,GST 16%,0.0,,,,,,,,,XXXXXXXXXX,,,,,rweV7RGBvETe5L98b3iD49aox + #TH28445.1,,,rweV7RGBvETe5L98b3iD49aox + #TH28445.1
#TH10162,customer_162@example.com,paid,2025-09-14 01:47:17 +0500,fulfilled,2025-09-03 00:30:07 +0500,no,PKR,1199.0,0.0,0.0,1199.0,,0.0,Delivery Charges,2025-09-02 12:31:36+00:00,1,Sink Sponge Holder - Faucet Rack,1199.0,2399.0,TH61,True,False,fulfilled,Customer 162,XXXXXXXXXX,XXXXXXXXXX,,,Lahore,,,PK,XXXXXXXXXX,Customer 162,XXXXXXXXXX,XXXXXXXXXX,,,Lahore,,,PK,XXXXXXXXXX,Confirm,,,Cash on Delivery (COD),#TH15501.2,0.0,TRENDHUB PAKISTAN,0.0,,,,6516440826076.0,Ship NOC,Low,web,0.0,GST 16%,0.0,,,,,,,,,XXXXXXXXXX,,,,,riMRfz98OLzx89tCAuYRRNjG1 + #TH15501.2,,,riMRfz98OLzx89tCAuYRRNjG1 + #TH15501.2
#TH10163,customer_163@example.com,paid,2026-03-01 02:09:51 +0500,fulfilled,2026-02-16 00:46:21 +0500,yes,PKR,5199.0,0.0,0.0,5199.0,,0.0,Delivery Charges,2026-02-15 02:50:42+00:00,1,Automatic Peeler Machine,5199.0,10999.0,TH217,True,False,fulfilled,Customer 163,XXXXXXXXXX,XXXXXXXXXX,"Asghar , Nazia , Hadia , Hania , Hamdan",,Sargodha,'40100,,PK,XXXXXXXXXX,Customer 163,XXXXXXXXXX,XXXXXXXXXX,"Asghar , Nazia , Hadia , Hania , Hamdan",,Sargodha,'40100,,PK,XXXXXXXXXX,Can,,,Cash on Delivery (COD),#TH22204.1,0.0,TRENDHUB PAKISTAN,0.0,,,,6860814942428.0,Ship NOC,Low,web,0.0,GST 16%,0.0,,,,,,,,,XXXXXXXXXX,,,,,r8ZYLn13i0IHRLPewNwiV3qVd + #TH22204.1,,,r8ZYLn13i0IHRLPewNwiV3qVd + #TH22204.1
#TH10164,customer_164@example.com,paid,2026-03-12 15:17:44 +0500,fulfilled,2026-03-02 02:00:11 +0500,yes,PKR,2299.0,0.0,0.0,2299.0,,0.0,Delivery Charges,2026-03-01 14:25:44+00:00,1,3 in 1 Handheld Vacuum Cleaner,2299.0,4599.0,TH121,True,False,fulfilled,Customer 164,XXXXXXXXXX,XXXXXXXXXX,,,Kohat,'26000,,PK,XXXXXXXXXX,Customer 164,XXXXXXXXXX,XXXXXXXXXX,,,Kohat,'26000,,PK,XXXXXXXXXX,Cy,,,Cash on Delivery (COD),#TH23047.1,0.0,TRENDHUB PAKISTAN,0.0,,,,6890800382172.0,Ship NOC,Low,web,0.0,GST 16%,0.0,,,,,,,,,XXXXXXXXXX,,,,,rci6SBGgEXUFPzEOU50CEEEMu + #TH23047.1,,,rci6SBGgEXUFPzEOU50CEEEMu + #TH23047.1
#TH10165,customer_165@example.com,paid,2025-08-03 01:56:30 +0500,fulfilled,2025-07-25 00:37:04 +0500,yes,PKR,2499.0,0.0,0.0,2499.0,,0.0,Delivery Charges,2025-07-23 21:30:34+00:00,1,Safe Mandoline Slicer - Multi Vegetable Chopper - 16 in 1 Vegetable Cutter,2499.0,4399.0,TH77,True,False,fulfilled,Customer 165,XXXXXXXXXX,XXXXXXXXXX,,,Pakistan,,,PK,XXXXXXXXXX,Customer 165,XXXXXXXXXX,XXXXXXXXXX,,,Lahore,,,PK,XXXXXXXXXX,Can,,,Cash on Delivery (COD),#TH13694.2,0.0,TRENDHUB PAKISTAN,0.0,,,,6454042067164.0,Ship NOC,Low,web,0.0,GST 16%,0.0,,,,,,,,,XXXXXXXXXX,,,,,r7Bvelk3nF9xVlAX0okEl4brJ + #TH13694.2,,,r7Bvelk3nF9xVlAX0okEl4brJ + #TH13694.2
#TH10166,customer_166@example.com,paid,2026-04-10 19:24:06 +0500,fulfilled,2026-03-31 00:19:19 +0500,no,PKR,999.0,250.0,0.0,1249.0,,0.0,Shipping Charges,2026-03-30 15:28:39+00:00,1,Kinoki Detox Foot Pads – Natural Foot Pain Relief Patches (10 Pack) - Pack of 10,999.0,1999.0,TH230,True,False,fulfilled,Customer 166,XXXXXXXXXX,XXXXXXXXXX,"House No. 631 Ravi Block Allama Iqbal Town, Lahore",,Lahore,,,PK,XXXXXXXXXX,Customer 166,XXXXXXXXXX,XXXXXXXXXX,"House No. 631 Ravi Block Allama Iqbal Town, Lahore",,Lahore,,,PK,XXXXXXXXXX,confirmed,,,Cash on Delivery (COD),#TH24921.1,0.0,TRENDHUB PAKISTAN,0.0,,,,6951948058844.0,Ship NOC,Low,web,0.0,GST 16%,0.0,,,,,,,,,XXXXXXXXXX,,,,,rwqyRkFLYlwqSpC13K9c01cIH + #TH24921.1,,,rwqyRkFLYlwqSpC13K9c01cIH + #TH24921.1
#TH10167,customer_167@example.com,paid,2026-04-18 19:07:49 +0500,fulfilled,2026-04-06 00:37:09 +0500,yes,PKR,1499.0,250.0,0.0,1749.0,,0.0,Shipping Charges,2026-04-05 15:54:30+00:00,1,Kitchen Sink Splash Guard – Extra Wide Water Protection - Pack of 3,1499.0,2999.0,TH234,True,False,fulfilled,Customer 167,XXXXXXXXXX,XXXXXXXXXX,,,Guliyna,'54000,,PK,XXXXXXXXXX,Customer 167,XXXXXXXXXX,XXXXXXXXXX,,,Guliyna,'54000,,PK,XXXXXXXXXX,Cy,,,Cash on Delivery (COD),#TH25250.1,0.0,TRENDHUB PAKISTAN,0.0,,,,6966455763164.0,Ship NOC,Low,web,0.0,GST 16%,0.0,,,,,,,,,XXXXXXXXXX,,,,,roIj8UWrXYLwcAV7AaZHQDpvN + #TH25250.1,,,roIj8UWrXYLwcAV7AaZHQDpvN + #TH25250.1
#TH10168,customer_168@example.com,paid,2026-05-10 03:02:14 +0500,fulfilled,2026-05-04 00:16:23 +0500,yes,PKR,699.0,250.0,0.0,949.0,,0.0,Shipping Charges,2026-05-03 07:21:07+00:00,1,Kitchen Sink Splash Guard – Extra Wide Water Protection - Pack of 1,699.0,1399.0,TH232,True,False,fulfilled,Customer 168,XXXXXXXXXX,XXXXXXXXXX,,,Multan,'60700,,PK,XXXXXXXXXX,Customer 168,XXXXXXXXXX,XXXXXXXXXX,,,Multan,'60700,,PK,XXXXXXXXXX,Can,,,Cash on Delivery (COD),#TH26609.1,0.0,TRENDHUB PAKISTAN,0.0,,,,7026031624412.0,Ship NOC,Low,web,0.0,GST 16%,0.0,,,,,,,,,XXXXXXXXXX,,,,,r5EOfC1f9L3AMvqIphoFUQXBU + #TH26609.1,,,r5EOfC1f9L3AMvqIphoFUQXBU + #TH26609.1
#TH10169,customer_169@example.com,paid,2026-01-31 21:49:29 +0500,fulfilled,2026-01-20 00:06:14 +0500,no,PKR,2299.0,0.0,0.0,2299.0,,0.0,Delivery Charges,2026-01-19 10:09:22+00:00,1,3 in 1 Handheld Vacuum Cleaner,2299.0,4599.0,TH121,True,False,fulfilled,Customer 169,XXXXXXXXXX,XXXXXXXXXX,,,Lahore,'54782,,PK,XXXXXXXXXX,Customer 169,XXXXXXXXXX,XXXXXXXXXX,,,Lahore,'54782,,PK,XXXXXXXXXX,Can,,,Cash on Delivery (COD),#TH20730.1,0.0,TRENDHUB PAKISTAN,0.0,,,,6809000640732.0,Ship NOC,Low,web,0.0,GST 16%,0.0,,,,,,,,,XXXXXXXXXX,,,,,rY4JQDDRKLoTHL2fDeQWIAJQl + #TH20730.1,,,rY4JQDDRKLoTHL2fDeQWIAJQl + #TH20730.1
#TH10170,customer_170@example.com,paid,2025-09-28 13:06:49 +0500,fulfilled,2025-09-19 01:01:50 +0500,yes,PKR,4499.0,0.0,0.0,4499.0,,0.0,Delivery Charges,2025-09-18 08:06:22+00:00,1,Heavy-Duty Multi-Layer Shoe Cabinet Organizer - 5 - Layer,4499.0,8999.0,TH166,True,False,fulfilled,Customer 170,XXXXXXXXXX,XXXXXXXXXX,,Irfan Ulhaq,Waha cant,,,PK,XXXXXXXXXX,Customer 170,XXXXXXXXXX,XXXXXXXXXX,,Irfan Ulhaq,Waha cant,,,PK,XXXXXXXXXX,Confirm,,,Cash on Delivery (COD),#TH16147.1,0.0,TRENDHUB PAKISTAN,0.0,,,,6540218925276.0,Ship NOC,Low,web,0.0,GST 16%,0.0,,,,,,,,,XXXXXXXXXX,,,,,rAFBLGMIDqZ3O6maEbhe26VGF + #TH16147.1,,,rAFBLGMIDqZ3O6maEbhe26VGF + #TH16147.1
#TH10171,customer_171@example.com,paid,2025-10-11 02:48:08 +0500,fulfilled,2025-10-03 03:11:09 +0500,yes,PKR,2299.0,0.0,0.0,2299.0,,0.0,Delivery Charges,2025-10-02 05:27:49+00:00,1,3 in 1 Handheld Vacuum Cleaner,2299.0,4599.0,TH121,True,False,fulfilled,Customer 171,XXXXXXXXXX,XXXXXXXXXX,,,Gujranwala,,,PK,XXXXXXXXXX,Customer 171,XXXXXXXXXX,XXXXXXXXXX,,,Gujranwala,,,PK,XXXXXXXXXX,Confirm,,,Cash on Delivery (COD),#TH16619.1,0.0,TRENDHUB PAKISTAN,0.0,,,,6560348405980.0,Ship NOC,Low,web,0.0,GST 16%,0.0,,,,,,,,,XXXXXXXXXX,,,,,rek6QGjuxqm1KAkM4zF3UnQSN + #TH16619.1,,,rek6QGjuxqm1KAkM4zF3UnQSN + #TH16619.1
#TH10172,customer_172@example.com,paid,2025-08-03 01:43:38 +0500,fulfilled,2025-07-23 00:34:44 +0500,no,PKR,2299.0,0.0,0.0,2299.0,,0.0,Delivery Charges,2025-07-22 10:58:56+00:00,1,3 in 1 Handheld Vacuum Cleaner,2299.0,4599.0,TH121,True,False,fulfilled,Customer 172,XXXXXXXXXX,XXXXXXXXXX,Pull 111,Saqib Bhatti,Sargodha Chk Number 120jnubi,,,PK,XXXXXXXXXX,Customer 172,XXXXXXXXXX,XXXXXXXXXX,Pull 111,Saqib Bhatti,Sargodha Chk Number 120jnubi,,,PK,XXXXXXXXXX,Confirm,,,Cash on Delivery (COD),#TH13631.2,0.0,TRENDHUB PAKISTAN,0.0,,,,6451965362396.0,Ship NOC,Low,web,0.0,GST 16%,0.0,,,,,,,,,XXXXXXXXXX,,,,,r5WMJCvo9aGN4wDqUoOUvKZSq + #TH13631.2,,,r5WMJCvo9aGN4wDqUoOUvKZSq + #TH13631.2
#TH10173,customer_173@example.com,paid,2026-03-20 15:00:00 +0500,fulfilled,2026-03-11 00:09:09 +0500,no,PKR,1199.0,0.0,0.0,1199.0,,0.0,Delivery Charges,2026-03-10 17:20:18+00:00,1,Sink Sponge Holder - Faucet Rack,1199.0,2399.0,TH61,True,False,fulfilled,Customer 173,XXXXXXXXXX,XXXXXXXXXX,,,Gujrat,,,PK,XXXXXXXXXX,Customer 173,XXXXXXXXXX,XXXXXXXXXX,,,Gujrat,,,PK,XXXXXXXXXX,Ct,,,Cash on Delivery (COD),#TH23585.1,0.0,TRENDHUB PAKISTAN,0.0,,,,6910622269660.0,Ship NOC,Low,web,0.0,GST 16%,0.0,,,,,,,,,XXXXXXXXXX,,,,,remKZy1OV3N2BrsrG5inBT2GX + #TH23585.1,,,remKZy1OV3N2BrsrG5inBT2GX + #TH23585.1
#TH10174,customer_174@example.com,paid,2025-12-07 15:23:09 +0500,fulfilled,2025-11-22 00:08:47 +0500,yes,PKR,4299.0,0.0,0.0,4299.0,,0.0,Delivery Charges,2025-11-20 17:04:56+00:00,1,Heavy-Duty Multi-Layer Shoe Cabinet Organizer - 4 - Layer,4299.0,8399.0,TH174,True,False,fulfilled,Customer 174,XXXXXXXXXX,XXXXXXXXXX,,,Shaheed Benazirabad,'67450,,PK,XXXXXXXXXX,Customer 174,XXXXXXXXXX,XXXXXXXXXX,,,Shaheed Benazirabad,'67450,,PK,XXXXXXXXXX,Confirm,,,Cash on Delivery (COD),#TH18227.1,0.0,TRENDHUB PAKISTAN,0.0,,,,6666060464348.0,Ship NOC,Low,web,0.0,GST 16%,0.0,,,,,,,,,XXXXXXXXXX,,,,,rwnqbVl1WwvfRmkZmS5llxEL2 + #TH18227.1,,,rwnqbVl1WwvfRmkZmS5llxEL2 + #TH18227.1
#TH10175,customer_175@example.com,paid,2026-02-21 21:23:03 +0500,fulfilled,2026-02-10 01:06:00 +0500,yes,PKR,2199.0,0.0,0.0,2199.0,,0.0,Delivery Charges,2026-02-09 02:29:38+00:00,1,Safe Mandoline Slicer - Multi Vegetable Chopper - Multi Vegetable Chopper,2199.0,4799.0,TH72,True,False,fulfilled,Customer 175,XXXXXXXXXX,XXXXXXXXXX,,,لالہ موسیٰ,,,PK,XXXXXXXXXX,Customer 175,XXXXXXXXXX,XXXXXXXXXX,,,لالہ موسیٰ,,,PK,XXXXXXXXXX,Ct,,,Cash on Delivery (COD),#TH21859.1,0.0,TRENDHUB PAKISTAN,0.0,,,,6842659307740.0,Ship NOC,Low,web,0.0,GST 16%,0.0,,,,,,,,,XXXXXXXXXX,,,,,rKvFTIJYDKMSgCG42c9cignWb + #TH21859.1,,,rKvFTIJYDKMSgCG42c9cignWb + #TH21859.1
#TH10176,customer_176@example.com,paid,2026-03-08 05:19:30 +0500,fulfilled,2026-03-02 02:11:27 +0500,no,PKR,999.0,250.0,0.0,1249.0,,0.0,Shipping Charges,2026-02-28 18:29:43+00:00,1,Kinoki Detox Foot Pads – Natural Foot Pain Relief Patches (10 Pack) - Pack of 10,999.0,1999.0,TH230,True,False,fulfilled,Customer 176,XXXXXXXXXX,XXXXXXXXXX,,,Multan,,,PK,XXXXXXXXXX,Customer 176,XXXXXXXXXX,XXXXXXXXXX,,,Multan,,,PK,XXXXXXXXXX,Confirm,,,Cash on Delivery (COD),#TH22974.1,0.0,TRENDHUB PAKISTAN,0.0,,,,6889462530268.0,Ship NOC,Low,web,0.0,GST 16%,0.0,,,,,,,,,XXXXXXXXXX,,,,,r5L9dSTEAgz8Vtl1NC973m5NH + #TH22974.1,,,r5L9dSTEAgz8Vtl1NC973m5NH + #TH22974.1
#TH10177,customer_177@example.com,paid,2026-04-04 02:29:18 +0500,fulfilled,2026-03-28 01:30:51 +0500,no,PKR,699.0,250.0,0.0,949.0,,0.0,Shipping Charges,2026-03-27 07:44:30+00:00,1,Kitchen Sink Splash Guard – Extra Wide Water Protection - Pack of 1,699.0,1399.0,TH232,True,False,fulfilled,Customer 177,XXXXXXXXXX,XXXXXXXXXX,R 153,,Karachi,,,PK,XXXXXXXXXX,Customer 177,XXXXXXXXXX,XXXXXXXXXX,R 153,,Karachi,,,PK,XXXXXXXXXX,Cy,,,Cash on Delivery (COD),#TH24704.1,0.0,TRENDHUB PAKISTAN,0.0,,,,6944911163612.0,Ship NOC,Low,web,0.0,GST 16%,0.0,,,,,,,,,XXXXXXXXXX,,,,,rlQijakuVogHbYoZwYvUxxiK8 + #TH24704.1,,,rlQijakuVogHbYoZwYvUxxiK8 + #TH24704.1
#TH10178,customer_178@example.com,paid,2025-09-21 00:49:07 +0500,fulfilled,2025-09-08 00:40:19 +0500,yes,PKR,4199.0,0.0,0.0,4199.0,,0.0,Delivery Charges,2025-09-07 14:17:14+00:00,1,Heavy-Duty Multi-Layer Shoe Cabinet Organizer - 4 - Layer,4199.0,8399.0,TH174,True,False,fulfilled,Customer 178,XXXXXXXXXX,XXXXXXXXXX,,,Lahore,'54000,,PK,XXXXXXXXXX,Customer 178,XXXXXXXXXX,XXXXXXXXXX,,,Lahore,'54000,,PK,XXXXXXXXXX,Confirm,,,Cash on Delivery (COD),#TH15729.2,0.0,TRENDHUB PAKISTAN,0.0,,,,6525000417500.0,Ship NOC,Low,web,0.0,GST 16%,0.0,,,,,,,,,XXXXXXXXXX,,,,,rXSjXpLThAFYbsEplVKqEn3p9 + #TH15729.2,,,rXSjXpLThAFYbsEplVKqEn3p9 + #TH15729.2
#TH10179,customer_179@example.com,paid,2025-06-22 02:56:56 +0500,fulfilled,2025-06-09 15:06:20 +0500,no,PKR,2299.0,0.0,0.0,2299.0,,0.0,Delivery Charges,2025-06-05 22:22:59+00:00,1,3 in 1 Handheld Vacuum Cleaner,2299.0,4599.0,TH121,True,False,fulfilled,Customer 179,XXXXXXXXXX,XXXXXXXXXX,,,Hazro,,,PK,XXXXXXXXXX,Customer 179,XXXXXXXXXX,XXXXXXXXXX,,,Hazro,,,PK,XXXXXXXXXX,Order has been shipped via PostEx with Tracking 23150530008839. ,"hxs_courier_name: PostEx
hxs_courier_tracking: 23150530008839
hxs_courier_url: https://postex.pk/tracking?cn=23150530008839
hxs_courier_label: https://merchant.postex.pk/get-invoice?trackingNumbers=23150530008839",,Cash on Delivery (COD),#TH11639.2,0.0,TRENDHUB PAKISTAN,0.0,,,,6385872535772.0,PostEx,Low,web,0.0,GST 16%,0.0,,,,,,,,,XXXXXXXXXX,,,,,rK2s9NR4aL1zmMnmwKr8oWl9S + #TH11639.2,,,rK2s9NR4aL1zmMnmwKr8oWl9S + #TH11639.2
#TH10180,customer_180@example.com,paid,2025-08-31 02:41:32 +0500,fulfilled,2025-08-18 01:30:50 +0500,no,PKR,1999.0,0.0,0.0,1999.0,,0.0,Delivery Charges,2025-08-17 18:35:27+00:00,1,Portable Resistance Band Sit-Up Trainer – Full Body Workout,1999.0,3999.0,TH162,True,False,fulfilled,Customer 180,XXXXXXXXXX,XXXXXXXXXX,,,Lahore,'576400,,PK,XXXXXXXXXX,Customer 180,XXXXXXXXXX,XXXXXXXXXX,,,Lahore,'576400,,PK,XXXXXXXXXX,Confirm,,,Cash on Delivery (COD),#TH14819.2,0.0,TRENDHUB PAKISTAN,0.0,,,,6493016391900.0,Ship NOC,Low,web,0.0,GST 16%,0.0,,,,,,,,,XXXXXXXXXX,,,,,reJJw0vcRmCMELj9NZ8bemkv8 + #TH14819.2,,,reJJw0vcRmCMELj9NZ8bemkv8 + #TH14819.2
#TH10181,customer_181@example.com,paid,2026-05-01 20:21:42 +0500,fulfilled,2026-04-24 00:40:37 +0500,yes,PKR,1199.0,0.0,0.0,1199.0,,0.0,Delivery Charges,2026-04-22 20:33:18+00:00,1,Sink Sponge Holder - Faucet Rack,1199.0,2399.0,TH61,True,False,fulfilled,Customer 181,XXXXXXXXXX,XXXXXXXXXX,,,Rawalpindi,,,PK,XXXXXXXXXX,Customer 181,XXXXXXXXXX,XXXXXXXXXX,,,Rawalpindi,,,PK,XXXXXXXXXX,Can,,,Cash on Delivery (COD),#TH26123.1,0.0,TRENDHUB PAKISTAN,0.0,,,,7004008939740.0,Ship NOC,Low,web,0.0,GST 16%,0.0,,,,,,,,,XXXXXXXXXX,,,,,rLndtvGVd7vA2O3of6lAEaReY + #TH26123.1,,,rLndtvGVd7vA2O3of6lAEaReY + #TH26123.1
#TH10182,customer_182@example.com,paid,2026-03-01 02:33:05 +0500,fulfilled,2026-02-17 23:56:16 +0500,yes,PKR,2199.0,0.0,0.0,2199.0,,0.0,Delivery Charges,2026-02-17 08:35:51+00:00,1,Safe Mandoline Slicer - Multi Vegetable Chopper - Multi Vegetable Chopper,2199.0,4799.0,TH72,True,False,fulfilled,Customer 182,XXXXXXXXXX,XXXXXXXXXX,,,Lahore,,,PK,XXXXXXXXXX,Customer 182,XXXXXXXXXX,XXXXXXXXXX,,,Lahore,,,PK,XXXXXXXXXX,Order has been shipped via Tranzo with Tracking T0080306854423887. Ct,"tranzo_courier_name: Tranzo
tranzo_courier_tracking: T0080306854423887
tranzo_courier_url: https://tranzo.pk/track-order?tn=T0080306854423887",,Cash on Delivery (COD),#TH22330.1,0.0,TRENDHUB PAKISTAN,0.0,,,,6869370011868.0,Tranzo,Low,web,0.0,GST 16%,0.0,,,,,,,,,XXXXXXXXXX,,,,,r8AuocxTKrBv0axWXXezDsPS9 + #TH22330.1,,,r8AuocxTKrBv0axWXXezDsPS9 + #TH22330.1
#TH10183,customer_183@example.com,paid,2026-03-08 05:19:32 +0500,fulfilled,2026-03-02 02:07:18 +0500,yes,PKR,2499.0,0.0,0.0,2499.0,,0.0,Delivery Charges,2026-03-01 05:28:55+00:00,1,Safe Mandoline Slicer - Multi Vegetable Chopper - 16 in 1 Vegetable Cutter,2499.0,4399.0,TH77,True,False,fulfilled,Customer 183,XXXXXXXXXX,XXXXXXXXXX,,,Faisalabad,'38000,,PK,XXXXXXXXXX,Customer 183,XXXXXXXXXX,XXXXXXXXXX,,,Faisalabad,'38000,,PK,XXXXXXXXXX,Confirm,,,Cash on Delivery (COD),#TH22999.1,0.0,TRENDHUB PAKISTAN,0.0,,,,6890269606108.0,Ship NOC,Low,web,0.0,GST 16%,0.0,,,,,,,,,XXXXXXXXXX,,,,,rauz8icmgsYrRtlaXdXgB8pzV + #TH22999.1,,,rauz8icmgsYrRtlaXdXgB8pzV + #TH22999.1
#TH10184,customer_184@example.com,paid,2025-06-29 01:04:17 +0500,fulfilled,2025-06-13 02:20:38 +0500,yes,PKR,1039.0,0.0,0.0,1039.0,,0.0,Delivery Charges,2025-06-12 09:43:23+00:00,1,Arc Lighter with USB Charging.,1039.0,1499.0,TH1,True,False,fulfilled,Customer 184,XXXXXXXXXX,XXXXXXXXXX,,,Faisalabad,'38000,,PK,XXXXXXXXXX,Customer 184,XXXXXXXXXX,XXXXXXXXXX,,,Faisalabad,'38000,,PK,XXXXXXXXXX,Order has been shipped via PostEx with Tracking 29150530009113. Confirm,"hxs_courier_name: PostEx
hxs_courier_tracking: 29150530009113
hxs_courier_url: https://postex.pk/tracking?cn=29150530009113
hxs_courier_label: https://merchant.postex.pk/get-invoice?trackingNumbers=29150530009113",,Cash on Delivery (COD),#TH11936.2,0.0,TRENDHUB PAKISTAN,0.0,,,,6397004939484.0,PostEx,Low,web,0.0,GST 16%,0.0,,,,,,,,,XXXXXXXXXX,,,,,rSLA7fVXHlgx95uM6An99bmNA + #TH11936.2,,,rSLA7fVXHlgx95uM6An99bmNA + #TH11936.2
#TH10185,customer_185@example.com,paid,2026-04-12 16:13:07 +0500,fulfilled,2026-03-30 00:56:16 +0500,no,PKR,1199.0,250.0,0.0,1449.0,,0.0,Shipping Charges,2026-03-29 06:05:35+00:00,1,Kitchen Sink Splash Guard – Extra Wide Water Protection - Pack of 2,1199.0,2399.0,TH233,True,False,fulfilled,Customer 185,XXXXXXXXXX,XXXXXXXXXX,,,Faisalabad,'38000,,PK,XXXXXXXXXX,Customer 185,XXXXXXXXXX,XXXXXXXXXX,,,Faisalabad,'38000,,PK,XXXXXXXXXX,Ct,,,Cash on Delivery (COD),#TH24818.1,0.0,TRENDHUB PAKISTAN,0.0,,,,6949402247388.0,Ship NOC,Low,web,0.0,GST 16%,0.0,,,,,,,,,XXXXXXXXXX,,,,,riBSNha5PXIHIqXEuzf2rMjQZ + #TH24818.1,,,riBSNha5PXIHIqXEuzf2rMjQZ + #TH24818.1
#TH10186,customer_186@example.com,paid,2025-12-21 02:31:23 +0500,fulfilled,2025-12-12 01:13:11 +0500,yes,PKR,1199.0,0.0,0.0,1199.0,,0.0,Delivery Charges,2025-12-10 21:54:22+00:00,1,Sink Sponge Holder - Faucet Rack,1199.0,2399.0,TH61,True,False,fulfilled,Customer 186,XXXXXXXXXX,XXXXXXXXXX,,,Mehrabpur,'67211,,PK,XXXXXXXXXX,Customer 186,XXXXXXXXXX,XXXXXXXXXX,,,Mehrabpur,'67211,,PK,XXXXXXXXXX,Confirm,,,Cash on Delivery (COD),#TH18914.1,0.0,TRENDHUB PAKISTAN,0.0,,,,6734244184284.0,Ship NOC,Low,web,0.0,GST 16%,0.0,,,,,,,,,XXXXXXXXXX,,,,,rFX9GfCxmD397zxv8JUyeNA7A + #TH18914.1,,,rFX9GfCxmD397zxv8JUyeNA7A + #TH18914.1
#TH10187,customer_187@example.com,paid,2026-05-23 18:01:05 +0500,fulfilled,2026-05-15 23:42:38 +0500,yes,PKR,699.0,250.0,0.0,949.0,,0.0,Shipping Charges,2026-05-15 03:18:34+00:00,1,Kitchen Sink Splash Guard – Extra Wide Water Protection - Pack of 1,699.0,1399.0,TH232,True,False,fulfilled,Customer 187,XXXXXXXXXX,XXXXXXXXXX,,,Karachi,,,PK,XXXXXXXXXX,Customer 187,XXXXXXXXXX,XXXXXXXXXX,,,Karachi,,,PK,XXXXXXXXXX,Ct,,,Cash on Delivery (COD),#TH27214.1,0.0,TRENDHUB PAKISTAN,0.0,,,,7049727508700.0,Ship NOC,Low,web,0.0,GST 16%,0.0,,,,,,,,,XXXXXXXXXX,,,,,rZWdMwq7rYiWiW4aoZQpTooW6 + #TH27214.1,,,rZWdMwq7rYiWiW4aoZQpTooW6 + #TH27214.1
#TH10188,customer_188@example.com,paid,2025-10-19 17:41:45 +0500,fulfilled,2025-10-07 01:47:11 +0500,yes,PKR,1199.0,0.0,0.0,1199.0,,0.0,Delivery Charges,2025-10-06 07:10:37+00:00,1,Sink Sponge Holder - Faucet Rack,1199.0,2399.0,TH61,True,False,fulfilled,Customer 188,XXXXXXXXXX,XXXXXXXXXX,,,Faisalabad,'38000,,PK,XXXXXXXXXX,Customer 188,XXXXXXXXXX,XXXXXXXXXX,,,Faisalabad,'38000,,PK,XXXXXXXXXX,confirmed,,,Cash on Delivery (COD),#TH16793.1,0.0,TRENDHUB PAKISTAN,0.0,,,,6568181301468.0,Ship NOC,Low,web,0.0,GST 16%,0.0,,,,,,,,,XXXXXXXXXX,,,,,r4UtpIxDAEzny19DGP0HPBeyN + #TH16793.1,,,r4UtpIxDAEzny19DGP0HPBeyN + #TH16793.1
#TH10189,customer_189@example.com,paid,2025-07-27 15:24:54 +0500,fulfilled,2025-07-19 00:07:59 +0500,yes,PKR,1199.0,0.0,0.0,1199.0,,0.0,Delivery Charges,2025-07-18 07:06:47+00:00,1,Sink Sponge Holder - Faucet Rack,1199.0,2399.0,TH61,True,False,fulfilled,Customer 189,XXXXXXXXXX,XXXXXXXXXX,House,,Sahiwal,,,PK,XXXXXXXXXX,Customer 189,XXXXXXXXXX,XXXXXXXXXX,House,,Sahiwal,,,PK,XXXXXXXXXX,Confirm,,,Cash on Delivery (COD),#TH13395.2,0.0,TRENDHUB PAKISTAN,0.0,,,,6446240399580.0,Ship NOC,Low,web,0.0,GST 16%,0.0,,,,,,,,,XXXXXXXXXX,,,,,rStxbDyL9joukoH7iu1iFASpq + #TH13395.2,,,rStxbDyL9joukoH7iu1iFASpq + #TH13395.2
#TH10190,customer_190@example.com,paid,2026-03-06 02:12:15 +0500,fulfilled,2026-02-25 00:32:31 +0500,no,PKR,1199.0,0.0,0.0,1199.0,,0.0,Delivery Charges,2026-02-23 20:46:45+00:00,1,Sink Sponge Holder - Faucet Rack,1199.0,2399.0,TH61,True,False,fulfilled,Customer 190,XXXXXXXXXX,XXXXXXXXXX,,,Chakwal,,,PK,XXXXXXXXXX,Customer 190,XXXXXXXXXX,XXXXXXXXXX,,,Chakwal,,,PK,XXXXXXXXXX,Ct,,,Cash on Delivery (COD),#TH22689.1,0.0,TRENDHUB PAKISTAN,0.0,,,,6881446691036.0,Ship NOC,Low,web,0.0,GST 16%,0.0,,,,,,,,,XXXXXXXXXX,,,,,rV5ldclW5LyEWFj8kb2N5s3TB + #TH22689.1,,,rV5ldclW5LyEWFj8kb2N5s3TB + #TH22689.1
#TH10191,customer_191@example.com,paid,2025-09-21 00:45:40 +0500,fulfilled,2025-09-08 00:46:06 +0500,yes,PKR,1999.0,0.0,0.0,1999.0,,0.0,Delivery Charges,2025-09-05 11:05:45+00:00,1,Portable Resistance Band Sit-Up Trainer – Full Body Workout,1999.0,3999.0,TH162,True,False,fulfilled,Customer 191,XXXXXXXXXX,XXXXXXXXXX,,,Sadiqabad,,,PK,XXXXXXXXXX,Customer 191,XXXXXXXXXX,XXXXXXXXXX,,,Sadiqabad,,,PK,XXXXXXXXXX,Confirm,,,Cash on Delivery (COD),#TH15640.2,0.0,TRENDHUB PAKISTAN,0.0,,,,6521358188764.0,Ship NOC,Low,web,0.0,GST 16%,0.0,,,,,,,,,XXXXXXXXXX,,,,,rkoodOf9ES4FaoySeg8DN8EEz + #TH15640.2,,,rkoodOf9ES4FaoySeg8DN8EEz + #TH15640.2
#TH10192,customer_192@example.com,paid,2026-01-10 19:48:48 +0500,fulfilled,2026-01-02 01:23:27 +0500,yes,PKR,4999.0,0.0,0.0,4999.0,,0.0,Delivery Charges,2026-01-01 15:23:53+00:00,1,Heavy-Duty Multi-Layer Shoe Cabinet Organizer - 6 - Layer,4999.0,9999.0,TH167,True,False,fulfilled,Customer 192,XXXXXXXXXX,XXXXXXXXXX,,,Khanpur,'64080,,PK,XXXXXXXXXX,Customer 192,XXXXXXXXXX,XXXXXXXXXX,,,Khanpur,'64080,,PK,XXXXXXXXXX,Come,,,Cash on Delivery (COD),#TH19847.1,0.0,TRENDHUB PAKISTAN,0.0,,,,6775714808028.0,Ship NOC,Low,web,0.0,GST 16%,0.0,,,,,,,,,XXXXXXXXXX,,,,,r6mjR5eStYXdcA7uCWuQvCTIx + #TH19847.1,,,r6mjR5eStYXdcA7uCWuQvCTIx + #TH19847.1
#TH10193,customer_193@example.com,paid,2025-08-17 15:01:25 +0500,fulfilled,2025-08-06 00:57:04 +0500,yes,PKR,1199.0,0.0,0.0,1199.0,,0.0,Delivery Charges,2025-08-05 02:22:55+00:00,1,Sink Sponge Holder - Faucet Rack,1199.0,2399.0,TH61,True,False,fulfilled,Customer 193,XXXXXXXXXX,XXXXXXXXXX,,,Lahore,,,PK,XXXXXXXXXX,Customer 193,XXXXXXXXXX,XXXXXXXXXX,,,Lahore,,,PK,XXXXXXXXXX,Confirm,,,Cash on Delivery (COD),#TH14242.2,0.0,TRENDHUB PAKISTAN,0.0,,,,6472451358940.0,Ship NOC,Low,web,0.0,GST 16%,0.0,,,,,,,,,XXXXXXXXXX,,,,,rDjUltdntJk5heskLqPLvDve6 + #TH14242.2,,,rDjUltdntJk5heskLqPLvDve6 + #TH14242.2
#TH10194,customer_194@example.com,paid,2025-11-23 04:03:11 +0500,fulfilled,2025-11-17 01:31:52 +0500,no,PKR,5099.0,0.0,0.0,5099.0,,0.0,Delivery Charges,2025-11-15 21:37:24+00:00,1,Heavy-Duty Multi-Layer Shoe Cabinet Organizer - 7 - Layer,5099.0,10199.0,TH168,True,False,fulfilled,Customer 194,XXXXXXXXXX,XXXXXXXXXX,4,,Faisalabad,,,PK,XXXXXXXXXX,Customer 194,XXXXXXXXXX,XXXXXXXXXX,4,,Faisalabad,,,PK,XXXXXXXXXX,Come,,,Cash on Delivery (COD),#TH18040.1,0.0,TRENDHUB PAKISTAN,0.0,,,,6651384627420.0,Ship NOC,Low,web,0.0,GST 16%,0.0,,,,,,,,,XXXXXXXXXX,,,,,rp2mFhgyRlbtGQgfA83uONkIZ + #TH18040.1,,,rp2mFhgyRlbtGQgfA83uONkIZ + #TH18040.1
#TH10195,customer_195@example.com,paid,2026-04-25 02:43:08 +0500,fulfilled,2026-04-09 00:20:23 +0500,no,PKR,2299.0,0.0,0.0,2299.0,,0.0,Delivery Charges,2026-04-08 06:24:51+00:00,1,3 in 1 Handheld Vacuum Cleaner,2299.0,4599.0,TH121,True,False,fulfilled,Customer 195,XXXXXXXXXX,XXXXXXXXXX,Apartment 401,,Rawalpindi,,,PK,XXXXXXXXXX,Customer 195,XXXXXXXXXX,XXXXXXXXXX,Apartment 401,,Rawalpindi,,,PK,XXXXXXXXXX,Confirm,,,Cash on Delivery (COD),#TH25380.1,0.0,TRENDHUB PAKISTAN,0.0,,,,6972491858140.0,Ship NOC,Low,web,0.0,GST 16%,0.0,,,,,,,,,XXXXXXXXXX,,,,,rNKQbbRw3yRD1PLJw6eNpGWW7 + #TH25380.1,,,rNKQbbRw3yRD1PLJw6eNpGWW7 + #TH25380.1
#TH10196,customer_196@example.com,paid,2025-10-05 05:46:12 +0500,fulfilled,2025-09-23 00:31:45 +0500,no,PKR,4299.0,0.0,0.0,4299.0,,0.0,Delivery Charges,2025-09-21 10:44:28+00:00,1,Heavy-Duty Multi-Layer Shoe Cabinet Organizer - 4 - Layer,4299.0,8399.0,TH174,True,False,fulfilled,Customer 196,XXXXXXXXXX,XXXXXXXXXX,,,Quetta,,,PK,XXXXXXXXXX,Customer 196,XXXXXXXXXX,XXXXXXXXXX,,,Quetta,,,PK,XXXXXXXXXX,Confirm,,,Cash on Delivery (COD),#TH16265.1,0.0,TRENDHUB PAKISTAN,0.0,,,,6544238543068.0,Ship NOC,Low,web,0.0,GST 16%,0.0,,,,,,,,,XXXXXXXXXX,,,,,rEqp153nK7RXKuigVftIbB8SG + #TH16265.1,,,rEqp153nK7RXKuigVftIbB8SG + #TH16265.1
#TH10197,customer_197@example.com,paid,2025-08-24 03:33:51 +0500,fulfilled,2025-08-11 01:02:50 +0500,yes,PKR,1999.0,0.0,0.0,1999.0,,0.0,Delivery Charges,2025-08-09 10:41:49+00:00,1,Portable Resistance Band Sit-Up Trainer – Full Body Workout,1999.0,3999.0,TH162,True,False,fulfilled,Customer 197,XXXXXXXXXX,XXXXXXXXXX,,,Lahore,,,PK,XXXXXXXXXX,Customer 197,XXXXXXXXXX,XXXXXXXXXX,,,Lahore,,,PK,XXXXXXXXXX,Confirm,,,Cash on Delivery (COD),#TH14416.2,0.0,TRENDHUB PAKISTAN,0.0,,,,6478819950812.0,Ship NOC,Low,web,0.0,GST 16%,0.0,,,,,,,,,XXXXXXXXXX,,,,,rlMkFUEVbDANIJ3XpMLxfMRMN + #TH14416.2,,,rlMkFUEVbDANIJ3XpMLxfMRMN + #TH14416.2
#TH10198,customer_198@example.com,paid,2026-06-07 03:47:53 +0500,fulfilled,2026-05-20 00:59:09 +0500,no,PKR,2998.0,250.0,0.0,3248.0,,0.0,Shipping Charges,2026-05-19 15:16:22+00:00,2,Kitchen Sink Splash Guard – Extra Wide Water Protection - Pack of 3,1499.0,2999.0,TH234,True,False,fulfilled,Customer 198,XXXXXXXXXX,XXXXXXXXXX,,,Lower Dir,,,PK,XXXXXXXXXX,Customer 198,XXXXXXXXXX,XXXXXXXXXX,,,Lower Dir,,,PK,XXXXXXXXXX,Confirm,,,Cash on Delivery (COD),#TH27430.1,0.0,TRENDHUB PAKISTAN,0.0,,,,7058951176412.0,Ship NOC,Low,web,0.0,GST 16%,0.0,,,,,,,,,XXXXXXXXXX,,,,,rLazIw8OHM5P7WLlrNwbFOIsv + #TH27430.1,,,rLazIw8OHM5P7WLlrNwbFOIsv + #TH27430.1
#TH10199,customer_199@example.com,paid,2025-06-22 03:13:34 +0500,fulfilled,2025-06-14 00:47:30 +0500,yes,PKR,1999.0,0.0,0.0,1999.0,,0.0,Delivery Charges,2025-06-13 08:46:54+00:00,1,Portable Resistance Band Sit-Up Trainer – Full Body Workout,1999.0,3999.0,TH162,True,False,fulfilled,Customer 199,XXXXXXXXXX,XXXXXXXXXX,My house number 11,,Sialkot,'2024,,PK,XXXXXXXXXX,Customer 199,XXXXXXXXXX,XXXXXXXXXX,My house number 11,,Sialkot,'2024,,PK,XXXXXXXXXX,Order has been shipped via PostEx with Tracking 25150530009141. Confirm,"hxs_courier_name: PostEx
hxs_courier_tracking: 25150530009141
hxs_courier_url: https://postex.pk/tracking?cn=25150530009141
hxs_courier_label: https://merchant.postex.pk/get-invoice?trackingNumbers=25150530009141",,Cash on Delivery (COD),#TH11973.2,0.0,TRENDHUB PAKISTAN,0.0,,,,6398277910748.0,PostEx,Low,web,0.0,GST 16%,0.0,,,,,,,,,XXXXXXXXXX,,,,,r64frWL43emy9LU4gqhhScJvP + #TH11973.2,,,r64frWL43emy9LU4gqhhScJvP + #TH11973.2
#TH10200,customer_200@example.com,paid,2026-01-31 22:08:38 +0500,fulfilled,2026-01-26 00:03:49 +0500,yes,PKR,1199.0,0.0,0.0,1199.0,,0.0,Delivery Charges,2026-01-25 11:56:12+00:00,1,Sink Sponge Holder - Faucet Rack,1199.0,2399.0,TH61,True,False,fulfilled,Customer 200,XXXXXXXXXX,XXXXXXXXXX,,,Sialkot,,,PK,XXXXXXXXXX,Customer 200,XXXXXXXXXX,XXXXXXXXXX,,,Sialkot,,,PK,XXXXXXXXXX,Cy,,,Cash on Delivery (COD),#TH21031.1,0.0,TRENDHUB PAKISTAN,0.0,,,,6818911518940.0,Ship NOC,Low,web,0.0,GST 16%,0.0,,,,,,,,,XXXXXXXXXX,,,,,rMHQ0FLgkNzX2mPDXSn1BM5fA + #TH21031.1,,,rMHQ0FLgkNzX2mPDXSn1BM5fA + #TH21031.1
#TH10201,customer_201@example.com,paid,2025-07-27 15:20:32 +0500,fulfilled,2025-07-21 01:57:09 +0500,yes,PKR,2299.0,0.0,0.0,2299.0,,0.0,Delivery Charges,2025-07-20 05:55:50+00:00,1,3 in 1 Handheld Vacuum Cleaner,2299.0,4599.0,TH121,True,False,fulfilled,Customer 201,XXXXXXXXXX,XXXXXXXXXX,,,Lahore,,,PK,XXXXXXXXXX,Customer 201,XXXXXXXXXX,XXXXXXXXXX,,,Lahore,,,PK,XXXXXXXXXX,Check,,,Cash on Delivery (COD),#TH13502.2,0.0,TRENDHUB PAKISTAN,0.0,,,,6448981934300.0,Ship NOC,Low,web,0.0,GST 16%,0.0,,,,,,,,,XXXXXXXXXX,,,,,rqPMMgLCdW8WmmRiZyIkpCxDk + #TH13502.2,,,rqPMMgLCdW8WmmRiZyIkpCxDk + #TH13502.2
#TH10202,customer_202@example.com,paid,2026-04-04 02:28:53 +0500,fulfilled,2026-03-19 01:36:28 +0500,no,PKR,999.0,250.0,0.0,1249.0,,0.0,Shipping Charges,2026-03-18 01:30:08+00:00,1,Kinoki Detox Foot Pads – Natural Foot Pain Relief Patches (10 Pack) - Pack of 10,999.0,1999.0,TH230,True,False,fulfilled,Customer 202,XXXXXXXXXX,XXXXXXXXXX,,,Hyderabad,,,PK,XXXXXXXXXX,Customer 202,XXXXXXXXXX,XXXXXXXXXX,,,Hyderabad,,,PK,XXXXXXXXXX,Ct,,,Cash on Delivery (COD),#TH24110.1,0.0,TRENDHUB PAKISTAN,0.0,,,,6923033182428.0,Ship NOC,Low,web,0.0,GST 16%,0.0,,,,,,,,,XXXXXXXXXX,,,,,rc36XlHxUnTzCR2d6Q13ioj5O + #TH24110.1,,,rc36XlHxUnTzCR2d6Q13ioj5O + #TH24110.1
#TH10203,customer_203@example.com,paid,2026-04-25 02:49:47 +0500,fulfilled,2026-04-17 00:16:07 +0500,yes,PKR,2299.0,0.0,0.0,2299.0,,0.0,Delivery Charges,2026-04-16 10:40:36+00:00,1,3 in 1 Handheld Vacuum Cleaner,2299.0,4599.0,TH121,True,False,fulfilled,Customer 203,XXXXXXXXXX,XXXXXXXXXX,,,Kotli Azad Kashmir,'11100,,PK,XXXXXXXXXX,Customer 203,XXXXXXXXXX,XXXXXXXXXX,,,Kotli Azad Kashmir,'11100,,PK,XXXXXXXXXX,Confirm,,,Cash on Delivery (COD),#TH25816.1,0.0,TRENDHUB PAKISTAN,0.0,,,,6990580842716.0,Ship NOC,Low,web,0.0,GST 16%,0.0,,,,,,,,,XXXXXXXXXX,,,,,rykzvrvHVN773XG0rJQzVXMLW + #TH25816.1,,,rykzvrvHVN773XG0rJQzVXMLW + #TH25816.1
#TH10204,customer_204@example.com,paid,2026-05-01 20:21:35 +0500,fulfilled,2026-04-23 01:19:41 +0500,no,PKR,999.0,250.0,0.0,1249.0,,0.0,Shipping Charges,2026-04-21 19:30:11+00:00,1,Kinoki Detox Foot Pads – Natural Foot Pain Relief Patches (10 Pack) - Pack of 10,999.0,1999.0,TH230,True,False,fulfilled,Customer 204,XXXXXXXXXX,XXXXXXXXXX,Nareem arcade,,Karachi,'72590,,PK,XXXXXXXXXX,Customer 204,XXXXXXXXXX,XXXXXXXXXX,Nareem arcade,,Karachi,'72590,,PK,XXXXXXXXXX,Coy,,,Cash on Delivery (COD),#TH26079.1,0.0,TRENDHUB PAKISTAN,0.0,,,,7001738346716.0,Ship NOC,Low,web,0.0,GST 16%,0.0,,,,,,,,,XXXXXXXXXX,,,,,rdq7Q06MblEYlumzVDX78TdnS + #TH26079.1,,,rdq7Q06MblEYlumzVDX78TdnS + #TH26079.1
#TH10205,customer_205@example.com,paid,2025-07-20 03:01:48 +0500,fulfilled,2025-07-08 00:20:23 +0500,yes,PKR,1999.0,0.0,0.0,1999.0,,0.0,Delivery Charges,2025-07-06 13:22:15+00:00,1,Portable Resistance Band Sit-Up Trainer – Full Body Workout,1999.0,3999.0,TH162,True,False,fulfilled,Customer 205,XXXXXXXXXX,XXXXXXXXXX,,,Bahawal Pur,,,PK,XXXXXXXXXX,Customer 205,XXXXXXXXXX,XXXXXXXXXX,,,Bahawal Pur,,,PK,XXXXXXXXXX,Confirm,,,Cash on Delivery (COD),#TH12882.2,0.0,TRENDHUB PAKISTAN,0.0,,,,6430316462300.0,Ship NOC,Low,web,0.0,GST 16%,0.0,,,,,,,,,XXXXXXXXXX,,,,,rh67q8zdbCTUduZElSyv3mdRm + #TH12882.2,,,rh67q8zdbCTUduZElSyv3mdRm + #TH12882.2
#TH10206,customer_206@example.com,paid,2025-06-22 02:48:50 +0500,fulfilled,2025-06-09 15:22:36 +0500,yes,PKR,1199.0,0.0,0.0,1199.0,,0.0,Delivery Charges,2025-06-08 06:18:03+00:00,1,Sink Sponge Holder - Faucet Rack,1199.0,2399.0,TH61,True,False,fulfilled,Customer 206,XXXXXXXXXX,XXXXXXXXXX,Blue Area,,Islamabad,'00444,,PK,XXXXXXXXXX,Customer 206,XXXXXXXXXX,XXXXXXXXXX,Blue Area,,Islamabad,'00444,,PK,XXXXXXXXXX,Order has been shipped via PostEx with Tracking 24150530008930. ,"hxs_courier_name: PostEx
hxs_courier_tracking: 24150530008930
hxs_courier_url: https://postex.pk/tracking?cn=24150530008930
hxs_courier_label: https://merchant.postex.pk/get-invoice?trackingNumbers=24150530008930",,Cash on Delivery (COD),#TH11745.2,0.0,TRENDHUB PAKISTAN,0.0,,,,6391392960732.0,PostEx,Low,web,0.0,GST 16%,0.0,,,,,,,,,XXXXXXXXXX,,,,,rCLehZkuu5j2ZievrLN69yI4B + #TH11745.2,,,rCLehZkuu5j2ZievrLN69yI4B + #TH11745.2
#TH10207,customer_207@example.com,paid,2025-12-21 02:40:09 +0500,fulfilled,2025-12-15 01:27:28 +0500,yes,PKR,4599.01,0.0,0.0,4599.01,,0.0,Delivery Charges,2025-12-13 06:52:35+00:00,1,Metal Shoe Rack with Coat Hooks – Dustproof Entryway Shoe Cabinet & Organizer - 5 - Layer,4599.01,7999.0,TH189,True,False,fulfilled,Customer 207,XXXXXXXXXX,XXXXXXXXXX,,,Karachi South,'75500,,PK,XXXXXXXXXX,Customer 207,XXXXXXXXXX,XXXXXXXXXX,,,Karachi South,'75500,,PK,XXXXXXXXXX,Confirm,,,Cash on Delivery (COD),#TH18987.1,0.0,TRENDHUB PAKISTAN,0.0,,,,6739037159644.0,Ship NOC,Low,web,0.0,GST 16%,0.0,,,,,,,,,XXXXXXXXXX,,,,,rFGw9LZGP2vqASGu2U2E5yny0 + #TH18987.1,,,rFGw9LZGP2vqASGu2U2E5yny0 + #TH18987.1
#TH10208,customer_208@example.com,paid,2025-09-07 01:33:52 +0500,fulfilled,2025-08-25 00:33:45 +0500,no,PKR,2199.0,0.0,0.0,2199.0,,0.0,Delivery Charges,2025-08-23 03:35:18+00:00,1,Safe Mandoline Slicer - Multi Vegetable Chopper - Multi Vegetable Chopper,2199.0,4799.0,TH72,True,False,fulfilled,Customer 208,XXXXXXXXXX,XXXXXXXXXX,,shah khalid,Islamabad,,,PK,XXXXXXXXXX,Customer 208,XXXXXXXXXX,XXXXXXXXXX,,shah khalid,Islamabad,,,PK,XXXXXXXXXX,Confirm,,,Cash on Delivery (COD),#TH15049.2,0.0,TRENDHUB PAKISTAN,0.0,,,,6500853547228.0,Ship NOC,Low,web,0.0,GST 16%,0.0,,,,,,,,,XXXXXXXXXX,,,,,rmGa7kXora89ocHJxpHlhCa8O + #TH15049.2,,,rmGa7kXora89ocHJxpHlhCa8O + #TH15049.2
#TH10209,customer_209@example.com,paid,2026-04-25 02:50:01 +0500,fulfilled,2026-04-21 00:24:26 +0500,no,PKR,699.0,250.0,0.0,949.0,,0.0,Shipping Charges,2026-04-20 04:36:38+00:00,1,Kitchen Sink Splash Guard – Extra Wide Water Protection - Pack of 1,699.0,1399.0,TH232,True,False,fulfilled,Customer 209,XXXXXXXXXX,XXXXXXXXXX,,,Sialkot,,,PK,XXXXXXXXXX,Customer 209,XXXXXXXXXX,XXXXXXXXXX,,,Sialkot,,,PK,XXXXXXXXXX,Can,,,Cash on Delivery (COD),#TH25997.1,0.0,TRENDHUB PAKISTAN,0.0,,,,6997570519260.0,Ship NOC,Low,web,0.0,GST 16%,0.0,,,,,,,,,XXXXXXXXXX,,,,,rZqduXnUN3FtLngL9PBKZJUni + #TH25997.1,,,rZqduXnUN3FtLngL9PBKZJUni + #TH25997.1
#TH10210,customer_210@example.com,paid,2026-04-12 16:13:17 +0500,fulfilled,2026-04-06 00:43:09 +0500,yes,PKR,1999.0,0.0,0.0,1999.0,,0.0,Delivery Charges,2026-04-04 19:05:26+00:00,1,Portable Resistance Band Sit-Up Trainer – Full Body Workout,1999.0,3999.0,TH162,True,False,fulfilled,Customer 210,XXXXXXXXXX,XXXXXXXXXX,,,Pattoki,,,PK,XXXXXXXXXX,Customer 210,XXXXXXXXXX,XXXXXXXXXX,,,Pattoki,,,PK,XXXXXXXXXX,Confirm,,,Cash on Delivery (COD),#TH25206.1,0.0,TRENDHUB PAKISTAN,0.0,,,,6965110964444.0,Ship NOC,Low,web,0.0,GST 16%,0.0,,,,,,,,,XXXXXXXXXX,,,,,rFmZIDE2Ns82BIhijo13cvY6C + #TH25206.1,,,rFmZIDE2Ns82BIhijo13cvY6C + #TH25206.1
#TH10211,customer_211@example.com,paid,2025-06-15 17:54:14 +0500,fulfilled,2025-06-04 15:05:53 +0500,yes,PKR,1199.0,0.0,0.0,1199.0,,0.0,Delivery Charges,2025-06-03 10:20:22+00:00,1,Sink Sponge Holder - Faucet Rack,1199.0,2399.0,TH61,True,False,fulfilled,Customer 211,XXXXXXXXXX,XXXXXXXXXX,Home,,Lahore,,,PK,XXXXXXXXXX,Customer 211,XXXXXXXXXX,XXXXXXXXXX,Home,,Lahore,,,PK,XXXXXXXXXX,Order has been shipped via PostEx with Tracking 29150530008780. Confirm,"hxs_courier_name: PostEx
hxs_courier_tracking: 29150530008780
hxs_courier_url: https://postex.pk/tracking?cn=29150530008780
hxs_courier_label: https://merchant.postex.pk/get-invoice?trackingNumbers=29150530008780",,Cash on Delivery (COD),#TH11538.2,0.0,TRENDHUB PAKISTAN,0.0,,,,6380781535452.0,PostEx,Low,web,0.0,GST 16%,0.0,,,,,,,,,XXXXXXXXXX,,,,,rOXRVKQJ6W0Z3fwJeZbNXxe00 + #TH11538.2,,,rOXRVKQJ6W0Z3fwJeZbNXxe00 + #TH11538.2
#TH10212,customer_212@example.com,paid,2025-11-09 19:27:31 +0500,fulfilled,2025-10-24 04:49:11 +0500,no,PKR,1199.0,0.0,0.0,1199.0,,0.0,Delivery Charges,2025-10-23 07:16:26+00:00,1,Sink Sponge Holder - Faucet Rack,1199.0,2399.0,TH61,True,False,fulfilled,Customer 212,XXXXXXXXXX,XXXXXXXXXX,,Masafi water,Toba tek singh,,,PK,XXXXXXXXXX,Customer 212,XXXXXXXXXX,XXXXXXXXXX,,Masafi water,Toba tek singh,,,PK,XXXXXXXXXX,Confirm,,,Cash on Delivery (COD),#TH17330.1,0.0,TRENDHUB PAKISTAN,0.0,,,,6608805200092.0,Ship NOC,Low,web,0.0,GST 16%,0.0,,,,,,,,,XXXXXXXXXX,,,,,rx8cckjCQf5vq1quobl4Nlz57 + #TH17330.1,,,rx8cckjCQf5vq1quobl4Nlz57 + #TH17330.1
#TH10213,customer_213@example.com,paid,2026-01-10 19:41:33 +0500,fulfilled,2026-01-01 01:13:33 +0500,no,PKR,5199.0,0.0,0.0,5199.0,,0.0,Delivery Charges,2025-12-30 18:23:28+00:00,1,Automatic Peeler Machine,5199.0,10999.0,TH217,True,False,fulfilled,Customer 213,XXXXXXXXXX,XXXXXXXXXX,,,Jhelum  jada,,,PK,XXXXXXXXXX,Customer 213,XXXXXXXXXX,XXXXXXXXXX,,,Jhelum  jada,,,PK,XXXXXXXXXX,confirmed,,,Cash on Delivery (COD),#TH19759.1,0.0,TRENDHUB PAKISTAN,0.0,,,,6772784988380.0,Ship NOC,Low,web,0.0,GST 16%,0.0,,,,,,,,,XXXXXXXXXX,,,,,r4fIojnATpCqHYWa132ldJWyt + #TH19759.1,,,r4fIojnATpCqHYWa132ldJWyt + #TH19759.1
#TH10214,customer_214@example.com,paid,2026-05-01 20:21:40 +0500,fulfilled,2026-04-23 01:17:54 +0500,yes,PKR,899.0,250.0,0.0,1149.0,,0.0,Shipping Charges,2026-04-22 11:30:02+00:00,1,Silicone Sink Faucet Splash Guard Mat – Quick Drain & Drying Organizer - Pack of 1,899.0,1999.0,TH238,True,False,fulfilled,Customer 214,XXXXXXXXXX,XXXXXXXXXX,Near india phatak,,Lahore,'54000,,PK,XXXXXXXXXX,Customer 214,XXXXXXXXXX,XXXXXXXXXX,Near india phatak,,Lahore,'54000,,PK,XXXXXXXXXX,Can,,,Cash on Delivery (COD),#TH26106.1,0.0,TRENDHUB PAKISTAN,0.0,,,,7003152318684.0,Ship NOC,Low,web,0.0,GST 16%,0.0,,,,,,,,,XXXXXXXXXX,,,,,r5X8YXTu6gtvKlZgmLzUdqRTe + #TH26106.1,,,r5X8YXTu6gtvKlZgmLzUdqRTe + #TH26106.1
#TH10215,customer_215@example.com,paid,2025-09-28 13:03:49 +0500,fulfilled,2025-09-20 00:46:38 +0500,no,PKR,4999.0,0.0,0.0,4999.0,,0.0,Delivery Charges,2025-09-18 23:22:52+00:00,1,Heavy-Duty Multi-Layer Shoe Cabinet Organizer - 6 - Layer,4999.0,9999.0,TH167,True,False,fulfilled,Customer 215,XXXXXXXXXX,XXXXXXXXXX,,,Karachi,,,PK,XXXXXXXXXX,Customer 215,XXXXXXXXXX,XXXXXXXXXX,,,Karachi,,,PK,XXXXXXXXXX,Confirm,,,Cash on Delivery (COD),#TH16178.1,0.0,TRENDHUB PAKISTAN,0.0,,,,6541084491996.0,Ship NOC,Low,web,0.0,GST 16%,0.0,,,,,,,,,XXXXXXXXXX,,,,,rgXeYU9BaBRuti7U1fhb2lT1o + #TH16178.1,,,rgXeYU9BaBRuti7U1fhb2lT1o + #TH16178.1
#TH10216,customer_216@example.com,paid,2025-09-28 13:06:35 +0500,fulfilled,2025-09-19 01:01:29 +0500,no,PKR,2199.0,0.0,0.0,2199.0,,0.0,Delivery Charges,2025-09-18 10:19:08+00:00,1,Safe Mandoline Slicer - Multi Vegetable Chopper - Multi Vegetable Chopper,2199.0,4799.0,TH72,True,False,fulfilled,Customer 216,XXXXXXXXXX,XXXXXXXXXX,Near -shebaz tikka shop resturent,,Gujranwalla,,,PK,XXXXXXXXXX,Customer 216,XXXXXXXXXX,XXXXXXXXXX,Near -shebaz tikka shop resturent,,Gujranwalla,,,PK,XXXXXXXXXX,Confirm,,,Cash on Delivery (COD),#TH16152.1,0.0,TRENDHUB PAKISTAN,0.0,,,,6540310282460.0,Ship NOC,Low,web,0.0,GST 16%,0.0,,,,,,,,,XXXXXXXXXX,,,,,r183fFW3BpdaodayaElgaTZjg + #TH16152.1,,,r183fFW3BpdaodayaElgaTZjg + #TH16152.1
#TH10217,customer_217@example.com,paid,2025-08-24 03:33:08 +0500,fulfilled,2025-08-11 01:00:56 +0500,yes,PKR,2299.0,0.0,0.0,2299.0,,0.0,Delivery Charges,2025-08-10 07:02:48+00:00,1,3 in 1 Handheld Vacuum Cleaner,2299.0,4599.0,TH121,True,False,fulfilled,Customer 217,XXXXXXXXXX,XXXXXXXXXX,House no 2,,Hafizabad,'92,,PK,XXXXXXXXXX,Customer 217,XXXXXXXXXX,XXXXXXXXXX,House no 2,,Hafizabad,'92,,PK,XXXXXXXXXX,Confirm,,,Cash on Delivery (COD),#TH14450.2,0.0,TRENDHUB PAKISTAN,0.0,,,,6480030990556.0,Ship NOC,Low,web,0.0,GST 16%,0.0,,,,,,,,,XXXXXXXXXX,,,,,rLFc69u5ZKkXvPej9iUXz5LaR + #TH14450.2,,,rLFc69u5ZKkXvPej9iUXz5LaR + #TH14450.2
#TH10218,customer_218@example.com,paid,2026-03-20 05:09:43 +0500,fulfilled,2026-02-21 01:56:16 +0500,yes,PKR,1199.0,0.0,0.0,1199.0,,0.0,Delivery Charges,2026-02-20 01:57:07+00:00,1,Sink Sponge Holder - Faucet Rack,1199.0,2399.0,TH61,True,False,fulfilled,Customer 218,XXXXXXXXXX,XXXXXXXXXX,opposite faysal bank ( on double road),,Rawalpindi Cantt.,'4600,,PK,XXXXXXXXXX,Customer 218,XXXXXXXXXX,XXXXXXXXXX,opposite faysal bank ( on double road),,Rawalpindi Cantt.,'4600,,PK,XXXXXXXXXX,Order has been shipped via Tranzo with Tracking T0080361922104577. Can,"tranzo_courier_name: Tranzo
tranzo_courier_tracking: T0080361922104577
tranzo_courier_url: https://tranzo.pk/track-order?tn=T0080361922104577",,Cash on Delivery (COD),#TH22466.1,0.0,TRENDHUB PAKISTAN,0.0,,,,6875550154972.0,Tranzo,Low,web,0.0,GST 16%,0.0,,,,,,,,,XXXXXXXXXX,,,,,rDkNjbL3tKX2UKJcrhWzPgGcs + #TH22466.1,,,rDkNjbL3tKX2UKJcrhWzPgGcs + #TH22466.1
#TH10219,customer_219@example.com,paid,2026-04-18 19:08:08 +0500,fulfilled,2026-04-14 00:51:24 +0500,no,PKR,3148.0,0.0,0.0,3148.0,,0.0,Delivery Charges,2026-04-13 08:46:49+00:00,1,"Oil Sprayer for Cooking | 100ml Olive Oil Spritzer | Perfect for Air Fryer, Salad, BBQ, Roasting - 100mL",949.0,1599.0,TH37,True,False,fulfilled,Customer 219,XXXXXXXXXX,XXXXXXXXXX,,,Karachi,'75600,,PK,XXXXXXXXXX,Customer 219,XXXXXXXXXX,XXXXXXXXXX,,,Karachi,'75600,,PK,XXXXXXXXXX,Come,__eaSC-45122105901276: cu,,Cash on Delivery (COD),#TH25651.1,0.0,TRENDHUB PAKISTAN,0.0,,,,6984950808796.0,Ship NOC,Low,web,0.0,GST 16%,0.0,,,,,,,,,XXXXXXXXXX,,,,,rW7MnbzNh3uE5IvksY1cjx5Lb + #TH25651.1,,,rW7MnbzNh3uE5IvksY1cjx5Lb + #TH25651.1
#TH10220,customer_220@example.com,paid,2026-04-10 19:26:32 +0500,fulfilled,2026-04-02 00:19:29 +0500,no,PKR,2299.0,0.0,0.0,2299.0,,0.0,Delivery Charges,2026-04-01 10:00:08+00:00,1,3 in 1 Handheld Vacuum Cleaner,2299.0,4599.0,TH121,True,False,fulfilled,Customer 220,XXXXXXXXXX,XXXXXXXXXX,,,Gujranwala,,,PK,XXXXXXXXXX,Customer 220,XXXXXXXXXX,XXXXXXXXXX,,,Gujranwala,,,PK,XXXXXXXXXX,Ct,,,Cash on Delivery (COD),#TH25007.1,0.0,TRENDHUB PAKISTAN,0.0,,,,6956685131996.0,Ship NOC,Low,web,0.0,GST 16%,0.0,,,,,,,,,XXXXXXXXXX,,,,,rpSWuDBBe1yDCsdJ9hhJQYKiP + #TH25007.1,,,rpSWuDBBe1yDCsdJ9hhJQYKiP + #TH25007.1
#TH10221,customer_221@example.com,paid,2025-09-28 13:21:51 +0500,fulfilled,2025-09-17 02:36:14 +0500,yes,PKR,14097.0,0.0,0.0,14097.0,,0.0,Delivery Charges,2025-09-15 23:25:01+00:00,1,Premium Double Pole Stainless Steel Clothing Rack with Wheels,4999.0,9999.0,TH169,True,False,fulfilled,Customer 221,XXXXXXXXXX,XXXXXXXXXX,,,Shikarpur,'07122,,PK,XXXXXXXXXX,Customer 221,XXXXXXXXXX,XXXXXXXXXX,,,Shikarpur,'07122,,PK,XXXXXXXXXX,Confirm,,,Cash on Delivery (COD),#TH16070.1,0.0,TRENDHUB PAKISTAN,0.0,,,,6537186279644.0,Ship NOC,Low,web,0.0,GST 16%,0.0,,,,,,,,,XXXXXXXXXX,,,,,rk6nPLKFUnUPIhkGXmcgYyjhO + #TH16070.1,,,rk6nPLKFUnUPIhkGXmcgYyjhO + #TH16070.1
#TH10222,customer_222@example.com,paid,2026-03-01 02:33:08 +0500,fulfilled,2026-02-20 01:41:14 +0500,yes,PKR,1199.0,0.0,0.0,1199.0,,0.0,Delivery Charges,2026-02-19 08:41:20+00:00,1,Sink Sponge Holder - Faucet Rack,1199.0,2399.0,TH61,True,False,fulfilled,Customer 222,XXXXXXXXXX,XXXXXXXXXX,Lahore,,Lahore,'54000,,PK,XXXXXXXXXX,Customer 222,XXXXXXXXXX,XXXXXXXXXX,Lahore,,Lahore,'54000,,PK,XXXXXXXXXX,Order has been shipped via Tranzo with Tracking T0080399411331383. Confirm,"tranzo_courier_name: Tranzo
tranzo_courier_tracking: T0080399411331383
tranzo_courier_url: https://tranzo.pk/track-order?tn=T0080399411331383",,Cash on Delivery (COD),#TH22423.1,0.0,TRENDHUB PAKISTAN,0.0,,,,6874477297884.0,Tranzo,Low,web,0.0,GST 16%,0.0,,,,,,,,,XXXXXXXXXX,,,,,recmxywNr3WmpAD6n5iIpCqmy + #TH22423.1,,,recmxywNr3WmpAD6n5iIpCqmy + #TH22423.1
#TH10223,customer_223@example.com,paid,2026-05-16 14:30:57 +0500,fulfilled,2026-05-06 02:33:05 +0500,yes,PKR,1199.0,0.0,0.0,1199.0,,0.0,Delivery Charges,2026-05-05 10:49:19+00:00,1,Sink Sponge Holder - Faucet Rack,1199.0,2399.0,TH61,True,False,fulfilled,Customer 223,XXXXXXXXXX,XXXXXXXXXX,,,Lahore,'54000,,PK,XXXXXXXXXX,Customer 223,XXXXXXXXXX,XXXXXXXXXX,,,Lahore,'54000,,PK,XXXXXXXXXX,Cy,,,Cash on Delivery (COD),#TH26700.1,0.0,TRENDHUB PAKISTAN,0.0,,,,7029881602268.0,Ship NOC,Low,web,0.0,GST 16%,0.0,,,,,,,,,XXXXXXXXXX,,,,,rMXXp4TgcVgYmJnT8vmkcJUBB + #TH26700.1,,,rMXXp4TgcVgYmJnT8vmkcJUBB + #TH26700.1
#TH10224,customer_224@example.com,paid,2026-03-28 19:42:49 +0500,fulfilled,2026-03-14 00:40:30 +0500,yes,PKR,1398.0,250.0,0.0,1648.0,,0.0,Shipping Charges,2026-03-13 18:16:29+00:00,2,Kitchen Sink Splash Guard – Extra Wide Water Protection - Pack of 1,699.0,1399.0,TH232,True,False,fulfilled,Customer 224,XXXXXXXXXX,XXXXXXXXXX,Cha metho wala nazd ahla hadees masjid railway station,,Muzaffaragarh,,,PK,XXXXXXXXXX,Customer 224,XXXXXXXXXX,XXXXXXXXXX,Cha metho wala nazd ahla hadees masjid railway station,,Muzaffaragarh,,,PK,XXXXXXXXXX,Ct,,,Cash on Delivery (COD),#TH23804.1,0.0,TRENDHUB PAKISTAN,0.0,,,,6915771728092.0,Ship NOC,Low,web,0.0,GST 16%,0.0,,,,,,,,,XXXXXXXXXX,,,,,rO0JxRVATWWuVh96DXViIkabU + #TH23804.1,,,rO0JxRVATWWuVh96DXViIkabU + #TH23804.1
#TH10225,customer_225@example.com,paid,2026-04-25 02:49:44 +0500,fulfilled,2026-04-14 00:54:42 +0500,no,PKR,999.0,250.0,0.0,1249.0,,0.0,Shipping Charges,2026-04-12 16:16:39+00:00,1,Kinoki Detox Foot Pads – Natural Foot Pain Relief Patches (10 Pack) - Pack of 10,999.0,1999.0,TH230,True,False,fulfilled,Customer 225,XXXXXXXXXX,XXXXXXXXXX,,,Dera Ismail Khan,'29111,,PK,XXXXXXXXXX,Customer 225,XXXXXXXXXX,XXXXXXXXXX,,,Dera Ismail Khan,'29111,,PK,XXXXXXXXXX,Come,,,Cash on Delivery (COD),#TH25614.1,0.0,TRENDHUB PAKISTAN,0.0,,,,6983882932444.0,Ship NOC,Low,web,0.0,GST 16%,0.0,,,,,,,,,XXXXXXXXXX,,,,,rPRbY1OHUTsnIjbjoDH1EsmQV + #TH25614.1,,,rPRbY1OHUTsnIjbjoDH1EsmQV + #TH25614.1
#TH10226,customer_226@example.com,paid,2026-03-01 02:33:11 +0500,fulfilled,2026-02-21 01:55:19 +0500,yes,PKR,5099.0,0.0,0.0,5099.0,,0.0,Delivery Charges,2026-02-20 18:37:58+00:00,1,Heavy-Duty Multi-Layer Shoe Cabinet Organizer - 7 - Layer,5099.0,10199.0,TH168,True,False,fulfilled,Customer 226,XXXXXXXXXX,XXXXXXXXXX,,,Lahore,'54000,,PK,XXXXXXXXXX,Customer 226,XXXXXXXXXX,XXXXXXXXXX,,,Lahore,'54000,,PK,XXXXXXXXXX,Order has been shipped via Tranzo with Tracking T0080343172156486. Confirm,"tranzo_courier_name: Tranzo
tranzo_courier_tracking: T0080343172156486
tranzo_courier_url: https://tranzo.pk/track-order?tn=T0080343172156486",,Cash on Delivery (COD),#TH22508.1,0.0,TRENDHUB PAKISTAN,0.0,,,,6876601811164.0,Tranzo,Low,web,0.0,GST 16%,0.0,,,,,,,,,XXXXXXXXXX,,,,,rv06FgkxRztw1KM8omui49X3K + #TH22508.1,,,rv06FgkxRztw1KM8omui49X3K + #TH22508.1
#TH10227,customer_227@example.com,paid,2026-06-07 03:48:01 +0500,fulfilled,2026-05-30 01:15:48 +0500,yes,PKR,5499.0,0.0,0.0,5499.0,,0.0,Delivery Charges,2026-05-27 21:35:11+00:00,1,Portable High-Pressure Washer Gun,5499.0,9999.0,TH221,True,False,fulfilled,Customer 227,XXXXXXXXXX,XXXXXXXXXX,,,Lahore,'54782,,PK,XXXXXXXXXX,Customer 227,XXXXXXXXXX,XXXXXXXXXX,,,Lahore,'54782,,PK,XXXXXXXXXX,Can,,,Cash on Delivery (COD),#TH28041.1,0.0,TRENDHUB PAKISTAN,0.0,,,,7082219667676.0,Ship NOC,Low,web,0.0,GST 16%,0.0,,,,,,,,,XXXXXXXXXX,,,,,rqPOy6v2qNHAtW4X7ErG7dWjT + #TH28041.1,,,rqPOy6v2qNHAtW4X7ErG7dWjT + #TH28041.1
#TH10228,customer_228@example.com,paid,2025-06-29 00:52:08 +0500,fulfilled,2025-06-19 00:24:22 +0500,yes,PKR,2199.0,0.0,0.0,2199.0,,0.0,Delivery Charges,2025-06-18 08:07:29+00:00,1,Safe Mandoline Slicer - Multi Vegetable Chopper - Multi Vegetable Chopper,2199.0,4799.0,TH72,True,False,fulfilled,Customer 228,XXXXXXXXXX,XXXXXXXXXX,,,Karachi,,,PK,XXXXXXXXXX,Customer 228,XXXXXXXXXX,XXXXXXXXXX,,,Karachi,,,PK,XXXXXXXXXX,Order has been shipped via PostEx with Tracking 20150530009309. Confirm,"hxs_courier_name: PostEx
hxs_courier_tracking: 20150530009309
hxs_courier_url: https://postex.pk/tracking?cn=20150530009309
hxs_courier_label: https://merchant.postex.pk/get-invoice?trackingNumbers=20150530009309",,Cash on Delivery (COD),#TH12178.2,0.0,TRENDHUB PAKISTAN,0.0,,,,6404988141788.0,PostEx,Low,web,0.0,GST 16%,0.0,,,,,,,,,XXXXXXXXXX,,,,,rrJLl8Is76UWoxO5zOlgr1Fqx + #TH12178.2,,,rrJLl8Is76UWoxO5zOlgr1Fqx + #TH12178.2
#TH10229,customer_229@example.com,paid,2026-04-18 19:01:34 +0500,fulfilled,2026-04-03 01:01:17 +0500,yes,PKR,699.0,250.0,0.0,949.0,,0.0,Shipping Charges,2026-04-02 17:34:03+00:00,1,Kitchen Sink Splash Guard – Extra Wide Water Protection - Pack of 1,699.0,1399.0,TH232,True,False,fulfilled,Customer 229,XXXXXXXXXX,XXXXXXXXXX,No,Js,Lahore,'54000,,PK,XXXXXXXXXX,Customer 229,XXXXXXXXXX,XXXXXXXXXX,No,Js,Lahore,'54000,,PK,XXXXXXXXXX,Ct,,,Cash on Delivery (COD),#TH25099.1,0.0,TRENDHUB PAKISTAN,0.0,,,,6961509499100.0,Ship NOC,Low,web,0.0,GST 16%,0.0,,,,,,,,,XXXXXXXXXX,,,,,rJHCPq73PDGOIwacSkcpD55rU + #TH25099.1,,,rJHCPq73PDGOIwacSkcpD55rU + #TH25099.1
#TH10230,customer_230@example.com,paid,2025-08-31 22:37:15 +0500,fulfilled,2025-08-20 11:58:55 +0500,yes,PKR,1999.0,0.0,0.0,1999.0,,0.0,Delivery Charges,2025-08-19 15:28:18+00:00,1,Portable Resistance Band Sit-Up Trainer – Full Body Workout,1999.0,3999.0,TH162,True,False,fulfilled,Customer 230,XXXXXXXXXX,XXXXXXXXXX,,,Attock,'50400,,PK,XXXXXXXXXX,Customer 230,XXXXXXXXXX,XXXXXXXXXX,,,Attock,'50400,,PK,XXXXXXXXXX,Confirm,,,Cash on Delivery (COD),#TH14902.2,0.0,TRENDHUB PAKISTAN,0.0,,,,6496056082652.0,Ship NOC,Low,web,0.0,GST 16%,0.0,,,,,,,,,XXXXXXXXXX,,,,,ror0RbijmaSzBxM7aPgumM4B5 + #TH14902.2,,,ror0RbijmaSzBxM7aPgumM4B5 + #TH14902.2
#TH10231,customer_231@example.com,paid,2025-07-05 15:40:57 +0500,fulfilled,2025-06-29 23:53:42 +0500,yes,PKR,3999.0,0.0,0.0,3999.0,,0.0,Delivery Charges,2025-06-28 17:12:28+00:00,1,5-Tier Coat and Shoe Rack with Storage Shelf & 8 Hooks – Freestanding Organizer for Entryway & Bedroom,3999.0,7999.0,TH163,True,False,fulfilled,Customer 231,XXXXXXXXXX,XXXXXXXXXX,Five star,,Karachi,,,PK,XXXXXXXXXX,Customer 231,XXXXXXXXXX,XXXXXXXXXX,Five star,,Karachi,,,PK,XXXXXXXXXX,Confirm,,,Cash on Delivery (COD),#TH12559.2,0.0,TRENDHUB PAKISTAN,0.0,,,,6419197034716.0,Ship NOC,Low,web,0.0,GST 16%,0.0,,,,,,,,,XXXXXXXXXX,,,,,rQjLxRxEXsojxMEw9VULF9JZz + #TH12559.2,,,rQjLxRxEXsojxMEw9VULF9JZz + #TH12559.2
#TH10232,customer_232@example.com,paid,2026-04-25 02:43:18 +0500,fulfilled,2026-04-14 00:54:37 +0500,no,PKR,1199.0,250.0,0.0,1449.0,,0.0,Shipping Charges,2026-04-12 21:47:02+00:00,1,Kitchen Sink Splash Guard – Extra Wide Water Protection - Pack of 2,1199.0,2399.0,TH233,True,False,fulfilled,Customer 232,XXXXXXXXXX,XXXXXXXXXX,Second floor,,Lahore,,,PK,XXXXXXXXXX,Customer 232,XXXXXXXXXX,XXXXXXXXXX,Second floor,,Lahore,,,PK,XXXXXXXXXX,Come,,,Cash on Delivery (COD),#TH25627.1,0.0,TRENDHUB PAKISTAN,0.0,,,,6984329461980.0,Ship NOC,Low,web,0.0,GST 16%,0.0,,,,,,,,,XXXXXXXXXX,,,,,rsXL1R8J97QMPGB4R97hyBmgA + #TH25627.1,,,rsXL1R8J97QMPGB4R97hyBmgA + #TH25627.1
#TH10233,customer_233@example.com,paid,2026-04-04 02:35:37 +0500,fulfilled,2026-03-17 03:49:38 +0500,yes,PKR,4299.0,0.0,0.0,4299.0,,0.0,Delivery Charges,2026-03-15 20:55:50+00:00,1,Heavy-Duty Multi-Layer Shoe Cabinet Organizer - 4 - Layer,4299.0,8399.0,TH174,True,False,fulfilled,Customer 233,XXXXXXXXXX,XXXXXXXXXX,apartment,,Lahore,'54700,,PK,XXXXXXXXXX,Customer 233,XXXXXXXXXX,XXXXXXXXXX,apartment,,Lahore,'54700,,PK,XXXXXXXXXX,Ct,,,Cash on Delivery (COD),#TH23981.1,0.0,TRENDHUB PAKISTAN,0.0,,,,6919438729436.0,Ship NOC,Low,web,0.0,GST 16%,0.0,,,,,,,,,XXXXXXXXXX,,,,,rew5IRtl67ynLUQe879D9xOJh + #TH23981.1,,,rew5IRtl67ynLUQe879D9xOJh + #TH23981.1
#TH10234,customer_234@example.com,paid,2025-07-26 14:10:03 +0500,fulfilled,2025-07-15 00:42:02 +0500,yes,PKR,1199.0,0.0,0.0,1199.0,,0.0,Delivery Charges,2025-07-14 16:54:33+00:00,1,Sink Sponge Holder - Faucet Rack,1199.0,2399.0,TH61,True,False,fulfilled,Customer 234,XXXXXXXXXX,XXXXXXXXXX,,,"District Malakand, KP",'23000,,PK,XXXXXXXXXX,Customer 234,XXXXXXXXXX,XXXXXXXXXX,,,"District Malakand, KP",'23000,,PK,XXXXXXXXXX,Confirm,,,Cash on Delivery (COD),#TH13235.2,0.0,TRENDHUB PAKISTAN,0.0,,,,6441502277852.0,Ship NOC,Low,web,0.0,GST 16%,0.0,,,,,,,,,XXXXXXXXXX,,,,,rDS7sne2cPK9ZF7nXpOsvUduf + #TH13235.2,,,rDS7sne2cPK9ZF7nXpOsvUduf + #TH13235.2
#TH10235,customer_235@example.com,paid,2026-03-01 02:27:45 +0500,fulfilled,2026-02-14 03:28:59 +0500,yes,PKR,2299.0,0.0,0.0,2299.0,,0.0,Delivery Charges,2026-02-13 12:13:28+00:00,1,3 in 1 Handheld Vacuum Cleaner,2299.0,4599.0,TH121,True,False,fulfilled,Customer 235,XXXXXXXXXX,XXXXXXXXXX,Near- haier store,,Lahore,'12345,,PK,XXXXXXXXXX,Customer 235,XXXXXXXXXX,XXXXXXXXXX,Near- haier store,,Lahore,'12345,,PK,XXXXXXXXXX,Order has been shipped via Tranzo with Tracking T0080331661745658. Ct,"tranzo_courier_name: Tranzo
tranzo_courier_tracking: T0080331661745658
tranzo_courier_url: https://tranzo.pk/track-order?tn=T0080331661745658",,Cash on Delivery (COD),#TH22112.1,0.0,TRENDHUB PAKISTAN,0.0,,,,6852423155932.0,Tranzo,Low,web,0.0,GST 16%,0.0,,,,,,,,,XXXXXXXXXX,,,,,rf2CcDWueWk8xr9Gkf2kcogNG + #TH22112.1,,,rf2CcDWueWk8xr9Gkf2kcogNG + #TH22112.1
#TH10236,customer_236@example.com,paid,2026-03-12 15:03:33 +0500,fulfilled,2026-02-23 01:52:52 +0500,yes,PKR,2199.0,0.0,0.0,2199.0,,0.0,Delivery Charges,2026-02-21 07:32:11+00:00,1,Safe Mandoline Slicer - Multi Vegetable Chopper - Multi Vegetable Chopper,2199.0,4799.0,TH72,True,False,fulfilled,Customer 236,XXXXXXXXXX,XXXXXXXXXX,Shaukat khanum hospital,,Lahore,'54000,,PK,XXXXXXXXXX,Customer 236,XXXXXXXXXX,XXXXXXXXXX,Shaukat khanum hospital,,Lahore,'54000,,PK,XXXXXXXXXX,Order has been shipped via Tranzo with Tracking T0080343648324109. Can,"tranzo_courier_name: Tranzo
tranzo_courier_tracking: T0080343648324109
tranzo_courier_url: https://tranzo.pk/track-order?tn=T0080343648324109",,Cash on Delivery (COD),#TH22533.1,0.0,TRENDHUB PAKISTAN,0.0,,,,6877405053148.0,Tranzo,Low,web,0.0,GST 16%,0.0,,,,,,,,,XXXXXXXXXX,,,,,r0Fw82zgvVXSLGc9W7qn5mAUs + #TH22533.1,,,r0Fw82zgvVXSLGc9W7qn5mAUs + #TH22533.1
#TH10237,customer_237@example.com,paid,2025-06-15 17:37:30 +0500,fulfilled,2025-06-03 14:41:44 +0500,yes,PKR,1199.0,0.0,0.0,1199.0,,0.0,Delivery Charges,2025-06-01 03:33:29+00:00,1,Sink Sponge Holder - Faucet Rack,1199.0,2399.0,TH61,True,False,fulfilled,Customer 237,XXXXXXXXXX,XXXXXXXXXX,,,Karachi,'1962,,PK,XXXXXXXXXX,Customer 237,XXXXXXXXXX,XXXXXXXXXX,,,Karachi,'1962,,PK,XXXXXXXXXX,Order has been shipped via PostEx with Tracking 20150530008750. Confirm,"hxs_courier_name: PostEx
hxs_courier_tracking: 20150530008750
hxs_courier_url: https://postex.pk/tracking?cn=20150530008750
hxs_courier_label: https://merchant.postex.pk/get-invoice?trackingNumbers=20150530008750",,Cash on Delivery (COD),#TH11422.2,0.0,TRENDHUB PAKISTAN,0.0,,,,6377399386332.0,PostEx,Low,web,0.0,GST 16%,0.0,,,,,,,,,XXXXXXXXXX,,,,,rCUkqWBB0kpJtscs1AeksA4zj + #TH11422.2,,,rCUkqWBB0kpJtscs1AeksA4zj + #TH11422.2
#TH10238,customer_238@example.com,paid,2026-04-25 02:43:39 +0500,fulfilled,2026-04-18 00:41:58 +0500,yes,PKR,3996.0,0.0,0.0,3996.0,,0.0,Delivery Charges,2026-04-17 17:45:30+00:00,4,Mosquito Coil Stand,999.0,1999.0,TH24,True,False,fulfilled,Customer 238,XXXXXXXXXX,XXXXXXXXXX,408-house,,Islamabad,'4400,,PK,XXXXXXXXXX,Customer 238,XXXXXXXXXX,XXXXXXXXXX,408-house,,Islamabad,'4400,,PK,XXXXXXXXXX,Come,,,Cash on Delivery (COD),#TH25872.1,0.0,TRENDHUB PAKISTAN,0.0,,,,6993289740508.0,Ship NOC,Low,web,0.0,GST 16%,0.0,,,,,,,,,XXXXXXXXXX,,,,,rtwNvWIhXPraxBagZiM8gPXbv + #TH25872.1,,,rtwNvWIhXPraxBagZiM8gPXbv + #TH25872.1
#TH10239,customer_239@example.com,paid,2026-01-10 19:50:55 +0500,fulfilled,2026-01-02 01:23:13 +0500,no,PKR,2299.0,0.0,0.0,2299.0,,0.0,Delivery Charges,2026-01-01 17:27:53+00:00,1,3 in 1 Handheld Vacuum Cleaner,2299.0,4599.0,TH121,True,False,fulfilled,Customer 239,XXXXXXXXXX,XXXXXXXXXX,,Alnasir machinery store,Peshawar,,,PK,XXXXXXXXXX,Customer 239,XXXXXXXXXX,XXXXXXXXXX,,Alnasir machinery store,Peshawar,,,PK,XXXXXXXXXX,Coy,,,Cash on Delivery (COD),#TH19849.1,0.0,TRENDHUB PAKISTAN,0.0,,,,6775870914780.0,Ship NOC,Low,web,0.0,GST 16%,0.0,,,,,,,,,XXXXXXXXXX,,,,,rWvsDIZq6esq0uNTcL5d6gEIl + #TH19849.1,,,rWvsDIZq6esq0uNTcL5d6gEIl + #TH19849.1
#TH10240,customer_240@example.com,paid,2025-12-21 02:42:29 +0500,fulfilled,2025-12-15 01:25:51 +0500,yes,PKR,1199.0,0.0,0.0,1199.0,,0.0,Delivery Charges,2025-12-13 12:21:38+00:00,1,Sink Sponge Holder - Faucet Rack,1199.0,2399.0,TH61,True,False,fulfilled,Customer 240,XXXXXXXXXX,XXXXXXXXXX,,,Sukkur,,,PK,XXXXXXXXXX,Customer 240,XXXXXXXXXX,XXXXXXXXXX,,,Sukkur,,,PK,XXXXXXXXXX,Cy,,,Cash on Delivery (COD),#TH19000.1,0.0,TRENDHUB PAKISTAN,0.0,,,,6739383222492.0,Ship NOC,Low,web,0.0,GST 16%,0.0,,,,,,,,,XXXXXXXXXX,,,,,rIYX61ZsM3p5vnT01xeGMMEdv + #TH19000.1,,,rIYX61ZsM3p5vnT01xeGMMEdv + #TH19000.1
#TH10241,customer_241@example.com,paid,2026-05-23 18:05:59 +0500,fulfilled,2026-05-15 00:28:49 +0500,yes,PKR,699.0,250.0,0.0,949.0,,0.0,Shipping Charges,2026-05-14 05:50:28+00:00,1,Kitchen Sink Splash Guard – Extra Wide Water Protection - Pack of 1,699.0,1399.0,TH232,True,False,fulfilled,Customer 241,XXXXXXXXXX,XXXXXXXXXX,,Ali Hassan Nawab,Multan,,,PK,XXXXXXXXXX,Customer 241,XXXXXXXXXX,XXXXXXXXXX,,Ali Hassan Nawab,Multan,,,PK,XXXXXXXXXX,Ct,,,Cash on Delivery (COD),#TH27162.1,0.0,TRENDHUB PAKISTAN,0.0,,,,7047652475100.0,Ship NOC,Low,web,0.0,GST 16%,0.0,,,,,,,,,XXXXXXXXXX,,,,,rbl0TTVez9UqIexVPWNgnZlf9 + #TH27162.1,,,rbl0TTVez9UqIexVPWNgnZlf9 + #TH27162.1
#TH10242,customer_242@example.com,paid,2025-07-05 15:33:00 +0500,fulfilled,2025-06-23 01:11:33 +0500,yes,PKR,2299.0,0.0,0.0,2299.0,,0.0,Delivery Charges,2025-06-22 07:31:42+00:00,1,3 in 1 Handheld Vacuum Cleaner,2299.0,4599.0,TH121,True,False,fulfilled,Customer 242,XXXXXXXXXX,XXXXXXXXXX,Ok,ok,Darya Khan,'30100,,PK,XXXXXXXXXX,Customer 242,XXXXXXXXXX,XXXXXXXXXX,Ok,ok,Darya Khan,'30100,,PK,XXXXXXXXXX,,,,Cash on Delivery (COD),#TH12320.2,0.0,TRENDHUB PAKISTAN,0.0,,,,6410714677468.0,"Ship NOC, ✅ Order Confirmed",Low,web,0.0,GST 16%,0.0,,,,,,,,,XXXXXXXXXX,,,,,rHppqkGfVtxHCSxlQNOPWj8cC + #TH12320.2,,,rHppqkGfVtxHCSxlQNOPWj8cC + #TH12320.2
#TH10243,customer_243@example.com,paid,2025-09-21 00:50:16 +0500,fulfilled,2025-09-08 00:41:37 +0500,yes,PKR,2199.0,0.0,0.0,2199.0,,0.0,Delivery Charges,2025-09-07 06:45:05+00:00,1,Safe Mandoline Slicer - Multi Vegetable Chopper - Multi Vegetable Chopper,2199.0,4799.0,TH72,True,False,fulfilled,Customer 243,XXXXXXXXXX,XXXXXXXXXX,House,,Lahore,,,PK,XXXXXXXXXX,Customer 243,XXXXXXXXXX,XXXXXXXXXX,House,,Lahore,,,PK,XXXXXXXXXX,Confirm,,,Cash on Delivery (COD),#TH15703.2,0.0,TRENDHUB PAKISTAN,0.0,,,,6524362424540.0,Ship NOC,Low,web,0.0,GST 16%,0.0,,,,,,,,,XXXXXXXXXX,,,,,rOqG1okuHSXyUuzTzcOSBH6W6 + #TH15703.2,,,rOqG1okuHSXyUuzTzcOSBH6W6 + #TH15703.2
#TH10244,customer_244@example.com,paid,2026-01-04 00:46:44 +0500,fulfilled,2025-12-26 11:33:28 +0500,yes,PKR,1199.0,0.0,0.0,1199.0,,0.0,Delivery Charges,2025-12-25 15:56:30+00:00,1,Sink Sponge Holder - Faucet Rack,1199.0,2399.0,TH61,True,False,fulfilled,Customer 244,XXXXXXXXXX,XXXXXXXXXX,,,Sukkur,,,PK,XXXXXXXXXX,Customer 244,XXXXXXXXXX,XXXXXXXXXX,,,Sukkur,,,PK,XXXXXXXXXX,,,,Cash on Delivery (COD),#TH19525.1,0.0,TRENDHUB PAKISTAN,0.0,,,,6763803869404.0,Ship NOC,Low,web,0.0,GST 16%,0.0,,,,,,,,,XXXXXXXXXX,,,,,retEptOVpdL0ymvPBoiG4emaH + #TH19525.1,,,retEptOVpdL0ymvPBoiG4emaH + #TH19525.1
#TH10245,customer_245@example.com,paid,2025-07-20 02:30:13 +0500,fulfilled,2025-07-07 00:46:49 +0500,yes,PKR,1199.0,0.0,0.0,1199.0,,0.0,Delivery Charges,2025-07-05 17:50:54+00:00,1,Sink Sponge Holder - Faucet Rack,1199.0,2399.0,TH61,True,False,fulfilled,Customer 245,XXXXXXXXXX,XXXXXXXXXX,Near -,,Karachi,,,PK,XXXXXXXXXX,Customer 245,XXXXXXXXXX,XXXXXXXXXX,Near -,,Karachi,,,PK,XXXXXXXXXX,Confirm,,,Cash on Delivery (COD),#TH12835.2,0.0,TRENDHUB PAKISTAN,0.0,,,,6429325000924.0,Ship NOC,Low,web,0.0,GST 16%,0.0,,,,,,,,,XXXXXXXXXX,,,,,r3b7lgAs6FjDTMC8VIimN9GoF + #TH12835.2,,,r3b7lgAs6FjDTMC8VIimN9GoF + #TH12835.2
#TH10246,customer_246@example.com,paid,2025-12-14 03:07:22 +0500,fulfilled,2025-12-04 00:38:03 +0500,yes,PKR,1199.0,0.0,0.0,1199.0,,0.0,Delivery Charges,2025-12-02 18:28:13+00:00,1,Sink Sponge Holder - Faucet Rack,1199.0,2399.0,TH61,True,False,fulfilled,Customer 246,XXXXXXXXXX,XXXXXXXXXX,,,Lalamusa,'50200,,PK,XXXXXXXXXX,Customer 246,XXXXXXXXXX,XXXXXXXXXX,,,Lalamusa,'50200,,PK,XXXXXXXXXX,Confirm,,,Cash on Delivery (COD),#TH18640.1,0.0,TRENDHUB PAKISTAN,0.0,,,,6718391451868.0,Ship NOC,Low,web,0.0,GST 16%,0.0,,,,,,,,,XXXXXXXXXX,,,,,rm0NrR76BNqaqRp1MVOuAuDNb + #TH18640.1,,,rm0NrR76BNqaqRp1MVOuAuDNb + #TH18640.1
#TH10247,customer_247@example.com,paid,2025-12-28 22:24:52 +0500,fulfilled,2025-12-18 00:44:33 +0500,yes,PKR,4599.01,0.0,0.0,4599.01,,0.0,Delivery Charges,2025-12-16 17:01:14+00:00,1,Metal Shoe Rack with Coat Hooks – Dustproof Entryway Shoe Cabinet & Organizer - 5 - Layer,4599.01,7999.0,TH189,True,False,fulfilled,Customer 247,XXXXXXXXXX,XXXXXXXXXX,Ahmed awaes battery shop,,Ghotki,,,PK,XXXXXXXXXX,Customer 247,XXXXXXXXXX,XXXXXXXXXX,Ahmed awaes battery shop,,Ghotki,,,PK,XXXXXXXXXX,Confirm,,,Cash on Delivery (COD),#TH19151.1,0.0,TRENDHUB PAKISTAN,0.0,,,,6746289111260.0,Ship NOC,Low,web,0.0,GST 16%,0.0,,,,,,,,,XXXXXXXXXX,,,,,rIubLBnZb1c1dAB4UTSSRKMVo + #TH19151.1,,,rIubLBnZb1c1dAB4UTSSRKMVo + #TH19151.1
#TH10248,customer_248@example.com,paid,2025-12-14 03:04:48 +0500,fulfilled,2025-12-08 00:31:59 +0500,no,PKR,2199.0,0.0,0.0,2199.0,,0.0,Delivery Charges,2025-12-06 20:41:44+00:00,1,Safe Mandoline Slicer - Multi Vegetable Chopper - Multi Vegetable Chopper,2199.0,4799.0,TH72,True,False,fulfilled,Customer 248,XXXXXXXXXX,XXXXXXXXXX,Masjid Khulfa-e-Rashdeen,,Karachi,'03009763090,,PK,XXXXXXXXXX,Customer 248,XXXXXXXXXX,XXXXXXXXXX,Masjid Khulfa-e-Rashdeen,,Karachi,'03009763090,,PK,XXXXXXXXXX,Confirm,,,Cash on Delivery (COD),#TH18749.1,0.0,TRENDHUB PAKISTAN,0.0,,,,6726222020828.0,Ship NOC,Low,web,0.0,GST 16%,0.0,,,,,,,,,XXXXXXXXXX,,,,,rnWcm2Ju6LZnWVaTAjMLjFFkM + #TH18749.1,,,rnWcm2Ju6LZnWVaTAjMLjFFkM + #TH18749.1
#TH10249,customer_249@example.com,paid,2025-12-07 15:23:55 +0500,fulfilled,2025-11-24 00:13:55 +0500,no,PKR,2299.0,0.0,0.0,2299.0,,0.0,Delivery Charges,2025-11-23 05:15:32+00:00,1,3 in 1 Handheld Vacuum Cleaner,2299.0,4599.0,TH121,True,False,fulfilled,Customer 249,XXXXXXXXXX,XXXXXXXXXX,,,Gujranwala,'54450,,PK,XXXXXXXXXX,Customer 249,XXXXXXXXXX,XXXXXXXXXX,,,Gujranwala,'54450,,PK,XXXXXXXXXX,Confirm,,,Cash on Delivery (COD),#TH18300.1,0.0,TRENDHUB PAKISTAN,0.0,,,,6671455027420.0,Ship NOC,Low,web,0.0,GST 16%,0.0,,,,,,,,,XXXXXXXXXX,,,,,rnp2UUQItnbHrEJCBoe6kOMPM + #TH18300.1,,,rnp2UUQItnbHrEJCBoe6kOMPM + #TH18300.1
#TH10250,customer_250@example.com,paid,2026-05-16 14:31:04 +0500,fulfilled,2026-05-06 23:36:21 +0500,no,PKR,1499.0,250.0,0.0,1749.0,,0.0,Shipping Charges,2026-05-06 15:10:00+00:00,1,Kitchen Sink Splash Guard – Extra Wide Water Protection - Pack of 3,1499.0,2999.0,TH234,True,False,fulfilled,Customer 250,XXXXXXXXXX,XXXXXXXXXX,,,Dinga,'50280,,PK,XXXXXXXXXX,Customer 250,XXXXXXXXXX,XXXXXXXXXX,,,Dinga,'50280,,PK,XXXXXXXXXX,Can,,,Cash on Delivery (COD),#TH26766.1,0.0,TRENDHUB PAKISTAN,0.0,,,,7032265146588.0,Ship NOC,Low,web,0.0,GST 16%,0.0,,,,,,,,,XXXXXXXXXX,,,,,rrLmN5mU7x1bOlOqTGN8iF6gF + #TH26766.1,,,rrLmN5mU7x1bOlOqTGN8iF6gF + #TH26766.1
#TH10251,customer_251@example.com,paid,2026-01-17 12:32:35 +0500,fulfilled,2026-01-11 23:49:31 +0500,yes,PKR,2299.0,0.0,0.0,2299.0,,0.0,Delivery Charges,2026-01-10 20:07:31+00:00,1,3 in 1 Handheld Vacuum Cleaner,2299.0,4599.0,TH121,True,False,fulfilled,Customer 251,XXXXXXXXXX,XXXXXXXXXX,,,Islamabad,,,PK,XXXXXXXXXX,Customer 251,XXXXXXXXXX,XXXXXXXXXX,,,Islamabad,,,PK,XXXXXXXXXX,Can,,,Cash on Delivery (COD),#TH20305.1,0.0,TRENDHUB PAKISTAN,0.0,,,,6791675969756.0,Ship NOC,Low,web,0.0,GST 16%,0.0,,,,,,,,,XXXXXXXXXX,,,,,rZQ1HKZ0nc77qrU0Xyj5C8btT + #TH20305.1,,,rZQ1HKZ0nc77qrU0Xyj5C8btT + #TH20305.1
#TH10252,customer_252@example.com,paid,2025-08-24 03:29:33 +0500,fulfilled,2025-08-12 00:30:13 +0500,yes,PKR,2299.0,0.0,0.0,2299.0,,0.0,Delivery Charges,2025-08-11 10:09:54+00:00,1,3 in 1 Handheld Vacuum Cleaner,2299.0,4599.0,TH121,True,False,fulfilled,Customer 252,XXXXXXXXXX,XXXXXXXXXX,,,Lahore,,,PK,XXXXXXXXXX,Customer 252,XXXXXXXXXX,XXXXXXXXXX,,,Lahore,,,PK,XXXXXXXXXX,Confirm,,,Cash on Delivery (COD),#TH14503.2,0.0,TRENDHUB PAKISTAN,0.0,,,,6481481695452.0,Ship NOC,Low,web,0.0,GST 16%,0.0,,,,,,,,,XXXXXXXXXX,,,,,r5tvEUr8I3dQiLrVOasSH9VBc + #TH14503.2,,,r5tvEUr8I3dQiLrVOasSH9VBc + #TH14503.2
#TH10253,customer_253@example.com,paid,2026-05-03 14:28:19 +0500,fulfilled,2026-04-27 01:26:08 +0500,yes,PKR,1899.0,250.0,0.0,2149.0,,0.0,Shipping Charges,2026-04-24 05:19:42+00:00,1,Spray Mop with Microfiber Pad – Reusable Flat Floor Cleaning Mop,1899.0,3999.0,TH254,True,False,fulfilled,Customer 253,XXXXXXXXXX,XXXXXXXXXX,,,Lahore,,,PK,XXXXXXXXXX,Customer 253,XXXXXXXXXX,XXXXXXXXXX,,,Lahore,,,PK,XXXXXXXXXX,Ct,,,Cash on Delivery (COD),#TH26183.1,0.0,TRENDHUB PAKISTAN,0.0,,,,7006773051612.0,Ship NOC,Low,web,0.0,GST 16%,0.0,,,,,,,,,XXXXXXXXXX,,,,,rlPSXIJJBvAOkCBDUkQZWFnKm + #TH26183.1,,,rlPSXIJJBvAOkCBDUkQZWFnKm + #TH26183.1
#TH10254,customer_254@example.com,paid,2026-04-18 19:01:56 +0500,fulfilled,2026-04-10 00:39:32 +0500,no,PKR,1199.0,250.0,0.0,1449.0,,0.0,Shipping Charges,2026-04-09 18:22:23+00:00,1,Kitchen Sink Splash Guard – Extra Wide Water Protection - Pack of 2,1199.0,2399.0,TH233,True,False,fulfilled,Customer 254,XXXXXXXXXX,XXXXXXXXXX,,,Rawalpindi,,,PK,XXXXXXXXXX,Customer 254,XXXXXXXXXX,XXXXXXXXXX,,,Rawalpindi,,,PK,XXXXXXXXXX,Coy,,,Cash on Delivery (COD),#TH25459.1,0.0,TRENDHUB PAKISTAN,0.0,,,,6977597505756.0,Ship NOC,Low,web,0.0,GST 16%,0.0,,,,,,,,,XXXXXXXXXX,,,,,rfgPWfe4vlCYrmoIOCuBySsvy + #TH25459.1,,,rfgPWfe4vlCYrmoIOCuBySsvy + #TH25459.1
#TH10255,customer_255@example.com,paid,2025-09-14 01:40:07 +0500,fulfilled,2025-09-01 00:14:27 +0500,yes,PKR,1999.0,0.0,0.0,1999.0,,0.0,Delivery Charges,2025-08-29 18:39:48+00:00,1,Portable Resistance Band Sit-Up Trainer – Full Body Workout,1999.0,3999.0,TH162,True,False,fulfilled,Customer 255,XXXXXXXXXX,XXXXXXXXXX,Fasail bank,,Lahore,,,PK,XXXXXXXXXX,Customer 255,XXXXXXXXXX,XXXXXXXXXX,Fasail bank,,Lahore,,,PK,XXXXXXXXXX,Confirm,,,Cash on Delivery (COD),#TH15325.2,0.0,TRENDHUB PAKISTAN,0.0,,,,6509862748380.0,Ship NOC,Low,web,0.0,GST 16%,0.0,,,,,,,,,XXXXXXXXXX,,,,,rY4kXc25UByIvPGr6MZmy8fHM + #TH15325.2,,,rY4kXc25UByIvPGr6MZmy8fHM + #TH15325.2
#TH10256,customer_256@example.com,paid,2026-03-12 15:17:47 +0500,fulfilled,2026-03-03 01:44:35 +0500,no,PKR,2299.0,0.0,0.0,2299.0,,0.0,Delivery Charges,2026-03-02 09:45:21+00:00,1,3 in 1 Handheld Vacuum Cleaner,2299.0,4599.0,TH121,True,False,fulfilled,Customer 256,XXXXXXXXXX,XXXXXXXXXX,,,Mianwali,,,PK,XXXXXXXXXX,Customer 256,XXXXXXXXXX,XXXXXXXXXX,,,Mianwali,,,PK,XXXXXXXXXX,Cy,,,Cash on Delivery (COD),#TH23108.1,0.0,TRENDHUB PAKISTAN,0.0,,,,6893176324316.0,Ship NOC,Low,web,0.0,GST 16%,0.0,,,,,,,,,XXXXXXXXXX,,,,,rda0EFL7yZzSOUAStksgE6wtg + #TH23108.1,,,rda0EFL7yZzSOUAStksgE6wtg + #TH23108.1
#TH10257,customer_257@example.com,paid,2025-12-21 02:40:35 +0500,fulfilled,2025-12-16 00:00:08 +0500,yes,PKR,2299.0,0.0,0.0,2299.0,,0.0,Delivery Charges,2025-12-14 17:12:14+00:00,1,3 in 1 Handheld Vacuum Cleaner,2299.0,4599.0,TH121,True,False,fulfilled,Customer 257,XXXXXXXXXX,XXXXXXXXXX,karachi orangi tawin,,کراچی,'00789,,PK,XXXXXXXXXX,Customer 257,XXXXXXXXXX,XXXXXXXXXX,karachi orangi tawin,,کراچی,'00789,,PK,XXXXXXXXXX,Confirm,,,Cash on Delivery (COD),#TH19051.1,0.0,TRENDHUB PAKISTAN,0.0,,,,6742187442396.0,Ship NOC,Low,web,0.0,GST 16%,0.0,,,,,,,,,XXXXXXXXXX,,,,,rRyCw3qsiQUdoOx3KV3DzWVKc + #TH19051.1,,,rRyCw3qsiQUdoOx3KV3DzWVKc + #TH19051.1
#TH10258,customer_258@example.com,paid,2025-06-15 18:01:46 +0500,fulfilled,2025-06-02 01:11:35 +0500,yes,PKR,2299.0,0.0,0.0,2299.0,,0.0,Delivery Charges,2025-06-01 15:56:58+00:00,1,3 in 1 Handheld Vacuum Cleaner,2299.0,4599.0,TH121,True,False,fulfilled,Customer 258,XXXXXXXXXX,XXXXXXXXXX,,,Danyore,,,PK,XXXXXXXXXX,Customer 258,XXXXXXXXXX,XXXXXXXXXX,,,Danyore,,,PK,XXXXXXXXXX,Order has been shipped via PostEx with Tracking 25150530008666. Confirm,"hxs_courier_name: PostEx
hxs_courier_tracking: 25150530008666
hxs_courier_url: https://postex.pk/tracking?cn=25150530008666
hxs_courier_label: https://merchant.postex.pk/get-invoice?trackingNumbers=25150530008666",,Cash on Delivery (COD),#TH11460.2,0.0,TRENDHUB PAKISTAN,0.0,,,,6378264592604.0,PostEx,Low,web,0.0,GST 16%,0.0,,,,,,,,,XXXXXXXXXX,,,,,rBwZajaWsLYhMomISaZnjYh3z + #TH11460.2,,,rBwZajaWsLYhMomISaZnjYh3z + #TH11460.2
#TH10259,customer_259@example.com,paid,2025-08-03 01:59:24 +0500,fulfilled,2025-07-25 00:35:01 +0500,yes,PKR,1999.0,0.0,0.0,1999.0,,0.0,Delivery Charges,2025-07-24 10:21:54+00:00,1,Portable Resistance Band Sit-Up Trainer – Full Body Workout,1999.0,3999.0,TH162,True,False,fulfilled,Customer 259,XXXXXXXXXX,XXXXXXXXXX,,,Kamoki,,,PK,XXXXXXXXXX,Customer 259,XXXXXXXXXX,XXXXXXXXXX,,,Kamoki,,,PK,XXXXXXXXXX,Confirm,,,Cash on Delivery (COD),#TH13715.2,0.0,TRENDHUB PAKISTAN,0.0,,,,6454604562652.0,Ship NOC,Low,web,0.0,GST 16%,0.0,,,,,,,,,XXXXXXXXXX,,,,,rTb527QR3iTlBB1cpQu2Lmnbi + #TH13715.2,,,rTb527QR3iTlBB1cpQu2Lmnbi + #TH13715.2
#TH10260,customer_260@example.com,paid,2025-06-22 02:53:16 +0500,fulfilled,2025-06-09 15:15:10 +0500,yes,PKR,1999.0,0.0,0.0,1999.0,,0.0,Delivery Charges,2025-06-06 19:57:02+00:00,1,Portable Resistance Band Sit-Up Trainer – Full Body Workout,1999.0,3999.0,TH162,True,False,fulfilled,Customer 260,XXXXXXXXXX,XXXXXXXXXX,,,Lahore,,,PK,XXXXXXXXXX,Customer 260,XXXXXXXXXX,XXXXXXXXXX,,,Lahore,,,PK,XXXXXXXXXX,Order has been shipped via PostEx with Tracking 29150530008890. ,"hxs_courier_name: PostEx
hxs_courier_tracking: 29150530008890
hxs_courier_url: https://postex.pk/tracking?cn=29150530008890
hxs_courier_label: https://merchant.postex.pk/get-invoice?trackingNumbers=29150530008890",,Cash on Delivery (COD),#TH11685.2,0.0,TRENDHUB PAKISTAN,0.0,,,,6389280932060.0,PostEx,Low,web,0.0,GST 16%,0.0,,,,,,,,,XXXXXXXXXX,,,,,rMLHcjf5ONm3HqZr4t62EHcVt + #TH11685.2,,,rMLHcjf5ONm3HqZr4t62EHcVt + #TH11685.2
#TH10261,customer_261@example.com,paid,2026-04-12 16:13:10 +0500,fulfilled,2026-04-03 01:04:26 +0500,yes,PKR,1199.0,250.0,0.0,1449.0,,0.0,Shipping Charges,2026-04-02 08:22:31+00:00,1,Kitchen Sink Splash Guard – Extra Wide Water Protection - Pack of 2,1199.0,2399.0,TH233,True,False,fulfilled,Customer 261,XXXXXXXXXX,XXXXXXXXXX,,,Lahore,'0000,,PK,XXXXXXXXXX,Customer 261,XXXXXXXXXX,XXXXXXXXXX,,,Lahore,'0000,,PK,XXXXXXXXXX,Can,,,Cash on Delivery (COD),#TH25068.1,0.0,TRENDHUB PAKISTAN,0.0,,,,6960001614044.0,Ship NOC,Low,web,0.0,GST 16%,0.0,,,,,,,,,XXXXXXXXXX,,,,,rKQfxnsx2CSKt7BXI3iCvY4WK + #TH25068.1,,,rKQfxnsx2CSKt7BXI3iCvY4WK + #TH25068.1
#TH10262,customer_262@example.com,paid,2026-04-04 02:29:12 +0500,fulfilled,2026-03-25 02:30:24 +0500,no,PKR,699.0,250.0,0.0,949.0,,0.0,Shipping Charges,2026-03-24 02:40:22+00:00,1,Kitchen Sink Splash Guard – Extra Wide Water Protection - Pack of 1,699.0,1399.0,TH232,True,False,fulfilled,Customer 262,XXXXXXXXXX,XXXXXXXXXX,,,Gujranwala,,,PK,XXXXXXXXXX,Customer 262,XXXXXXXXXX,XXXXXXXXXX,,,Gujranwala,,,PK,XXXXXXXXXX,Can,,,Cash on Delivery (COD),#TH24510.1,0.0,TRENDHUB PAKISTAN,0.0,,,,6933843312860.0,Ship NOC,Low,web,0.0,GST 16%,0.0,,,,,,,,,XXXXXXXXXX,,,,,r1xsoHCF3JKOEQegGRloXlgpW + #TH24510.1,,,r1xsoHCF3JKOEQegGRloXlgpW + #TH24510.1
#TH10263,customer_263@example.com,paid,2025-12-14 03:06:41 +0500,fulfilled,2025-12-04 00:38:31 +0500,yes,PKR,4299.0,0.0,0.0,4299.0,,0.0,Delivery Charges,2025-12-02 17:11:47+00:00,1,Heavy-Duty Multi-Layer Shoe Cabinet Organizer - 4 - Layer,4299.0,8399.0,TH174,True,False,fulfilled,Customer 263,XXXXXXXXXX,XXXXXXXXXX,,,Sialkot cantt,,,PK,XXXXXXXXXX,Customer 263,XXXXXXXXXX,XXXXXXXXXX,,,Sialkot cantt,,,PK,XXXXXXXXXX,Come,,,Cash on Delivery (COD),#TH18638.1,0.0,TRENDHUB PAKISTAN,0.0,,,,6718254973148.0,Ship NOC,Low,web,0.0,GST 16%,0.0,,,,,,,,,XXXXXXXXXX,,,,,rhYNxuLKDtXxhxs0EbhyJ99HC + #TH18638.1,,,rhYNxuLKDtXxhxs0EbhyJ99HC + #TH18638.1
#TH10264,customer_264@example.com,paid,2026-05-01 20:21:54 +0500,fulfilled,2026-04-25 00:18:50 +0500,yes,PKR,1199.0,250.0,0.0,1449.0,,0.0,Shipping Charges,2026-04-24 11:36:18+00:00,1,Kitchen Sink Splash Guard – Extra Wide Water Protection - Pack of 2,1199.0,2399.0,TH233,True,False,fulfilled,Customer 264,XXXXXXXXXX,XXXXXXXXXX,Near al habib bank,,Sehwan sharif,'76140,,PK,XXXXXXXXXX,Customer 264,XXXXXXXXXX,XXXXXXXXXX,Near al habib bank,,Sehwan sharif,'76140,,PK,XXXXXXXXXX,Cy,,,Cash on Delivery (COD),#TH26202.1,0.0,TRENDHUB PAKISTAN,0.0,,,,7007127994588.0,Ship NOC,Low,web,0.0,GST 16%,0.0,,,,,,,,,XXXXXXXXXX,,,,,rK3lZJxka5Ta8kd8okoHQuRTk + #TH26202.1,,,rK3lZJxka5Ta8kd8okoHQuRTk + #TH26202.1
#TH10265,customer_265@example.com,paid,2025-09-21 01:02:50 +0500,fulfilled,2025-09-12 00:16:33 +0500,yes,PKR,1199.0,0.0,0.0,1199.0,,0.0,Delivery Charges,2025-09-11 10:29:17+00:00,1,Sink Sponge Holder - Faucet Rack,1199.0,2399.0,TH61,True,False,fulfilled,Customer 265,XXXXXXXXXX,XXXXXXXXXX,,,Gujranwala,,,PK,XXXXXXXXXX,Customer 265,XXXXXXXXXX,XXXXXXXXXX,,,Gujranwala,,,PK,XXXXXXXXXX,Confirm,,,Cash on Delivery (COD),#TH15887.2,0.0,TRENDHUB PAKISTAN,0.0,,,,6530601582812.0,Ship NOC,Low,web,0.0,GST 16%,0.0,,,,,,,,,XXXXXXXXXX,,,,,rde2MyalWpRosw8HAvZP0fwTK + #TH15887.2,,,rde2MyalWpRosw8HAvZP0fwTK + #TH15887.2
#TH10266,customer_266@example.com,paid,2026-01-10 20:00:28 +0500,fulfilled,2025-12-26 11:43:36 +0500,yes,PKR,2199.0,0.0,0.0,2199.0,,0.0,Delivery Charges,2025-12-24 02:22:41+00:00,1,Safe Mandoline Slicer - Multi Vegetable Chopper - Multi Vegetable Chopper,2199.0,4799.0,TH72,True,False,fulfilled,Customer 266,XXXXXXXXXX,XXXXXXXXXX,Near Madina masjid akhagram,,Upper Dir,'18902,,PK,XXXXXXXXXX,Customer 266,XXXXXXXXXX,XXXXXXXXXX,Near Madina masjid akhagram,,Upper Dir,'18902,,PK,XXXXXXXXXX,Come,,,Cash on Delivery (COD),#TH19431.1,0.0,TRENDHUB PAKISTAN,0.0,,,,6760823324892.0,Ship NOC,Low,web,0.0,GST 16%,0.0,,,,,,,,,XXXXXXXXXX,,,,,rz9VVlB2EKTAqRecOIFDjAjzs + #TH19431.1,,,rz9VVlB2EKTAqRecOIFDjAjzs + #TH19431.1
#TH10267,customer_267@example.com,paid,2025-08-31 22:47:41 +0500,fulfilled,2025-08-23 03:08:35 +0500,yes,PKR,1199.0,0.0,0.0,1199.0,,0.0,Delivery Charges,2025-08-22 04:44:34+00:00,1,Sink Sponge Holder - Faucet Rack,1199.0,2399.0,TH61,True,False,fulfilled,Customer 267,XXXXXXXXXX,XXXXXXXXXX,,,Gujrat,'50700,,PK,XXXXXXXXXX,Customer 267,XXXXXXXXXX,XXXXXXXXXX,,,Gujrat,'50700,,PK,XXXXXXXXXX,Check,,,Cash on Delivery (COD),#TH15010.2,0.0,TRENDHUB PAKISTAN,0.0,,,,6499524346076.0,Ship NOC,Low,web,0.0,GST 16%,0.0,,,,,,,,,XXXXXXXXXX,,,,,rnyCfXMeP7rr1cpI07uuyVbpX + #TH15010.2,,,rnyCfXMeP7rr1cpI07uuyVbpX + #TH15010.2
#TH10268,customer_268@example.com,paid,2025-07-20 02:41:54 +0500,fulfilled,2025-07-12 00:38:48 +0500,yes,PKR,3999.0,0.0,0.0,3999.0,,0.0,Delivery Charges,2025-07-10 11:55:44+00:00,1,5-Tier Coat and Shoe Rack with Storage Shelf & 8 Hooks – Freestanding Organizer for Entryway & Bedroom,3999.0,7999.0,TH163,True,False,fulfilled,Customer 268,XXXXXXXXXX,XXXXXXXXXX,,,Lahore,'47631,,PK,XXXXXXXXXX,Customer 268,XXXXXXXXXX,XXXXXXXXXX,,,Lahore,'47631,,PK,XXXXXXXXXX,,,,Cash on Delivery (COD),#TH13067.2,0.0,TRENDHUB PAKISTAN,0.0,,,,6435926180060.0,Ship NOC,Low,web,0.0,GST 16%,0.0,,,,,,,,,XXXXXXXXXX,,,,,rnSLlomOenN7nXXvSi1czzEgm + #TH13067.2,,,rnSLlomOenN7nXXvSi1czzEgm + #TH13067.2
#TH10269,customer_269@example.com,paid,2025-10-19 17:38:45 +0500,fulfilled,2025-10-02 02:06:42 +0500,no,PKR,3099.0,0.0,0.0,3099.0,,0.0,Delivery Charges,2025-09-30 16:55:50+00:00,1,Multifunctional Face & Neck Massager – Therapy & Massage Modes for Anti-Aging & Skin Rejuvenation,3099.0,6199.0,TH188,True,False,fulfilled,Customer 269,XXXXXXXXXX,XXXXXXXXXX,,,Rawalpindi,'46060,,PK,XXXXXXXXXX,Customer 269,XXXXXXXXXX,XXXXXXXXXX,,,Rawalpindi,'46060,,PK,XXXXXXXXXX,Confirm,,,Cash on Delivery (COD),#TH16569.1,0.0,TRENDHUB PAKISTAN,0.0,,,,6557213622492.0,Ship NOC,Low,web,0.0,GST 16%,0.0,,,,,,,,,XXXXXXXXXX,,,,,rwyFXMuHmIj2WL3bCL7oTNnUU + #TH16569.1,,,rwyFXMuHmIj2WL3bCL7oTNnUU + #TH16569.1
#TH10270,customer_270@example.com,paid,2025-08-10 01:25:58 +0500,fulfilled,2025-08-04 00:30:50 +0500,yes,PKR,1199.0,0.0,0.0,1199.0,,0.0,Delivery Charges,2025-08-02 06:53:50+00:00,1,Sink Sponge Holder - Faucet Rack,1199.0,2399.0,TH61,True,False,fulfilled,Customer 270,XXXXXXXXXX,XXXXXXXXXX,,,Okara,'56300,,PK,XXXXXXXXXX,Customer 270,XXXXXXXXXX,XXXXXXXXXX,,,Okara,'56300,,PK,XXXXXXXXXX,Confirm,,,Cash on Delivery (COD),#TH14102.2,0.0,TRENDHUB PAKISTAN,0.0,,,,6468562780380.0,Ship NOC,Low,web,0.0,GST 16%,0.0,,,,,,,,,XXXXXXXXXX,,,,,rBTbQDI26ZB1oNwYx49xyKqM7 + #TH14102.2,,,rBTbQDI26ZB1oNwYx49xyKqM7 + #TH14102.2
#TH10271,customer_271@example.com,paid,2025-09-14 01:45:15 +0500,fulfilled,2025-08-25 00:28:30 +0500,yes,PKR,4499.0,0.0,0.0,4499.0,,0.0,Delivery Charges,2025-08-24 04:43:21+00:00,1,Heavy-Duty Multi-Layer Shoe Cabinet Organizer - 5 - Layer,4499.0,8999.0,TH166,True,False,fulfilled,Customer 271,XXXXXXXXXX,XXXXXXXXXX,,,Malakwal,'50530,,PK,XXXXXXXXXX,Customer 271,XXXXXXXXXX,XXXXXXXXXX,,,Malakwal,'50530,,PK,XXXXXXXXXX,Confirm,,,Cash on Delivery (COD),#TH15098.2,0.0,TRENDHUB PAKISTAN,0.0,,,,6502240878812.0,Ship NOC,Low,web,0.0,GST 16%,0.0,,,,,,,,,XXXXXXXXXX,,,,,rnFtBrHvHttWf62YpIGfdr4lT + #TH15098.2,,,rnFtBrHvHttWf62YpIGfdr4lT + #TH15098.2
#TH10272,customer_272@example.com,paid,2026-01-04 00:41:32 +0500,fulfilled,2025-12-20 02:25:13 +0500,yes,PKR,2299.0,0.0,0.0,2299.0,,0.0,Delivery Charges,2025-12-18 19:11:29+00:00,1,3 in 1 Handheld Vacuum Cleaner,2299.0,4599.0,TH121,True,False,fulfilled,Customer 272,XXXXXXXXXX,XXXXXXXXXX,,,Kallar Kahar,,,PK,XXXXXXXXXX,Customer 272,XXXXXXXXXX,XXXXXXXXXX,,,Kallar Kahar,,,PK,XXXXXXXXXX,Can,,,Cash on Delivery (COD),#TH19229.1,0.0,TRENDHUB PAKISTAN,0.0,,,,6750648107228.0,Ship NOC,Low,web,0.0,GST 16%,0.0,,,,,,,,,XXXXXXXXXX,,,,,riPK3e0mu3JvvsbntEFSx1vbZ + #TH19229.1,,,riPK3e0mu3JvvsbntEFSx1vbZ + #TH19229.1
#TH10273,customer_273@example.com,paid,2026-01-25 01:09:18 +0500,fulfilled,2026-01-11 23:47:17 +0500,no,PKR,1199.0,0.0,0.0,1199.0,,0.0,Delivery Charges,2026-01-11 15:24:53+00:00,1,Sink Sponge Holder - Faucet Rack,1199.0,2399.0,TH61,True,False,fulfilled,Customer 273,XXXXXXXXXX,XXXXXXXXXX,Near Unique Shadi Hall,,Peshawar City.,'25000,,PK,XXXXXXXXXX,Customer 273,XXXXXXXXXX,XXXXXXXXXX,Near Unique Shadi Hall,,Peshawar City.,'25000,,PK,XXXXXXXXXX,Can,,,Cash on Delivery (COD),#TH20338.1,0.0,TRENDHUB PAKISTAN,0.0,,,,6792898642140.0,Ship NOC,Low,web,0.0,GST 16%,0.0,,,,,,,,,XXXXXXXXXX,,,,,rk2EU7bRqTK5qEY97xlC4g2vo + #TH20338.1,,,rk2EU7bRqTK5qEY97xlC4g2vo + #TH20338.1
#TH10274,customer_274@example.com,paid,2026-03-12 15:17:57 +0500,fulfilled,2026-03-07 01:09:10 +0500,yes,PKR,699.0,250.0,0.0,949.0,,0.0,Shipping Charges,2026-03-05 16:52:59+00:00,1,Kitchen Sink Splash Guard – Extra Wide Water Protection - Pack of 1,699.0,1399.0,TH232,True,False,fulfilled,Customer 274,XXXXXXXXXX,XXXXXXXXXX,Arif karyana street near tehkana wali masjid,,Rawalpindi,,,PK,XXXXXXXXXX,Customer 274,XXXXXXXXXX,XXXXXXXXXX,Arif karyana street near tehkana wali masjid,,Rawalpindi,,,PK,XXXXXXXXXX,confirm,,,Cash on Delivery (COD),#TH23300.1,0.0,TRENDHUB PAKISTAN,0.0,,,,6901672476892.0,Ship NOC,Low,web,0.0,GST 16%,0.0,,,,,,,,,XXXXXXXXXX,,,,,rEIhkOLmUrPhc1fjBI7jj69x8 + #TH23300.1,,,rEIhkOLmUrPhc1fjBI7jj69x8 + #TH23300.1
#TH10275,customer_275@example.com,paid,2025-12-14 03:13:44 +0500,fulfilled,2025-12-08 00:32:27 +0500,yes,PKR,5099.0,0.0,0.0,5099.0,,0.0,Free Delivery,2025-12-06 16:49:35+00:00,1,Heavy-Duty Multi-Layer Shoe Cabinet Organizer - 7 - Layer,5099.0,10199.0,TH168,True,False,fulfilled,Customer 275,XXXXXXXXXX,XXXXXXXXXX,,,Karachi,,,PK,XXXXXXXXXX,Customer 275,XXXXXXXXXX,XXXXXXXXXX,,,Karachi,,,PK,XXXXXXXXXX,Confirm,,,Cash on Delivery (COD),#TH18745.1,0.0,TRENDHUB PAKISTAN,0.0,,,,6725750161628.0,Ship NOC,Low,web,0.0,GST 16%,0.0,,,,,,,,,XXXXXXXXXX,,,,,rnzwOhnScQsUIWyZhhJuJiXkJ + #TH18745.1,,,rnzwOhnScQsUIWyZhhJuJiXkJ + #TH18745.1
#TH10276,customer_276@example.com,paid,2026-04-04 02:35:43 +0500,fulfilled,2026-03-24 01:17:22 +0500,yes,PKR,1199.0,0.0,0.0,1199.0,,0.0,Delivery Charges,2026-03-22 13:48:23+00:00,1,Sink Sponge Holder - Faucet Rack,1199.0,2399.0,TH61,True,False,fulfilled,Customer 276,XXXXXXXXXX,XXXXXXXXXX,,,Lahore Cantt,,,PK,XXXXXXXXXX,Customer 276,XXXXXXXXXX,XXXXXXXXXX,,,Lahore Cantt,,,PK,XXXXXXXXXX,Confirm,,,Cash on Delivery (COD),#TH24412.1,0.0,TRENDHUB PAKISTAN,0.0,,,,6930530140380.0,Ship NOC,Low,web,0.0,GST 16%,0.0,,,,,,,,,XXXXXXXXXX,,,,,rLw5DUYaWHDOuaNqCjM5UMINh + #TH24412.1,,,rLw5DUYaWHDOuaNqCjM5UMINh + #TH24412.1
#TH10277,customer_277@example.com,paid,2025-11-02 13:36:05 +0500,fulfilled,2025-10-24 04:49:31 +0500,yes,PKR,1999.0,0.0,0.0,1999.0,,0.0,Delivery Charges,2025-10-22 19:48:05+00:00,1,Portable Resistance Band Sit-Up Trainer – Full Body Workout,1999.0,3999.0,TH162,True,False,fulfilled,Customer 277,XXXXXXXXXX,XXXXXXXXXX,,,Lahore,'54000,,PK,XXXXXXXXXX,Customer 277,XXXXXXXXXX,XXXXXXXXXX,,,Lahore,'54000,,PK,XXXXXXXXXX,Confirm,,,Cash on Delivery (COD),#TH17318.1,0.0,TRENDHUB PAKISTAN,0.0,,,,6606452818140.0,Ship NOC,Low,web,0.0,GST 16%,0.0,,,,,,,,,XXXXXXXXXX,,,,,rfJTdfaFThiYT3pFHMhHXAheR + #TH17318.1,,,rfJTdfaFThiYT3pFHMhHXAheR + #TH17318.1
#TH10278,customer_278@example.com,paid,2026-05-23 18:06:11 +0500,fulfilled,2026-05-20 00:58:48 +0500,yes,PKR,5099.0,0.0,0.0,5099.0,,0.0,Delivery Charges,2026-05-19 19:26:30+00:00,1,Heavy-Duty Multi-Layer Shoe Cabinet Organizer - 7 - Layer,5099.0,10199.0,TH168,True,False,fulfilled,Customer 278,XXXXXXXXXX,XXXXXXXXXX,,,Karachi,,,PK,XXXXXXXXXX,Customer 278,XXXXXXXXXX,XXXXXXXXXX,,,Karachi,,,PK,XXXXXXXXXX,Can,,,Cash on Delivery (COD),#TH27439.1,0.0,TRENDHUB PAKISTAN,0.0,,,,7059827065052.0,Ship NOC,Low,web,0.0,GST 16%,0.0,,,,,,,,,XXXXXXXXXX,,,,,r8BMXZMalEo2E8m7tE1CBRrlK + #TH27439.1,,,r8BMXZMalEo2E8m7tE1CBRrlK + #TH27439.1
#TH10279,customer_279@example.com,paid,2025-10-26 15:20:36 +0500,fulfilled,2025-10-13 02:40:18 +0500,yes,PKR,1199.0,0.0,0.0,1199.0,,0.0,Delivery Charges,2025-10-12 06:43:49+00:00,1,Sink Sponge Holder - Faucet Rack,1199.0,2399.0,TH61,True,False,fulfilled,Customer 279,XXXXXXXXXX,XXXXXXXXXX,,,Lahore,'54000,,PK,XXXXXXXXXX,Customer 279,XXXXXXXXXX,XXXXXXXXXX,,,Lahore,'54000,,PK,XXXXXXXXXX,Confirm,,,Cash on Delivery (COD),#TH16998.1,0.0,TRENDHUB PAKISTAN,0.0,,,,6579776323804.0,Ship NOC,Low,web,0.0,GST 16%,0.0,,,,,,,,,XXXXXXXXXX,,,,,rfLFyizzNeY5ruCy88dcEyTmy + #TH16998.1,,,rfLFyizzNeY5ruCy88dcEyTmy + #TH16998.1
#TH10280,customer_280@example.com,paid,2026-03-20 14:59:46 +0500,fulfilled,2026-03-06 01:26:09 +0500,no,PKR,1999.0,0.0,0.0,1999.0,,0.0,Delivery Charges,2026-03-05 18:44:05+00:00,1,Portable Resistance Band Sit-Up Trainer – Full Body Workout,1999.0,3999.0,TH162,True,False,fulfilled,Customer 280,XXXXXXXXXX,XXXXXXXXXX,,,Gujranwala,,,PK,XXXXXXXXXX,Customer 280,XXXXXXXXXX,XXXXXXXXXX,,,Gujranwala,,,PK,XXXXXXXXXX,Can,,,Cash on Delivery (COD),#TH23302.1,0.0,TRENDHUB PAKISTAN,0.0,,,,6901832122588.0,Ship NOC,Low,web,0.0,GST 16%,0.0,,,,,,,,,XXXXXXXXXX,,,,,rZkxitSp29OllLdPwJ27uM7Wd + #TH23302.1,,,rZkxitSp29OllLdPwJ27uM7Wd + #TH23302.1
#TH10281,customer_281@example.com,paid,2026-05-01 20:21:41 +0500,fulfilled,2026-04-23 01:16:42 +0500,no,PKR,4999.0,0.0,0.0,4999.0,,0.0,Delivery Charges,2026-04-22 15:15:55+00:00,1,Heavy-Duty Multi-Layer Shoe Cabinet Organizer - 6 - Layer,4999.0,9999.0,TH167,True,False,fulfilled,Customer 281,XXXXXXXXXX,XXXXXXXXXX,,,Rawalpindi,'1,,PK,XXXXXXXXXX,Customer 281,XXXXXXXXXX,XXXXXXXXXX,,,Rawalpindi,'1,,PK,XXXXXXXXXX,Can,,,Cash on Delivery (COD),#TH26115.1,0.0,TRENDHUB PAKISTAN,0.0,,,,7003439005916.0,Ship NOC,Low,web,0.0,GST 16%,0.0,,,,,,,,,XXXXXXXXXX,,,,,rPUL1Nfi3ctgnRiB2RnnyvH89 + #TH26115.1,,,rPUL1Nfi3ctgnRiB2RnnyvH89 + #TH26115.1
#TH10282,customer_282@example.com,paid,2026-03-08 05:19:35 +0500,fulfilled,2026-03-03 01:41:51 +0500,yes,PKR,1999.0,0.0,0.0,1999.0,,0.0,Delivery Charges,2026-03-02 17:24:40+00:00,1,Portable Resistance Band Sit-Up Trainer – Full Body Workout,1999.0,3999.0,TH162,True,False,fulfilled,Customer 282,XXXXXXXXXX,XXXXXXXXXX,,,Faisalabad,'3800,,PK,XXXXXXXXXX,Customer 282,XXXXXXXXXX,XXXXXXXXXX,,,Faisalabad,'3800,,PK,XXXXXXXXXX,Can,,,Cash on Delivery (COD),#TH23134.1,0.0,TRENDHUB PAKISTAN,0.0,,,,6894488813788.0,Ship NOC,Low,web,0.0,GST 16%,0.0,,,,,,,,,XXXXXXXXXX,,,,,rWW4ikuf2QWW6rnDFUhDmPYgi + #TH23134.1,,,rWW4ikuf2QWW6rnDFUhDmPYgi + #TH23134.1
#TH10283,customer_283@example.com,paid,2026-03-06 02:12:14 +0500,fulfilled,2026-02-24 00:41:04 +0500,yes,PKR,2199.0,0.0,0.0,2199.0,,0.0,Delivery Charges,2026-02-23 19:27:21+00:00,1,Safe Mandoline Slicer - Multi Vegetable Chopper - Multi Vegetable Chopper,2199.0,4799.0,TH72,True,False,fulfilled,Customer 283,XXXXXXXXXX,XXXXXXXXXX,,,Sheikhupura,,,PK,XXXXXXXXXX,Customer 283,XXXXXXXXXX,XXXXXXXXXX,,,Sheikhupura,,,PK,XXXXXXXXXX,Ct,,,Cash on Delivery (COD),#TH22683.1,0.0,TRENDHUB PAKISTAN,0.0,,,,6881355890908.0,Ship NOC,Low,web,0.0,GST 16%,0.0,,,,,,,,,XXXXXXXXXX,,,,,rlSvZsvC2puGiluE2Y8Q0MXnx + #TH22683.1,,,rlSvZsvC2puGiluE2Y8Q0MXnx + #TH22683.1
#TH10284,customer_284@example.com,paid,2025-07-27 15:24:30 +0500,fulfilled,2025-07-19 00:06:25 +0500,yes,PKR,1199.0,0.0,0.0,1199.0,,0.0,Delivery Charges,2025-07-18 12:27:33+00:00,1,Sink Sponge Holder - Faucet Rack,1199.0,2399.0,TH61,True,False,fulfilled,Customer 284,XXXXXXXXXX,XXXXXXXXXX,,,Gujrat,,,PK,XXXXXXXXXX,Customer 284,XXXXXXXXXX,XXXXXXXXXX,,,Gujrat,,,PK,XXXXXXXXXX,Confirm,,,Cash on Delivery (COD),#TH13411.2,0.0,TRENDHUB PAKISTAN,0.0,,,,6446498971868.0,Ship NOC,Low,web,0.0,GST 16%,0.0,,,,,,,,,XXXXXXXXXX,,,,,reJbzNKtVNkLSuYXHXxIf4DP7 + #TH13411.2,,,reJbzNKtVNkLSuYXHXxIf4DP7 + #TH13411.2
#TH10285,customer_285@example.com,paid,2026-01-31 22:08:39 +0500,fulfilled,2026-01-26 00:02:39 +0500,yes,PKR,4599.0,0.0,0.0,4599.0,,0.0,Delivery Charges,2026-01-25 17:18:36+00:00,1,Metal Shoe Rack with Coat Hooks – Dustproof Entryway Shoe Cabinet & Organizer - 5 - Layer,4599.0,7999.0,TH189,True,False,fulfilled,Customer 285,XXXXXXXXXX,XXXXXXXXXX,,,Islamabad,'03043222944,,PK,XXXXXXXXXX,Customer 285,XXXXXXXXXX,XXXXXXXXXX,,,Islamabad,'03043222944,,PK,XXXXXXXXXX,C,,,Cash on Delivery (COD),#TH21045.1,0.0,TRENDHUB PAKISTAN,0.0,,,,6819291726044.0,Ship NOC,Low,web,0.0,GST 16%,0.0,,,,,,,,,XXXXXXXXXX,,,,,rD54T1bB58p5X3x726FhmBcyI + #TH21045.1,,,rD54T1bB58p5X3x726FhmBcyI + #TH21045.1
#TH10286,customer_286@example.com,paid,2026-03-12 15:17:59 +0500,fulfilled,2026-03-07 01:07:13 +0500,yes,PKR,1999.0,0.0,0.0,1999.0,,0.0,Delivery Charges,2026-03-06 10:39:52+00:00,1,Portable Resistance Band Sit-Up Trainer – Full Body Workout,1999.0,3999.0,TH162,True,False,fulfilled,Customer 286,XXXXXXXXXX,XXXXXXXXXX,,,Lahore,'54700,,PK,XXXXXXXXXX,Customer 286,XXXXXXXXXX,XXXXXXXXXX,,,Lahore,'54700,,PK,XXXXXXXXXX,c,,,Cash on Delivery (COD),#TH23337.1,0.0,TRENDHUB PAKISTAN,0.0,,,,6903046537436.0,Ship NOC,Low,web,0.0,GST 16%,0.0,,,,,,,,,XXXXXXXXXX,,,,,rYHpAd5hMFRU64XYkApDuHYMF + #TH23337.1,,,rYHpAd5hMFRU64XYkApDuHYMF + #TH23337.1
#TH10287,customer_287@example.com,paid,2026-04-04 02:38:56 +0500,fulfilled,2026-03-28 01:32:14 +0500,yes,PKR,699.0,250.0,0.0,949.0,,0.0,Shipping Charges,2026-03-27 03:09:26+00:00,1,Kitchen Sink Splash Guard – Extra Wide Water Protection - Pack of 1,699.0,1399.0,TH232,True,False,fulfilled,Customer 287,XXXXXXXXXX,XXXXXXXXXX,,,Rawalpindi,,,PK,XXXXXXXXXX,Customer 287,XXXXXXXXXX,XXXXXXXXXX,,,Rawalpindi,,,PK,XXXXXXXXXX,Ct,,,Cash on Delivery (COD),#TH24689.1,0.0,TRENDHUB PAKISTAN,0.0,,,,6944065355996.0,Ship NOC,Low,web,0.0,GST 16%,0.0,,,,,,,,,XXXXXXXXXX,,,,,rvyuSaH3W08dvhEbdjthzk3Z6 + #TH24689.1,,,rvyuSaH3W08dvhEbdjthzk3Z6 + #TH24689.1
#TH10288,customer_288@example.com,paid,2025-10-11 02:34:56 +0500,fulfilled,2025-09-29 00:40:59 +0500,yes,PKR,2799.0,0.0,0.0,2799.0,,0.0,Delivery Charges,2025-09-28 09:08:30+00:00,1,360° Rotating Makeup Brush Holder with Lid – Dustproof Vanity Organizer for Brushes & Cosmetics,2799.0,4999.0,TH192,True,False,fulfilled,Customer 288,XXXXXXXXXX,XXXXXXXXXX,,,Sialkot,,,PK,XXXXXXXXXX,Customer 288,XXXXXXXXXX,XXXXXXXXXX,,,Sialkot,,,PK,XXXXXXXXXX,Confirm,,,Cash on Delivery (COD),#TH16502.1,0.0,TRENDHUB PAKISTAN,0.0,,,,6553611600092.0,Ship NOC,Low,web,0.0,GST 16%,0.0,,,,,,,,,XXXXXXXXXX,,,,,r7AePS7XtqwU65uSufHTwPx0p + #TH16502.1,,,r7AePS7XtqwU65uSufHTwPx0p + #TH16502.1
#TH10289,customer_289@example.com,paid,2026-04-12 16:13:09 +0500,fulfilled,2026-04-02 00:13:32 +0500,no,PKR,1499.0,250.0,0.0,1749.0,,0.0,Shipping Charges,2026-04-01 13:27:10+00:00,1,Kitchen Sink Splash Guard – Extra Wide Water Protection - Pack of 3,1499.0,2999.0,TH234,True,False,fulfilled,Customer 289,XXXXXXXXXX,XXXXXXXXXX,,,Karachi,'74900,,PK,XXXXXXXXXX,Customer 289,XXXXXXXXXX,XXXXXXXXXX,,,Karachi,'74900,,PK,XXXXXXXXXX,Confirm,,,Cash on Delivery (COD),#TH25026.1,0.0,TRENDHUB PAKISTAN,0.0,,,,6957055967452.0,Ship NOC,Low,web,0.0,GST 16%,0.0,,,,,,,,,XXXXXXXXXX,,,,,r9i1pWAsiZsN2cheYSbmHd3TB + #TH25026.1,,,r9i1pWAsiZsN2cheYSbmHd3TB + #TH25026.1
#TH10290,customer_290@example.com,paid,2025-12-14 02:59:01 +0500,fulfilled,2025-12-02 00:27:53 +0500,yes,PKR,2199.0,0.0,0.0,2199.0,,0.0,Delivery Charges,2025-12-01 07:12:24+00:00,1,Safe Mandoline Slicer - Multi Vegetable Chopper - Multi Vegetable Chopper,2199.0,4799.0,TH72,True,False,fulfilled,Customer 290,XXXXXXXXXX,XXXXXXXXXX,,,Peshawar,NOTING,,PK,XXXXXXXXXX,Customer 290,XXXXXXXXXX,XXXXXXXXXX,,,Peshawar,NOTING,,PK,XXXXXXXXXX,Come,,,Cash on Delivery (COD),#TH18594.1,0.0,TRENDHUB PAKISTAN,0.0,,,,6714604060892.0,Ship NOC,Low,web,0.0,GST 16%,0.0,,,,,,,,,XXXXXXXXXX,,,,,rqwXb7n58ty2nFPscnspGBEKT + #TH18594.1,,,rqwXb7n58ty2nFPscnspGBEKT + #TH18594.1
#TH10291,customer_291@example.com,paid,2026-05-23 18:00:43 +0500,fulfilled,2026-05-13 00:10:25 +0500,no,PKR,2299.0,0.0,0.0,2299.0,,0.0,Delivery Charges,2026-05-12 03:57:37+00:00,1,3 in 1 Handheld Vacuum Cleaner,2299.0,4599.0,TH121,True,False,fulfilled,Customer 291,XXXXXXXXXX,XXXXXXXXXX,,,Rawalpindi,'7890,,PK,XXXXXXXXXX,Customer 291,XXXXXXXXXX,XXXXXXXXXX,,,Rawalpindi,'7890,,PK,XXXXXXXXXX,Confirm,,,Cash on Delivery (COD),#TH27053.1,0.0,TRENDHUB PAKISTAN,0.0,,,,7043692789980.0,Ship NOC,Low,web,0.0,GST 16%,0.0,,,,,,,,,XXXXXXXXXX,,,,,riSAx6lfx4jcCdocur57qI9Rp + #TH27053.1,,,riSAx6lfx4jcCdocur57qI9Rp + #TH27053.1
#TH10292,customer_292@example.com,paid,2025-09-07 01:36:29 +0500,fulfilled,2025-08-26 00:25:31 +0500,yes,PKR,4499.0,0.0,0.0,4499.0,,0.0,Delivery Charges,2025-08-25 08:24:20+00:00,1,Heavy-Duty Multi-Layer Shoe Cabinet Organizer - 5 - Layer,4499.0,8999.0,TH166,True,False,fulfilled,Customer 292,XXXXXXXXXX,XXXXXXXXXX,,,Feroza,'64070,,PK,XXXXXXXXXX,Customer 292,XXXXXXXXXX,XXXXXXXXXX,,,Feroza,'64070,,PK,XXXXXXXXXX,Confirm,,,Cash on Delivery (COD),#TH15150.2,0.0,TRENDHUB PAKISTAN,0.0,,,,6503673626844.0,Ship NOC,Low,web,0.0,GST 16%,0.0,,,,,,,,,XXXXXXXXXX,,,,,r8aW6SzJ3UMIpHUoZcCzFUo7r + #TH15150.2,,,r8aW6SzJ3UMIpHUoZcCzFUo7r + #TH15150.2
#TH10293,customer_293@example.com,paid,2026-04-18 19:07:54 +0500,fulfilled,2026-04-10 00:43:26 +0500,no,PKR,1199.0,250.0,0.0,1449.0,,0.0,Shipping Charges,2026-04-09 06:29:48+00:00,1,Kitchen Sink Splash Guard – Extra Wide Water Protection - Pack of 2,1199.0,2399.0,TH233,True,False,fulfilled,Customer 293,XXXXXXXXXX,XXXXXXXXXX,,,Pakistan,,,PK,XXXXXXXXXX,Customer 293,XXXXXXXXXX,XXXXXXXXXX,,,Pakistan,,,PK,XXXXXXXXXX,Cou,,,Cash on Delivery (COD),#TH25431.1,0.0,TRENDHUB PAKISTAN,0.0,,,,6976498073820.0,Ship NOC,Low,web,0.0,GST 16%,0.0,,,,,,,,,XXXXXXXXXX,,,,,rk54LyqQjYAXBDHftT1JXOVOM + #TH25431.1,,,rk54LyqQjYAXBDHftT1JXOVOM + #TH25431.1
#TH10294,customer_294@example.com,paid,2026-01-04 00:40:13 +0500,fulfilled,2025-12-23 01:58:23 +0500,yes,PKR,2299.0,0.0,0.0,2299.0,,0.0,Delivery Charges,2025-12-22 09:04:22+00:00,1,3 in 1 Handheld Vacuum Cleaner,2299.0,4599.0,TH121,True,False,fulfilled,Customer 294,XXXXXXXXXX,XXXXXXXXXX,,,Karachi,'75950,,PK,XXXXXXXXXX,Customer 294,XXXXXXXXXX,XXXXXXXXXX,,,Karachi,'75950,,PK,XXXXXXXXXX,Confirm,,,Cash on Delivery (COD),#TH19374.1,0.0,TRENDHUB PAKISTAN,0.0,,,,6757596233948.0,Ship NOC,Low,web,0.0,GST 16%,0.0,,,,,,,,,XXXXXXXXXX,,,,,r9Ie8SUsgZJDxKIHBRDARIkwA + #TH19374.1,,,r9Ie8SUsgZJDxKIHBRDARIkwA + #TH19374.1
#TH10295,customer_295@example.com,paid,2026-03-28 19:42:48 +0500,fulfilled,2026-03-13 02:57:54 +0500,yes,PKR,699.0,250.0,0.0,949.0,,0.0,Shipping Charges,2026-03-12 09:59:52+00:00,1,Kitchen Sink Splash Guard – Extra Wide Water Protection - Pack of 1,699.0,1399.0,TH232,True,False,fulfilled,Customer 295,XXXXXXXXXX,XXXXXXXXXX,,,Lalamusa,,,PK,XXXXXXXXXX,Customer 295,XXXXXXXXXX,XXXXXXXXXX,,,Lalamusa,,,PK,XXXXXXXXXX,Ct,,,Cash on Delivery (COD),#TH23702.1,0.0,TRENDHUB PAKISTAN,0.0,,,,6913354596572.0,Ship NOC,Low,web,0.0,GST 16%,0.0,,,,,,,,,XXXXXXXXXX,,,,,rP5fjPVlvPhpylCs2MXzRncVe + #TH23702.1,,,rP5fjPVlvPhpylCs2MXzRncVe + #TH23702.1
#TH10296,customer_296@example.com,paid,2025-09-07 01:38:20 +0500,fulfilled,2025-08-23 03:08:37 +0500,no,PKR,1199.0,0.0,0.0,1199.0,,0.0,Delivery Charges,2025-08-22 04:28:46+00:00,1,Sink Sponge Holder - Faucet Rack,1199.0,2399.0,TH61,True,False,fulfilled,Customer 296,XXXXXXXXXX,XXXXXXXXXX,,,Khaur,,,PK,XXXXXXXXXX,Customer 296,XXXXXXXXXX,XXXXXXXXXX,,,Khaur,,,PK,XXXXXXXXXX,Confirm,,,Cash on Delivery (COD),#TH15009.2,0.0,TRENDHUB PAKISTAN,0.0,,,,6499513532636.0,Ship NOC,Low,web,0.0,GST 16%,0.0,,,,,,,,,XXXXXXXXXX,,,,,rwhngIb9XaIwS266FkwcTgOFp + #TH15009.2,,,rwhngIb9XaIwS266FkwcTgOFp + #TH15009.2
#TH10297,customer_297@example.com,paid,2026-03-28 19:42:47 +0500,fulfilled,2026-03-12 01:16:46 +0500,yes,PKR,999.0,0.0,0.0,999.0,,0.0,Delivery Charges,2026-03-11 16:51:53+00:00,1,"Dazzling Whiting Oral Pen, Instant Whitening Teeth Pen",999.0,1999.0,TH41,True,False,fulfilled,Customer 297,XXXXXXXXXX,XXXXXXXXXX,,,NAROWAL,,,PK,XXXXXXXXXX,Customer 297,XXXXXXXXXX,XXXXXXXXXX,,,NAROWAL,,,PK,XXXXXXXXXX,Ct,,,Cash on Delivery (COD),#TH23648.1,0.0,TRENDHUB PAKISTAN,0.0,,,,6912219316444.0,Ship NOC,Low,web,0.0,GST 16%,0.0,,,,,,,,,XXXXXXXXXX,,,,,rG14GHGjkbjaV9LzvhCYNhNf6 + #TH23648.1,,,rG14GHGjkbjaV9LzvhCYNhNf6 + #TH23648.1
#TH10298,customer_298@example.com,paid,2026-06-07 03:50:41 +0500,fulfilled,2026-06-01 01:15:46 +0500,yes,PKR,999.0,250.0,0.0,1249.0,,0.0,Shipping Charges,2026-05-31 09:54:24+00:00,1,Kinoki Detox Foot Pads – Natural Foot Pain Relief Patches (10 Pack) - Pack of 10,999.0,1999.0,TH230,True,False,fulfilled,Customer 298,XXXXXXXXXX,XXXXXXXXXX,m,,Faisalabad,'5555,,PK,XXXXXXXXXX,Customer 298,XXXXXXXXXX,XXXXXXXXXX,m,,Faisalabad,'5555,,PK,XXXXXXXXXX,Ct,,,Cash on Delivery (COD),#TH28319.1,0.0,TRENDHUB PAKISTAN,0.0,,,,7092880638172.0,Ship NOC,Low,web,0.0,GST 16%,0.0,,,,,,,,,XXXXXXXXXX,,,,,r7kiFkBR6EJlPVXwboJbxwe16 + #TH28319.1,,,r7kiFkBR6EJlPVXwboJbxwe16 + #TH28319.1
#TH10299,customer_299@example.com,paid,2026-03-01 02:33:06 +0500,fulfilled,2026-02-19 01:57:09 +0500,yes,PKR,1999.0,0.0,0.0,1999.0,,0.0,Delivery Charges,2026-02-18 08:31:31+00:00,1,Portable Resistance Band Sit-Up Trainer – Full Body Workout,1999.0,3999.0,TH162,True,False,fulfilled,Customer 299,XXXXXXXXXX,XXXXXXXXXX,Islamabad violet lane,,Islamabaf,'10250,,PK,XXXXXXXXXX,Customer 299,XXXXXXXXXX,XXXXXXXXXX,Islamabad violet lane,,Islamabaf,'10250,,PK,XXXXXXXXXX,Order has been shipped via Tranzo with Tracking T0080371231346090. Can,"tranzo_courier_name: Tranzo
tranzo_courier_tracking: T0080371231346090
tranzo_courier_url: https://tranzo.pk/track-order?tn=T0080371231346090",,Cash on Delivery (COD),#TH22381.1,0.0,TRENDHUB PAKISTAN,0.0,,,,6872959680732.0,Tranzo,Low,web,0.0,GST 16%,0.0,,,,,,,,,XXXXXXXXXX,,,,,rcvo1KH6CdfLmi3zDVlY3OwC0 + #TH22381.1,,,rcvo1KH6CdfLmi3zDVlY3OwC0 + #TH22381.1
#TH10300,customer_300@example.com,paid,2026-02-05 01:41:58 +0500,fulfilled,2026-01-29 01:13:57 +0500,yes,PKR,2199.0,0.0,0.0,2199.0,,0.0,Delivery Charges,2026-01-28 04:03:06+00:00,1,Safe Mandoline Slicer - Multi Vegetable Chopper - Multi Vegetable Chopper,2199.0,4799.0,TH72,True,False,fulfilled,Customer 300,XXXXXXXXXX,XXXXXXXXXX,Near - Jinnah Dental Hospital,,Muzaffarabad Azad Kashmir,'12345,,PK,XXXXXXXXXX,Customer 300,XXXXXXXXXX,XXXXXXXXXX,,,Muzaffarabad Azad Kashmir,'12345,,PK,XXXXXXXXXX,Can,,,Cash on Delivery (COD),#TH21176.1,0.0,TRENDHUB PAKISTAN,0.0,,,,6823586595036.0,Ship NOC,Low,web,0.0,GST 16%,0.0,,,,,,,,,XXXXXXXXXX,,,,,rbWene7QhBEYpoWOvlgQXOZVD + #TH21176.1,,,rbWene7QhBEYpoWOvlgQXOZVD + #TH21176.1
#TH10301,customer_301@example.com,paid,2026-04-25 02:43:11 +0500,fulfilled,2026-04-11 01:13:18 +0500,no,PKR,699.0,250.0,0.0,949.0,,0.0,Shipping Charges,2026-04-10 11:34:30+00:00,1,Kitchen Sink Splash Guard – Extra Wide Water Protection - Pack of 1,699.0,1399.0,TH232,True,False,fulfilled,Customer 301,XXXXXXXXXX,XXXXXXXXXX,,,Gujrat,,,PK,XXXXXXXXXX,Customer 301,XXXXXXXXXX,XXXXXXXXXX,,,Gujrat,,,PK,XXXXXXXXXX,Come,,,Cash on Delivery (COD),#TH25496.1,0.0,TRENDHUB PAKISTAN,0.0,,,,6979012526300.0,Ship NOC,Low,web,0.0,GST 16%,0.0,,,,,,,,,XXXXXXXXXX,,,,,ryHtDvyXIxdL8cw3ahq6u58UP + #TH25496.1,,,ryHtDvyXIxdL8cw3ahq6u58UP + #TH25496.1
#TH10302,customer_302@example.com,paid,2026-02-20 01:20:16 +0500,fulfilled,2026-02-10 23:25:19 +0500,yes,PKR,2299.0,0.0,0.0,2299.0,,0.0,Delivery Charges,2026-02-10 15:58:03+00:00,1,3 in 1 Handheld Vacuum Cleaner,2299.0,4599.0,TH121,True,False,fulfilled,Customer 302,XXXXXXXXXX,XXXXXXXXXX,34-house,,Islamabad,'44000,,PK,XXXXXXXXXX,Customer 302,XXXXXXXXXX,XXXXXXXXXX,34-house,,Islamabad,'44000,,PK,XXXXXXXXXX,Order has been shipped via Tranzo with Tracking T0080394891396721. Ct,"tranzo_courier_name: Tranzo
tranzo_courier_tracking: T0080394891396721
tranzo_courier_url: https://tranzo.pk/track-order?tn=T0080394891396721",,Cash on Delivery (COD),#TH21961.1,0.0,TRENDHUB PAKISTAN,0.0,,,,6844943565020.0,Tranzo,Low,web,0.0,GST 16%,0.0,,,,,,,,,XXXXXXXXXX,,,,,rkHlpStDiv1bsqg47xxNaHFhk + #TH21961.1,,,rkHlpStDiv1bsqg47xxNaHFhk + #TH21961.1
#TH10303,customer_303@example.com,paid,2026-04-25 02:49:45 +0500,fulfilled,2026-04-15 00:22:03 +0500,yes,PKR,2299.0,0.0,0.0,2299.0,,0.0,Delivery Charges,2026-04-14 09:38:35+00:00,1,3 in 1 Handheld Vacuum Cleaner,2299.0,4599.0,TH121,True,False,fulfilled,Customer 303,XXXXXXXXXX,XXXXXXXXXX,,,Rawalpindi,ASHTONUNDERLYNETAMESIDE,,PK,XXXXXXXXXX,Customer 303,XXXXXXXXXX,XXXXXXXXXX,,,Rawalpindi,ASHTONUNDERLYNETAMESIDE,,PK,XXXXXXXXXX,Confirm,,,Cash on Delivery (COD),#TH25722.1,0.0,TRENDHUB PAKISTAN,0.0,,,,6986583933148.0,Ship NOC,Low,web,0.0,GST 16%,0.0,,,,,,,,,XXXXXXXXXX,,,,,raOEyleR2PuJI5HwpZ0V6sb5j + #TH25722.1,,,raOEyleR2PuJI5HwpZ0V6sb5j + #TH25722.1
#TH10304,customer_304@example.com,paid,2026-02-05 01:41:50 +0500,fulfilled,2026-01-26 00:03:40 +0500,yes,PKR,1199.0,0.0,0.0,1199.0,,0.0,Delivery Charges,2026-01-25 12:57:44+00:00,1,Sink Sponge Holder - Faucet Rack,1199.0,2399.0,TH61,True,False,fulfilled,Customer 304,XXXXXXXXXX,XXXXXXXXXX,Ferozepur Road,,Lahore,'54891,,PK,XXXXXXXXXX,Customer 304,XXXXXXXXXX,XXXXXXXXXX,Ferozepur Road,,Lahore,'54891,,PK,XXXXXXXXXX,C,,,Cash on Delivery (COD),#TH21035.1,0.0,TRENDHUB PAKISTAN,0.0,,,,6818971386076.0,Ship NOC,Low,web,0.0,GST 16%,0.0,,,,,,,,,XXXXXXXXXX,,,,,ryrSYCK5YTXXlXd2g8xRdlPrT + #TH21035.1,,,ryrSYCK5YTXXlXd2g8xRdlPrT + #TH21035.1
#TH10305,customer_305@example.com,paid,2026-03-06 02:12:26 +0500,fulfilled,2026-02-28 03:21:08 +0500,no,PKR,2199.0,0.0,0.0,2199.0,,0.0,Delivery Charges,2026-02-27 16:11:24+00:00,1,Safe Mandoline Slicer - Multi Vegetable Chopper - Multi Vegetable Chopper,2199.0,4799.0,TH72,True,False,fulfilled,Customer 305,XXXXXXXXXX,XXXXXXXXXX,,,Lahore,,,PK,XXXXXXXXXX,Customer 305,XXXXXXXXXX,XXXXXXXXXX,,,Lahore,,,PK,XXXXXXXXXX,Can,,,Cash on Delivery (COD),#TH22908.1,0.0,TRENDHUB PAKISTAN,0.0,,,,6887245349084.0,Ship NOC,Low,web,0.0,GST 16%,0.0,,,,,,,,,XXXXXXXXXX,,,,,r1S0GeVA1iokOx8cjryCvTkSf + #TH22908.1,,,r1S0GeVA1iokOx8cjryCvTkSf + #TH22908.1
#TH10306,customer_306@example.com,paid,2025-09-18 00:49:44 +0500,fulfilled,2025-09-10 00:41:13 +0500,yes,PKR,1199.0,0.0,0.0,1199.0,,0.0,Delivery Charges,2025-09-09 13:32:43+00:00,1,Sink Sponge Holder - Faucet Rack,1199.0,2399.0,TH61,True,False,fulfilled,Customer 306,XXXXXXXXXX,XXXXXXXXXX,,,Karachi,,,PK,XXXXXXXXXX,Customer 306,XXXXXXXXXX,XXXXXXXXXX,,,Karachi,,,PK,XXXXXXXXXX,Confirm,,,Cash on Delivery (COD),#TH15808.2,0.0,TRENDHUB PAKISTAN,0.0,,,,6528008388828.0,JD Delivery,Low,web,0.0,GST 16%,0.0,,,,,,,,,XXXXXXXXXX,,,,,rNfYmT1LJJEDbY0XaDhRj5Syh + #TH15808.2,,,rNfYmT1LJJEDbY0XaDhRj5Syh + #TH15808.2
#TH10307,customer_307@example.com,paid,2026-05-01 20:21:54 +0500,fulfilled,2026-04-25 00:19:31 +0500,yes,PKR,2299.0,0.0,0.0,2299.0,,0.0,Delivery Charges,2026-04-24 09:37:53+00:00,1,3 in 1 Handheld Vacuum Cleaner,2299.0,4599.0,TH121,True,False,fulfilled,Customer 307,XXXXXXXXXX,XXXXXXXXXX,,,Khuzdar,'89100,,PK,XXXXXXXXXX,Customer 307,XXXXXXXXXX,XXXXXXXXXX,,,Khuzdar,'89100,,PK,XXXXXXXXXX,Ct,,,Cash on Delivery (COD),#TH26198.1,0.0,TRENDHUB PAKISTAN,0.0,,,,7007010488540.0,Ship NOC,Low,web,0.0,GST 16%,0.0,,,,,,,,,XXXXXXXXXX,,,,,rpDLRfO9v50CscrBZ98hG14BG + #TH26198.1,,,rpDLRfO9v50CscrBZ98hG14BG + #TH26198.1
#TH10308,customer_308@example.com,paid,2025-06-22 03:01:06 +0500,fulfilled,2025-06-02 20:52:50 +0500,yes,PKR,2299.0,0.0,0.0,2299.0,,0.0,Delivery Charges,2025-06-02 10:00:51+00:00,1,3 in 1 Handheld Vacuum Cleaner,2299.0,4599.0,TH121,True,False,fulfilled,Customer 308,XXXXXXXXXX,XXXXXXXXXX,127-house,,Rawalpindi,,,PK,XXXXXXXXXX,Customer 308,XXXXXXXXXX,XXXXXXXXXX,127-house,,Rawalpindi,,,PK,XXXXXXXXXX,Order has been shipped via PostEx with Tracking 25150530008726. Confirm,"hxs_courier_name: PostEx
hxs_courier_tracking: 25150530008726
hxs_courier_url: https://postex.pk/tracking?cn=25150530008726
hxs_courier_label: https://merchant.postex.pk/get-invoice?trackingNumbers=25150530008726",,Cash on Delivery (COD),#TH11493.2,0.0,TRENDHUB PAKISTAN,0.0,,,,6379426414812.0,PostEx,Low,web,0.0,GST 16%,0.0,,,,,,,,,XXXXXXXXXX,,,,,rDPQOnjxZRUK8XEPoF2cSKO3X + #TH11493.2,,,rDPQOnjxZRUK8XEPoF2cSKO3X + #TH11493.2
#TH10309,customer_309@example.com,paid,2026-02-08 01:47:41 +0500,fulfilled,2026-02-02 01:11:37 +0500,no,PKR,7499.0,0.0,0.0,7499.0,,0.0,Delivery Charges,2026-01-30 15:30:49+00:00,1,Electric Food Warming Mat,7499.0,14999.0,TH220,True,False,fulfilled,Customer 309,XXXXXXXXXX,XXXXXXXXXX,,,Karachi,,,PK,XXXXXXXXXX,Customer 309,XXXXXXXXXX,XXXXXXXXXX,,,Karachi,,,PK,XXXXXXXXXX,Cy,,,Cash on Delivery (COD),#TH21305.1,0.0,TRENDHUB PAKISTAN,0.0,,,,6827784569052.0,Ship NOC,Low,web,0.0,GST 16%,0.0,,,,,,,,,XXXXXXXXXX,,,,,rMcWnhDGxu5PmfKmpI3Ppw2AM + #TH21305.1,,,rMcWnhDGxu5PmfKmpI3Ppw2AM + #TH21305.1
#TH10310,customer_310@example.com,paid,2025-08-24 03:38:23 +0500,fulfilled,2025-08-15 00:22:45 +0500,yes,PKR,4999.0,0.0,0.0,4999.0,,0.0,Delivery Charges,2025-08-14 09:22:31+00:00,1,Heavy-Duty Multi-Layer Shoe Cabinet Organizer - 6 - Layer,4999.0,9999.0,TH167,True,False,fulfilled,Customer 310,XXXXXXXXXX,XXXXXXXXXX,,,Chowk Azam,,,PK,XXXXXXXXXX,Customer 310,XXXXXXXXXX,XXXXXXXXXX,,,Chowk Azam,,,PK,XXXXXXXXXX,Confirm,,,Cash on Delivery (COD),#TH14660.2,0.0,TRENDHUB PAKISTAN,0.0,,,,6485959835868.0,Ship NOC,Low,web,0.0,GST 16%,0.0,,,,,,,,,XXXXXXXXXX,,,,,rfTDkqNIievxdneGyOsH6ahRt + #TH14660.2,,,rfTDkqNIievxdneGyOsH6ahRt + #TH14660.2
#TH10311,customer_311@example.com,paid,2026-03-20 14:59:54 +0500,fulfilled,2026-03-10 01:03:45 +0500,yes,PKR,699.0,250.0,0.0,949.0,,0.0,Shipping Charges,2026-03-09 14:30:42+00:00,1,Kitchen Sink Splash Guard – Extra Wide Water Protection - Pack of 1,699.0,1399.0,TH232,True,False,fulfilled,Customer 311,XXXXXXXXXX,XXXXXXXXXX,,,Lahore,,,PK,XXXXXXXXXX,Customer 311,XXXXXXXXXX,XXXXXXXXXX,,,Lahore,,,PK,XXXXXXXXXX,Cy,,,Cash on Delivery (COD),#TH23519.1,0.0,TRENDHUB PAKISTAN,0.0,,,,6908647538908.0,Ship NOC,Low,web,0.0,GST 16%,0.0,,,,,,,,,XXXXXXXXXX,,,,,rTmeWEercbkQCW5IffoORdC5l + #TH23519.1,,,rTmeWEercbkQCW5IffoORdC5l + #TH23519.1
#TH10312,customer_312@example.com,paid,2025-11-02 13:22:45 +0500,fulfilled,2025-10-22 02:15:38 +0500,yes,PKR,2199.0,0.0,0.0,2199.0,,0.0,Delivery Charges,2025-10-21 10:28:15+00:00,1,Safe Mandoline Slicer - Multi Vegetable Chopper - Multi Vegetable Chopper,2199.0,4799.0,TH72,True,False,fulfilled,Customer 312,XXXXXXXXXX,XXXXXXXXXX,,,Lahore,,,PK,XXXXXXXXXX,Customer 312,XXXXXXXXXX,XXXXXXXXXX,,,Lahore,,,PK,XXXXXXXXXX,Confirm,,,Cash on Delivery (COD),#TH17265.1,0.0,TRENDHUB PAKISTAN,0.0,,,,6600034681052.0,Ship NOC,Low,web,0.0,GST 16%,0.0,,,,,,,,,XXXXXXXXXX,,,,,rPy7BYkEqBOxJjcBJOF9sSFXg + #TH17265.1,,,rPy7BYkEqBOxJjcBJOF9sSFXg + #TH17265.1
#TH10313,customer_313@example.com,paid,2026-05-16 14:30:51 +0500,fulfilled,2026-05-05 00:53:47 +0500,no,PKR,1199.0,0.0,0.0,1199.0,,0.0,Delivery Charges,2026-05-04 08:01:48+00:00,1,Sink Sponge Holder - Faucet Rack,1199.0,2399.0,TH61,True,False,fulfilled,Customer 313,XXXXXXXXXX,XXXXXXXXXX,Quetta dobie hotel and restaurant near meezan bank.bank road...,,Rawalakot ... Pooonch..... Azad Kashmir,'12345678,,PK,XXXXXXXXXX,Customer 313,XXXXXXXXXX,XXXXXXXXXX,Quetta dobie hotel and restaurant near meezan bank.bank road...,,Rawalakot ... Pooonch..... Azad Kashmir,'12345678,,PK,XXXXXXXXXX,Ct,,,Cash on Delivery (COD),#TH26646.1,0.0,TRENDHUB PAKISTAN,0.0,,,,7027862896860.0,Ship NOC,Low,web,0.0,GST 16%,0.0,,,,,,,,,XXXXXXXXXX,,,,,rcDcgNXxdfNfdKlXA79hEa9TD + #TH26646.1,,,rcDcgNXxdfNfdKlXA79hEa9TD + #TH26646.1
#TH10314,customer_314@example.com,paid,2026-05-23 18:00:49 +0500,fulfilled,2026-05-14 00:28:43 +0500,no,PKR,1499.0,250.0,0.0,1749.0,,0.0,Shipping Charges,2026-05-13 06:40:44+00:00,1,Kitchen Sink Splash Guard – Extra Wide Water Protection - Pack of 3,1499.0,2999.0,TH234,True,False,fulfilled,Customer 314,XXXXXXXXXX,XXXXXXXXXX,,,Ahmedpur east,'63350,,PK,XXXXXXXXXX,Customer 314,XXXXXXXXXX,XXXXXXXXXX,,,Ahmedpur east,'63350,,PK,XXXXXXXXXX,Ct,,,Cash on Delivery (COD),#TH27111.1,0.0,TRENDHUB PAKISTAN,0.0,,,,7045719195868.0,Ship NOC,Low,web,0.0,GST 16%,0.0,,,,,,,,,XXXXXXXXXX,,,,,rsoP28hIsUGbClfqeyTQ6xMYI + #TH27111.1,,,rsoP28hIsUGbClfqeyTQ6xMYI + #TH27111.1
#TH10315,customer_315@example.com,paid,2025-06-22 03:23:38 +0500,fulfilled,2025-06-09 15:07:43 +0500,yes,PKR,2299.0,0.0,0.0,2299.0,,0.0,Delivery Charges,2025-06-05 05:06:25+00:00,1,3 in 1 Handheld Vacuum Cleaner,2299.0,4599.0,TH121,True,False,fulfilled,Customer 315,XXXXXXXXXX,XXXXXXXXXX,,,Lahore,'54000,,PK,XXXXXXXXXX,Customer 315,XXXXXXXXXX,XXXXXXXXXX,,,Lahore,'54000,,PK,XXXXXXXXXX,Order has been shipped via PostEx with Tracking 20150530008866. ,"hxs_courier_name: PostEx
hxs_courier_tracking: 20150530008866
hxs_courier_url: https://postex.pk/tracking?cn=20150530008866
hxs_courier_label: https://merchant.postex.pk/get-invoice?trackingNumbers=20150530008866",,Cash on Delivery (COD),#TH11611.2,0.0,TRENDHUB PAKISTAN,0.0,,,,6383615049948.0,PostEx,Low,web,0.0,GST 16%,0.0,,,,,,,,,XXXXXXXXXX,,,,,rUraa979krAI8ZAudXGaplU66 + #TH11611.2,,,rUraa979krAI8ZAudXGaplU66 + #TH11611.2
#TH10316,customer_316@example.com,paid,2026-05-16 14:39:28 +0500,fulfilled,2026-05-08 01:28:01 +0500,yes,PKR,7998.0,0.0,0.0,7998.0,,0.0,Delivery Charges,2026-05-07 07:50:29+00:00,2,5-Tier Coat and Shoe Rack with Storage Shelf & 8 Hooks – Freestanding Organizer for Entryway & Bedroom,3999.0,7999.0,TH163,True,False,fulfilled,Customer 316,XXXXXXXXXX,XXXXXXXXXX,Sherazi Traders chakian phularwan,Muzzammil Sherazi,Phularwan,,,PK,XXXXXXXXXX,Customer 316,XXXXXXXXXX,XXXXXXXXXX,Sherazi Traders chakian phularwan,Muzzammil Sherazi,Phularwan,,,PK,XXXXXXXXXX,Ct,,,Cash on Delivery (COD),#TH26804.1,0.0,TRENDHUB PAKISTAN,0.0,,,,7033713262812.0,Ship NOC,Low,web,0.0,GST 16%,0.0,,,,,,,,,XXXXXXXXXX,,,,,rG6tWflo0a0WnhsAMtur06fS8 + #TH26804.1,,,rG6tWflo0a0WnhsAMtur06fS8 + #TH26804.1
#TH10317,customer_317@example.com,paid,2025-06-22 03:01:24 +0500,fulfilled,2025-06-02 01:22:18 +0500,yes,PKR,1999.0,0.0,0.0,1999.0,,0.0,Delivery Charges,2025-06-01 06:05:43+00:00,1,Portable Resistance Band Sit-Up Trainer – Full Body Workout,1999.0,3999.0,TH162,True,False,fulfilled,Customer 317,XXXXXXXXXX,XXXXXXXXXX,Home,Home,Karak,'9999,,PK,XXXXXXXXXX,Customer 317,XXXXXXXXXX,XXXXXXXXXX,Home,Home,Karak,'9999,,PK,XXXXXXXXXX,Order has been shipped via PostEx with Tracking 25150530008695. Confirm,"hxs_courier_name: PostEx
hxs_courier_tracking: 25150530008695
hxs_courier_url: https://postex.pk/tracking?cn=25150530008695
hxs_courier_label: https://merchant.postex.pk/get-invoice?trackingNumbers=25150530008695",,Cash on Delivery (COD),#TH11427.2,0.0,TRENDHUB PAKISTAN,0.0,,,,6377555525852.0,PostEx,Low,web,0.0,GST 16%,0.0,,,,,,,,,XXXXXXXXXX,,,,,r5w8xGZFgSCDCBZgu5d1IAaeN + #TH11427.2,,,r5w8xGZFgSCDCBZgu5d1IAaeN + #TH11427.2
#TH10318,customer_318@example.com,paid,2025-12-07 15:21:01 +0500,fulfilled,2025-11-28 01:31:56 +0500,yes,PKR,2299.0,0.0,0.0,2299.0,,0.0,Delivery Charges,2025-11-27 08:40:18+00:00,1,3 in 1 Handheld Vacuum Cleaner,2299.0,4599.0,TH121,True,False,fulfilled,Customer 318,XXXXXXXXXX,XXXXXXXXXX,,,Jhang,'35200,,PK,XXXXXXXXXX,Customer 318,XXXXXXXXXX,XXXXXXXXXX,,,Jhang,'35200,,PK,XXXXXXXXXX,Confirm,,,Cash on Delivery (COD),#TH18460.1,0.0,TRENDHUB PAKISTAN,0.0,,,,6703368405212.0,Ship NOC,Low,web,0.0,GST 16%,0.0,,,,,,,,,XXXXXXXXXX,,,,,rb4S1RuQ2PcPMnyVGJ9SJgA1G + #TH18460.1,,,rb4S1RuQ2PcPMnyVGJ9SJgA1G + #TH18460.1
#TH10319,customer_319@example.com,paid,2026-03-01 02:27:47 +0500,fulfilled,2026-02-16 00:37:26 +0500,no,PKR,2299.0,0.0,0.0,2299.0,,0.0,Delivery Charges,2026-02-14 07:27:58+00:00,1,3 in 1 Handheld Vacuum Cleaner,2299.0,4599.0,TH121,True,False,fulfilled,Customer 319,XXXXXXXXXX,XXXXXXXXXX,,,Karachi,'74000,,PK,XXXXXXXXXX,Customer 319,XXXXXXXXXX,XXXXXXXXXX,,,Karachi,'74000,,PK,XXXXXXXXXX,Order has been shipped via Tranzo with Tracking T0080397283049746. Confirm,"tranzo_courier_name: Tranzo
tranzo_courier_tracking: T0080397283049746
tranzo_courier_url: https://tranzo.pk/track-order?tn=T0080397283049746",,Cash on Delivery (COD),#TH22160.1,0.0,TRENDHUB PAKISTAN,0.0,,,,6855779123420.0,Tranzo,Low,web,0.0,GST 16%,0.0,,,,,,,,,XXXXXXXXXX,,,,,rMRjLACwNVgkaNlsf0NqInPzy + #TH22160.1,,,rMRjLACwNVgkaNlsf0NqInPzy + #TH22160.1
#TH10320,customer_320@example.com,paid,2025-07-26 14:09:55 +0500,fulfilled,2025-07-14 01:20:27 +0500,yes,PKR,2299.0,0.0,0.0,2299.0,,0.0,Delivery Charges,2025-07-12 00:32:17+00:00,1,3 in 1 Handheld Vacuum Cleaner,2299.0,4599.0,TH121,True,False,fulfilled,Customer 320,XXXXXXXXXX,XXXXXXXXXX,,,Islamabad,,,PK,XXXXXXXXXX,Customer 320,XXXXXXXXXX,XXXXXXXXXX,,,Islamabad,,,PK,XXXXXXXXXX,Confirm,,,Cash on Delivery (COD),#TH13113.2,0.0,TRENDHUB PAKISTAN,0.0,,,,6438099779804.0,Ship NOC,Low,web,0.0,GST 16%,0.0,,,,,,,,,XXXXXXXXXX,,,,,r2xA2rgtVr5suGifUNmQWRRY5 + #TH13113.2,,,r2xA2rgtVr5suGifUNmQWRRY5 + #TH13113.2
#TH10321,customer_321@example.com,paid,2026-01-25 01:08:57 +0500,fulfilled,2026-01-13 01:49:56 +0500,yes,PKR,2299.0,0.0,0.0,2299.0,,0.0,Delivery Charges,2026-01-12 19:54:20+00:00,1,3 in 1 Handheld Vacuum Cleaner,2299.0,4599.0,TH121,True,False,fulfilled,Customer 321,XXXXXXXXXX,XXXXXXXXXX,,,Gujranwala,'52250,,PK,XXXXXXXXXX,Customer 321,XXXXXXXXXX,XXXXXXXXXX,,,Gujranwala,'52250,,PK,XXXXXXXXXX,Confirm,,,Cash on Delivery (COD),#TH20410.1,0.0,TRENDHUB PAKISTAN,0.0,,,,6796077269212.0,Ship NOC,Low,web,0.0,GST 16%,0.0,,,,,,,,,XXXXXXXXXX,,,,,rk5L6y27i0ArDyW658mHgHYUW + #TH20410.1,,,rk5L6y27i0ArDyW658mHgHYUW + #TH20410.1
#TH10322,customer_322@example.com,paid,2026-04-04 02:29:06 +0500,fulfilled,2026-03-24 01:50:33 +0500,yes,PKR,5499.0,0.0,0.0,5499.0,,0.0,Delivery Charges,2026-03-22 04:26:48+00:00,1,Portable High-Pressure Washer Gun,5499.0,9999.0,TH221,True,False,fulfilled,Customer 322,XXXXXXXXXX,XXXXXXXXXX,,,Kabirwala,,,PK,XXXXXXXXXX,Customer 322,XXXXXXXXXX,XXXXXXXXXX,,,Kabirwala,,,PK,XXXXXXXXXX,Can,,,Cash on Delivery (COD),#TH24371.1,0.0,TRENDHUB PAKISTAN,0.0,,,,6929983013084.0,Ship NOC,Low,web,0.0,GST 16%,0.0,,,,,,,,,XXXXXXXXXX,,,,,rW1LTv0wwJTuIuczi26RZwlSn + #TH24371.1,,,rW1LTv0wwJTuIuczi26RZwlSn + #TH24371.1
#TH10323,customer_323@example.com,paid,2025-08-31 22:37:08 +0500,fulfilled,2025-08-20 11:59:54 +0500,no,PKR,3999.0,0.0,0.0,3999.0,,0.0,Delivery Charges,2025-08-19 14:50:10+00:00,1,5-Tier Coat and Shoe Rack with Storage Shelf & 8 Hooks – Freestanding Organizer for Entryway & Bedroom,3999.0,7999.0,TH163,True,False,fulfilled,Customer 323,XXXXXXXXXX,XXXXXXXXXX,,,Abbottabad,,,PK,XXXXXXXXXX,Customer 323,XXXXXXXXXX,XXXXXXXXXX,,,Abbottabad,,,PK,XXXXXXXXXX,Confirm,,,Cash on Delivery (COD),#TH14900.2,0.0,TRENDHUB PAKISTAN,0.0,,,,6496008634588.0,Ship NOC,Low,web,0.0,GST 16%,0.0,,,,,,,,,XXXXXXXXXX,,,,,ryZV7r0NOLY4XpeJVuZUaZDgO + #TH14900.2,,,ryZV7r0NOLY4XpeJVuZUaZDgO + #TH14900.2
#TH10324,customer_324@example.com,paid,2026-04-18 19:07:55 +0500,fulfilled,2026-04-10 00:41:10 +0500,no,PKR,1598.0,250.0,0.0,1848.0,,0.0,Shipping Charges,2026-04-09 11:46:05+00:00,1,Silicone Sink Faucet Splash Guard Mat – Quick Drain & Drying Organizer - Pack of 1,899.0,1999.0,TH238,True,False,fulfilled,Customer 324,XXXXXXXXXX,XXXXXXXXXX,,,Sahiwal,,,PK,XXXXXXXXXX,Customer 324,XXXXXXXXXX,XXXXXXXXXX,,,Sahiwal,,,PK,XXXXXXXXXX,Co,__eaSC-48397343162588: cu,,Cash on Delivery (COD),#TH25447.1,0.0,TRENDHUB PAKISTAN,0.0,,,,6976886964444.0,Ship NOC,Low,web,0.0,GST 16%,0.0,,,,,,,,,XXXXXXXXXX,,,,,rkJK9TLezUkh6agCiHbmuMUIH + #TH25447.1,,,rkJK9TLezUkh6agCiHbmuMUIH + #TH25447.1
#TH10325,customer_325@example.com,paid,2025-11-02 13:22:25 +0500,fulfilled,2025-10-22 02:15:26 +0500,yes,PKR,2299.0,0.0,0.0,2299.0,,0.0,Delivery Charges,2025-10-21 17:31:23+00:00,1,3 in 1 Handheld Vacuum Cleaner,2299.0,4599.0,TH121,True,False,fulfilled,Customer 325,XXXXXXXXXX,XXXXXXXXXX,Near - masjid umal qura,,Gojra,'45,,PK,XXXXXXXXXX,Customer 325,XXXXXXXXXX,XXXXXXXXXX,Near - masjid umal qura,,Gojra,'45,,PK,XXXXXXXXXX,Confirm,,,Cash on Delivery (COD),#TH17282.1,0.0,TRENDHUB PAKISTAN,0.0,,,,6600890220764.0,Ship NOC,Low,web,0.0,GST 16%,0.0,,,,,,,,,XXXXXXXXXX,,,,,reQZlVLX19e8Bhb4b8gjvmgs8 + #TH17282.1,,,reQZlVLX19e8Bhb4b8gjvmgs8 + #TH17282.1
#TH10326,customer_326@example.com,paid,2025-10-19 17:42:07 +0500,fulfilled,2025-10-07 01:47:31 +0500,yes,PKR,2199.0,0.0,0.0,2199.0,,0.0,Delivery Charges,2025-10-05 17:16:08+00:00,1,Safe Mandoline Slicer - Multi Vegetable Chopper - Multi Vegetable Chopper,2199.0,4799.0,TH72,True,False,fulfilled,Customer 326,XXXXXXXXXX,XXXXXXXXXX,Akhtar saeed hospital,,Lahore,'54000,,PK,XXXXXXXXXX,Customer 326,XXXXXXXXXX,XXXXXXXXXX,Akhtar saeed hospital,,Lahore,'54000,,PK,XXXXXXXXXX,Confirm,,,Cash on Delivery (COD),#TH16770.1,0.0,TRENDHUB PAKISTAN,0.0,,,,6567279329500.0,Ship NOC,Low,web,0.0,GST 16%,0.0,,,,,,,,,XXXXXXXXXX,,,,,r8YhrqBf15cxY0wUB32qqQ76y + #TH16770.1,,,r8YhrqBf15cxY0wUB32qqQ76y + #TH16770.1
#TH10327,customer_327@example.com,paid,2026-01-10 19:41:56 +0500,fulfilled,2025-12-31 01:34:45 +0500,yes,PKR,2299.0,0.0,0.0,2299.0,,0.0,Delivery Charges,2025-12-30 12:53:50+00:00,1,3 in 1 Handheld Vacuum Cleaner,2299.0,4599.0,TH121,True,False,fulfilled,Customer 327,XXXXXXXXXX,XXXXXXXXXX,,,Karachi,,,PK,XXXXXXXXXX,Customer 327,XXXXXXXXXX,XXXXXXXXXX,,,Karachi,,,PK,XXXXXXXXXX,Confirm,,,Cash on Delivery (COD),#TH19749.1,0.0,TRENDHUB PAKISTAN,0.0,,,,6772348092636.0,Ship NOC,Low,web,0.0,GST 16%,0.0,,,,,,,,,XXXXXXXXXX,,,,,r7b7yBb5b9nlEeDvtmTMf45j6 + #TH19749.1,,,r7b7yBb5b9nlEeDvtmTMf45j6 + #TH19749.1
#TH10328,customer_328@example.com,paid,2025-12-07 15:43:35 +0500,fulfilled,2025-11-30 23:48:01 +0500,yes,PKR,1199.0,0.0,0.0,1199.0,,0.0,Delivery Charges,2025-11-28 09:13:09+00:00,1,Sink Sponge Holder - Faucet Rack,1199.0,2399.0,TH61,True,False,fulfilled,Customer 328,XXXXXXXXXX,XXXXXXXXXX,Roots,,Bahria Town.rwp,,,PK,XXXXXXXXXX,Customer 328,XXXXXXXXXX,XXXXXXXXXX,Roots,,Bahria Town.rwp,,,PK,XXXXXXXXXX,Confirm,,,Cash on Delivery (COD),#TH18490.1,0.0,TRENDHUB PAKISTAN,0.0,,,,6705817682140.0,Ship NOC,Low,web,0.0,GST 16%,0.0,,,,,,,,,XXXXXXXXXX,,,,,r07sTeRlYF8OU3AlPX5zS5mLP + #TH18490.1,,,r07sTeRlYF8OU3AlPX5zS5mLP + #TH18490.1
#TH10329,customer_329@example.com,paid,2025-12-07 15:27:03 +0500,fulfilled,2025-11-21 00:07:33 +0500,yes,PKR,2499.0,0.0,0.0,2499.0,,0.0,Delivery Charges,2025-11-18 19:09:14+00:00,1,"Headache Relief Cap – Hot & Cold Gel Ice Head Wrap for Migraine, Stress, Tension & Sinus Relief | 360° Cooling Therapy Hat for Men & Women",2499.0,4999.0,TH215,True,False,fulfilled,Customer 329,XXXXXXXXXX,XXXXXXXXXX,Apartment,,Islamabad,'44000,,PK,XXXXXXXXXX,Customer 329,XXXXXXXXXX,XXXXXXXXXX,Apartment,,Islamabad,'44000,,PK,XXXXXXXXXX,Confirm,,,Cash on Delivery (COD),#TH18160.1,0.0,TRENDHUB PAKISTAN,0.0,,,,6656827785436.0,Ship NOC,Low,web,0.0,GST 16%,0.0,,,,,,,,,XXXXXXXXXX,,,,,rbIMhKMRwm6p270pxmb0wEgMP + #TH18160.1,,,rbIMhKMRwm6p270pxmb0wEgMP + #TH18160.1
#TH10330,customer_330@example.com,paid,2025-07-13 02:17:07 +0500,fulfilled,2025-06-29 23:49:33 +0500,yes,PKR,1199.0,0.0,0.0,1199.0,,0.0,Delivery Charges,2025-06-29 15:35:23+00:00,1,Sink Sponge Holder - Faucet Rack,1199.0,2399.0,TH61,True,False,fulfilled,Customer 330,XXXXXXXXXX,XXXXXXXXXX,301,,Islamabad,,,PK,XXXXXXXXXX,Customer 330,XXXXXXXXXX,XXXXXXXXXX,301,,Islamabad,,,PK,XXXXXXXXXX,Confirm,,,Cash on Delivery (COD),#TH12606.2,0.0,TRENDHUB PAKISTAN,0.0,,,,6420348764380.0,Ship NOC,Low,web,0.0,GST 16%,0.0,,,,,,,,,XXXXXXXXXX,,,,,r33JJJ2lN6o2Mif0k6HJVk88e + #TH12606.2,,,r33JJJ2lN6o2Mif0k6HJVk88e + #TH12606.2
#TH10331,customer_331@example.com,paid,2025-06-29 01:49:31 +0500,fulfilled,2025-06-18 00:39:47 +0500,yes,PKR,1199.0,0.0,0.0,1199.0,,0.0,Delivery Charges,2025-06-16 20:16:47+00:00,1,Sink Sponge Holder - Faucet Rack,1199.0,2399.0,TH61,True,False,fulfilled,Customer 331,XXXXXXXXXX,XXXXXXXXXX,,,Haripur Kpk,,,PK,XXXXXXXXXX,Customer 331,XXXXXXXXXX,XXXXXXXXXX,,,Haripur Kpk,,,PK,XXXXXXXXXX,Order has been shipped via PostEx with Tracking 21150530009284. Confirm,"hxs_courier_name: PostEx
hxs_courier_tracking: 21150530009284
hxs_courier_url: https://postex.pk/tracking?cn=21150530009284
hxs_courier_label: https://merchant.postex.pk/get-invoice?trackingNumbers=21150530009284",,Cash on Delivery (COD),#TH12130.2,0.0,TRENDHUB PAKISTAN,0.0,,,,6403017474268.0,PostEx,Low,web,0.0,GST 16%,0.0,,,,,,,,,XXXXXXXXXX,,,,,r0UV0R2NYEVNBPdIEplB3KGr2 + #TH12130.2,,,r0UV0R2NYEVNBPdIEplB3KGr2 + #TH12130.2
#TH10332,customer_332@example.com,paid,2025-10-19 17:52:11 +0500,fulfilled,2025-10-07 01:47:37 +0500,yes,PKR,4299.0,0.0,0.0,4299.0,,0.0,Delivery Charges,2025-10-05 16:15:14+00:00,1,Heavy-Duty Multi-Layer Shoe Cabinet Organizer - 4 - Layer,4299.0,8399.0,TH174,True,False,fulfilled,Customer 332,XXXXXXXXXX,XXXXXXXXXX,,,Rawalpindi,,,PK,XXXXXXXXXX,Customer 332,XXXXXXXXXX,XXXXXXXXXX,,,Rawalpindi,,,PK,XXXXXXXXXX,confirmed,,,Cash on Delivery (COD),#TH16766.1,0.0,TRENDHUB PAKISTAN,0.0,,,,6567186563292.0,Ship NOC,Low,web,0.0,GST 16%,0.0,,,,,,,,,XXXXXXXXXX,,,,,ralH7Wkap87XQphTZHWi0pOw4 + #TH16766.1,,,ralH7Wkap87XQphTZHWi0pOw4 + #TH16766.1
#TH10333,customer_333@example.com,paid,2026-03-20 15:03:52 +0500,fulfilled,2026-03-14 00:41:43 +0500,yes,PKR,699.0,250.0,0.0,949.0,,0.0,Shipping Charges,2026-03-13 13:35:52+00:00,1,Kitchen Sink Splash Guard – Extra Wide Water Protection - Pack of 1,699.0,1399.0,TH232,True,False,fulfilled,Customer 333,XXXXXXXXXX,XXXXXXXXXX,lodhran,,Lodhran,,,PK,XXXXXXXXXX,Customer 333,XXXXXXXXXX,XXXXXXXXXX,lodhran,,Lodhran,,,PK,XXXXXXXXXX,Ct,,,Cash on Delivery (COD),#TH23788.1,0.0,TRENDHUB PAKISTAN,0.0,,,,6915326574812.0,Ship NOC,Low,web,0.0,GST 16%,0.0,,,,,,,,,XXXXXXXXXX,,,,,rxFEjc6JVa02sLHeNpYULVdfX + #TH23788.1,,,rxFEjc6JVa02sLHeNpYULVdfX + #TH23788.1
#TH10334,customer_334@example.com,paid,2025-09-28 13:23:17 +0500,fulfilled,2025-09-18 00:58:39 +0500,yes,PKR,1999.0,0.0,0.0,1999.0,,0.0,Delivery Charges,2025-09-17 09:47:26+00:00,1,Portable Resistance Band Sit-Up Trainer – Full Body Workout,1999.0,3999.0,TH162,True,False,fulfilled,Customer 334,XXXXXXXXXX,XXXXXXXXXX,,,Peshawe,,,PK,XXXXXXXXXX,Customer 334,XXXXXXXXXX,XXXXXXXXXX,,,Peshawe,,,PK,XXXXXXXXXX,Confirm,,,Cash on Delivery (COD),#TH16113.1,0.0,TRENDHUB PAKISTAN,0.0,,,,6539028496604.0,Ship NOC,Low,web,0.0,GST 16%,0.0,,,,,,,,,XXXXXXXXXX,,,,,rYruyFtjUiZslWSu8rerdJiD1 + #TH16113.1,,,rYruyFtjUiZslWSu8rerdJiD1 + #TH16113.1
#TH10335,customer_335@example.com,paid,2025-08-24 03:19:10 +0500,fulfilled,2025-08-18 01:10:38 +0500,yes,PKR,1999.0,0.0,0.0,1999.0,,0.0,Delivery Charges,2025-08-16 16:16:17+00:00,1,Portable Resistance Band Sit-Up Trainer – Full Body Workout,1999.0,3999.0,TH162,True,False,fulfilled,Customer 335,XXXXXXXXXX,XXXXXXXXXX,,,Karachi,,,PK,XXXXXXXXXX,Customer 335,XXXXXXXXXX,XXXXXXXXXX,,,Karachi,,,PK,XXXXXXXXXX,Confirm,,,Cash on Delivery (COD),#TH14762.2,0.0,TRENDHUB PAKISTAN,0.0,,,,6490571473116.0,JD Delivery,Low,web,0.0,GST 16%,0.0,,,,,,,,,XXXXXXXXXX,,,,,rg34HSXqgGIkyhs6kE2nT9DNb + #TH14762.2,,,rg34HSXqgGIkyhs6kE2nT9DNb + #TH14762.2
#TH10336,customer_336@example.com,paid,2025-09-07 01:47:21 +0500,fulfilled,2025-09-01 00:11:44 +0500,yes,PKR,1199.0,0.0,0.0,1199.0,,0.0,Delivery Charges,2025-08-31 06:42:42+00:00,1,Sink Sponge Holder - Faucet Rack,1199.0,2399.0,TH61,True,False,fulfilled,Customer 336,XXXXXXXXXX,XXXXXXXXXX,Near-,,Rahimyar Khan,,,PK,XXXXXXXXXX,Customer 336,XXXXXXXXXX,XXXXXXXXXX,Near-,,Rahimyar Khan,,,PK,XXXXXXXXXX,Confirm,,,Cash on Delivery (COD),#TH15384.2,0.0,TRENDHUB PAKISTAN,0.0,,,,6512327491804.0,Ship NOC,Low,web,0.0,GST 16%,0.0,,,,,,,,,XXXXXXXXXX,,,,,rdCgbrR552SKldM5LclINHgCm + #TH15384.2,,,rdCgbrR552SKldM5LclINHgCm + #TH15384.2
#TH10337,customer_337@example.com,paid,2025-09-14 01:40:48 +0500,fulfilled,2025-09-02 01:07:18 +0500,yes,PKR,2299.0,0.0,0.0,2299.0,,0.0,Delivery Charges,2025-08-31 17:19:28+00:00,1,3 in 1 Handheld Vacuum Cleaner,2299.0,4599.0,TH121,True,False,fulfilled,Customer 337,XXXXXXXXXX,XXXXXXXXXX,Ramaphatak,,Bahawalpur,'63100,,PK,XXXXXXXXXX,Customer 337,XXXXXXXXXX,XXXXXXXXXX,Ramaphatak,,Bahawalpur,'63100,,PK,XXXXXXXXXX,Confirm,,,Cash on Delivery (COD),#TH15426.2,0.0,TRENDHUB PAKISTAN,0.0,,,,6513342906588.0,Ship NOC,Low,web,0.0,GST 16%,0.0,,,,,,,,,XXXXXXXXXX,,,,,rpqjEuSJbHb0t8HB2TQ3p6yXk + #TH15426.2,,,rpqjEuSJbHb0t8HB2TQ3p6yXk + #TH15426.2
#TH10338,customer_338@example.com,paid,2026-02-21 21:23:00 +0500,fulfilled,2026-01-31 00:43:47 +0500,yes,PKR,2299.0,0.0,0.0,2299.0,,0.0,Delivery Charges,2026-01-29 19:33:40+00:00,1,3 in 1 Handheld Vacuum Cleaner,2299.0,4599.0,TH121,True,False,fulfilled,Customer 338,XXXXXXXXXX,XXXXXXXXXX,,,Lahore,'54000,,PK,XXXXXXXXXX,Customer 338,XXXXXXXXXX,XXXXXXXXXX,,,Lahore,'54000,,PK,XXXXXXXXXX,Cy,,,Cash on Delivery (COD),#TH21266.1,0.0,TRENDHUB PAKISTAN,0.0,,,,6826487447772.0,Ship NOC,Low,web,0.0,GST 16%,0.0,,,,,,,,,XXXXXXXXXX,,,,,rhAZtcev6IyJpE84SUMC0iDse + #TH21266.1,,,rhAZtcev6IyJpE84SUMC0iDse + #TH21266.1
#TH10339,customer_339@example.com,paid,2026-04-25 02:49:50 +0500,fulfilled,2026-04-18 00:45:59 +0500,no,PKR,1499.0,250.0,0.0,1749.0,,0.0,Shipping Charges,2026-04-17 06:06:35+00:00,1,Kitchen Sink Splash Guard – Extra Wide Water Protection - Pack of 3,1499.0,2999.0,TH234,True,False,fulfilled,Customer 339,XXXXXXXXXX,XXXXXXXXXX,,,Sheikhupura,,,PK,XXXXXXXXXX,Customer 339,XXXXXXXXXX,XXXXXXXXXX,,,Sheikhupura,,,PK,XXXXXXXXXX,Confirm,,,Cash on Delivery (COD),#TH25846.1,0.0,TRENDHUB PAKISTAN,0.0,,,,6992207053020.0,Ship NOC,Low,web,0.0,GST 16%,0.0,,,,,,,,,XXXXXXXXXX,,,,,riIWjuxUNirSfasbS4lDjlSn8 + #TH25846.1,,,riIWjuxUNirSfasbS4lDjlSn8 + #TH25846.1
#TH10340,customer_340@example.com,paid,2025-08-03 02:00:18 +0500,fulfilled,2025-07-26 01:40:39 +0500,no,PKR,1999.0,0.0,0.0,1999.0,,0.0,Delivery Charges,2025-07-24 19:05:38+00:00,1,Mini Electric Shaver - Pocket Size Electric Shaver for Men Women,1999.0,3999.0,TH137,True,False,fulfilled,Customer 340,XXXXXXXXXX,XXXXXXXXXX,,,Mirpur Azad kashmir,,,PK,XXXXXXXXXX,Customer 340,XXXXXXXXXX,XXXXXXXXXX,,,Mirpur Azad kashmir,,,PK,XXXXXXXXXX,Confirm,,,Cash on Delivery (COD),#TH13734.2,0.0,TRENDHUB PAKISTAN,0.0,,,,6455145267420.0,Ship NOC,Low,web,0.0,GST 16%,0.0,,,,,,,,,XXXXXXXXXX,,,,,r7LYzK1WuyzvAg90k1YGeGr9X + #TH13734.2,,,r7LYzK1WuyzvAg90k1YGeGr9X + #TH13734.2
#TH10341,customer_341@example.com,paid,2026-02-14 15:57:57 +0500,fulfilled,2026-02-07 01:01:41 +0500,yes,PKR,2299.0,0.0,0.0,2299.0,,0.0,Delivery Charges,2026-02-06 02:55:19+00:00,1,3 in 1 Handheld Vacuum Cleaner,2299.0,4599.0,TH121,True,False,fulfilled,Customer 341,XXXXXXXXXX,XXXXXXXXXX,GHSS NO.3 Michen khel lakki Marwat,,Lakki Marwat,PK0928,,PK,XXXXXXXXXX,Customer 341,XXXXXXXXXX,XXXXXXXXXX,GHSS NO.3 Michen khel lakki Marwat,,Lakki Marwat,PK0928,,PK,XXXXXXXXXX,Ct,,,Cash on Delivery (COD),#TH21706.1,0.0,TRENDHUB PAKISTAN,0.0,,,,6838164455644.0,Ship NOC,Low,web,0.0,GST 16%,0.0,,,,,,,,,XXXXXXXXXX,,,,,rEkFSbFAU5Snazt6mWTWH2ym6 + #TH21706.1,,,rEkFSbFAU5Snazt6mWTWH2ym6 + #TH21706.1
#TH10342,customer_342@example.com,paid,2025-08-03 01:55:46 +0500,fulfilled,2025-07-24 00:19:49 +0500,yes,PKR,1999.0,0.0,0.0,1999.0,,0.0,Delivery Charges,2025-07-21 21:27:25+00:00,1,Portable Resistance Band Sit-Up Trainer – Full Body Workout,1999.0,3999.0,TH162,True,False,fulfilled,Customer 342,XXXXXXXXXX,XXXXXXXXXX,,,Sialkot,'51310,,PK,XXXXXXXXXX,Customer 342,XXXXXXXXXX,XXXXXXXXXX,,,Sialkot,'51310,,PK,XXXXXXXXXX,Confirm,,,Cash on Delivery (COD),#TH13605.2,0.0,TRENDHUB PAKISTAN,0.0,,,,6451266552028.0,Ship NOC,Low,web,0.0,GST 16%,0.0,,,,,,,,,XXXXXXXXXX,,,,,rSwXh7TGZCkE5BsykyYncovaU + #TH13605.2,,,rSwXh7TGZCkE5BsykyYncovaU + #TH13605.2
#TH10343,customer_343@example.com,paid,2026-04-10 19:26:34 +0500,fulfilled,2026-04-03 01:03:51 +0500,yes,PKR,999.0,250.0,0.0,1249.0,,0.0,Shipping Charges,2026-04-02 09:50:44+00:00,1,Kinoki Detox Foot Pads – Natural Foot Pain Relief Patches (10 Pack) - Pack of 10,999.0,1999.0,TH230,True,False,fulfilled,Customer 343,XXXXXXXXXX,XXXXXXXXXX,,Immigration Experts,Lahore,,,PK,XXXXXXXXXX,Customer 343,XXXXXXXXXX,XXXXXXXXXX,,,Lahore,,,PK,XXXXXXXXXX,Can,,,Cash on Delivery (COD),#TH25074.1,0.0,TRENDHUB PAKISTAN,0.0,,,,6960395485404.0,Ship NOC,Low,web,0.0,GST 16%,0.0,,,,,,,,,XXXXXXXXXX,,,,,rY4PN4cKVtYsr0GqUQJlnM2m4 + #TH25074.1,,,rY4PN4cKVtYsr0GqUQJlnM2m4 + #TH25074.1
#TH10344,customer_344@example.com,paid,2025-09-28 13:17:29 +0500,fulfilled,2025-09-15 00:09:09 +0500,no,PKR,5099.0,0.0,0.0,5099.0,,0.0,Delivery Charges,2025-09-14 14:56:09+00:00,1,Heavy-Duty Multi-Layer Shoe Cabinet Organizer - 7 - Layer,5099.0,10199.0,TH168,True,False,fulfilled,Customer 344,XXXXXXXXXX,XXXXXXXXXX,,,Rawalpindi,,,PK,XXXXXXXXXX,Customer 344,XXXXXXXXXX,XXXXXXXXXX,,,Rawalpindi,,,PK,XXXXXXXXXX,Confirm,,,Cash on Delivery (COD),#TH16007.2,0.0,TRENDHUB PAKISTAN,0.0,,,,6535313359068.0,Ship NOC,Low,web,0.0,GST 16%,0.0,,,,,,,,,XXXXXXXXXX,,,,,rtXv4EhHruojoCE1P587pRim0 + #TH16007.2,,,rtXv4EhHruojoCE1P587pRim0 + #TH16007.2
#TH10345,customer_345@example.com,paid,2025-06-22 02:59:50 +0500,fulfilled,2025-06-04 16:21:15 +0500,yes,PKR,2299.0,0.0,0.0,2299.0,,0.0,Delivery Charges,2025-06-04 06:16:42+00:00,1,3 in 1 Handheld Vacuum Cleaner,2299.0,4599.0,TH121,True,False,fulfilled,Customer 345,XXXXXXXXXX,XXXXXXXXXX,,,Arifwala,,,PK,XXXXXXXXXX,Customer 345,XXXXXXXXXX,XXXXXXXXXX,,,Arifwala,,,PK,XXXXXXXXXX,Order has been shipped via PostEx with Tracking 23150530008791. Confirm,"hxs_courier_name: PostEx
hxs_courier_tracking: 23150530008791
hxs_courier_url: https://postex.pk/tracking?cn=23150530008791
hxs_courier_label: https://merchant.postex.pk/get-invoice?trackingNumbers=23150530008791",,Cash on Delivery (COD),#TH11574.2,0.0,TRENDHUB PAKISTAN,0.0,,,,6381988774108.0,PostEx,Low,web,0.0,GST 16%,0.0,,,,,,,,,XXXXXXXXXX,,,,,rDfa4EzgCGMA8J3TMZX5r8WqJ + #TH11574.2,,,rDfa4EzgCGMA8J3TMZX5r8WqJ + #TH11574.2
#TH10346,customer_346@example.com,paid,2026-05-10 02:59:01 +0500,fulfilled,2026-04-29 23:48:02 +0500,no,PKR,1199.0,250.0,0.0,1449.0,,0.0,Shipping Charges,2026-04-29 17:04:27+00:00,1,Kitchen Sink Splash Guard – Extra Wide Water Protection - Pack of 2,1199.0,2399.0,TH233,True,False,fulfilled,Customer 346,XXXXXXXXXX,XXXXXXXXXX,,,Swabi,,,PK,XXXXXXXXXX,Customer 346,XXXXXXXXXX,XXXXXXXXXX,,,Swabi,,,PK,XXXXXXXXXX,Cy,,,Cash on Delivery (COD),#TH26457.1,0.0,TRENDHUB PAKISTAN,0.0,,,,7017757016284.0,Ship NOC,Low,web,0.0,GST 16%,0.0,,,,,,,,,XXXXXXXXXX,,,,,r1MTlOPCgD4iP6hEgfg4HI1ac + #TH26457.1,,,r1MTlOPCgD4iP6hEgfg4HI1ac + #TH26457.1
#TH10347,customer_347@example.com,paid,2026-04-18 19:01:52 +0500,fulfilled,2026-04-10 00:44:52 +0500,yes,PKR,2398.0,0.0,0.0,2398.0,,0.0,Delivery Charges,2026-04-08 21:37:17+00:00,2,Sink Sponge Holder - Faucet Rack,1199.0,2399.0,TH61,True,False,fulfilled,Customer 347,XXXXXXXXXX,XXXXXXXXXX,03006945847,,Lahore,,,PK,XXXXXXXXXX,Customer 347,XXXXXXXXXX,XXXXXXXXXX,03006945847,,Lahore,,,PK,XXXXXXXXXX,Confirm,,,Cash on Delivery (COD),#TH25411.1,0.0,TRENDHUB PAKISTAN,0.0,,,,6974569218268.0,Ship NOC,Low,web,0.0,GST 16%,0.0,,,,,,,,,XXXXXXXXXX,,,,,roj2JdxZAm0L8xRkDSmg0fhht + #TH25411.1,,,roj2JdxZAm0L8xRkDSmg0fhht + #TH25411.1
#TH10348,customer_348@example.com,paid,2026-06-07 03:33:10 +0500,fulfilled,2026-05-25 01:01:29 +0500,yes,PKR,1899.0,250.0,0.0,2149.0,,0.0,Shipping Charges,2026-05-22 09:03:41+00:00,1,Spray Mop with Microfiber Pad – Reusable Flat Floor Cleaning Mop,1899.0,3999.0,TH254,True,False,fulfilled,Customer 348,XXXXXXXXXX,XXXXXXXXXX,,,Mardan,'03299966389,,PK,XXXXXXXXXX,Customer 348,XXXXXXXXXX,XXXXXXXXXX,,,Mardan,'03299966389,,PK,XXXXXXXXXX,Cy,,,Cash on Delivery (COD),#TH27583.1,0.0,TRENDHUB PAKISTAN,0.0,,,,7068959768796.0,Ship NOC,Low,web,0.0,GST 16%,0.0,,,,,,,,,XXXXXXXXXX,,,,,raJGKW2aoOYRGRFcgRGEdSs1h + #TH27583.1,,,raJGKW2aoOYRGRFcgRGEdSs1h + #TH27583.1
#TH10349,customer_349@example.com,paid,2026-01-04 00:36:46 +0500,fulfilled,2025-12-23 01:58:00 +0500,yes,PKR,2299.0,0.0,0.0,2299.0,,0.0,Delivery Charges,2025-12-22 13:40:18+00:00,1,3 in 1 Handheld Vacuum Cleaner,2299.0,4599.0,TH121,True,False,fulfilled,Customer 349,XXXXXXXXXX,XXXXXXXXXX,,,کراچی,,,PK,XXXXXXXXXX,Customer 349,XXXXXXXXXX,XXXXXXXXXX,,,کراچی,,,PK,XXXXXXXXXX,Cy,,,Cash on Delivery (COD),#TH19380.1,0.0,TRENDHUB PAKISTAN,0.0,,,,6757876236508.0,Ship NOC,Low,web,0.0,GST 16%,0.0,,,,,,,,,XXXXXXXXXX,,,,,rCxBQ0O6XBBVIvfR81dYKOvaZ + #TH19380.1,,,rCxBQ0O6XBBVIvfR81dYKOvaZ + #TH19380.1
#TH10350,customer_350@example.com,paid,2025-08-03 01:40:19 +0500,fulfilled,2025-07-23 00:37:48 +0500,no,PKR,1199.0,0.0,0.0,1199.0,,0.0,Delivery Charges,2025-07-21 19:19:22+00:00,1,Sink Sponge Holder - Faucet Rack,1199.0,2399.0,TH61,True,False,fulfilled,Customer 350,XXXXXXXXXX,XXXXXXXXXX,,,Lahore,'54920,,PK,XXXXXXXXXX,Customer 350,XXXXXXXXXX,XXXXXXXXXX,,,Lahore,'54920,,PK,XXXXXXXXXX,Confirm,,,Cash on Delivery (COD),#TH13602.2,0.0,TRENDHUB PAKISTAN,0.0,,,,6451127976156.0,Ship NOC,Low,web,0.0,GST 16%,0.0,,,,,,,,,XXXXXXXXXX,,,,,rubKP3XHOHiwGTOKYphtYNMDj + #TH13602.2,,,rubKP3XHOHiwGTOKYphtYNMDj + #TH13602.2
#TH10351,customer_351@example.com,paid,2025-08-03 01:39:27 +0500,fulfilled,2025-07-22 00:09:06 +0500,yes,PKR,1199.0,0.0,0.0,1199.0,,0.0,Delivery Charges,2025-07-21 07:58:51+00:00,1,Sink Sponge Holder - Faucet Rack,1199.0,2399.0,TH61,True,False,fulfilled,Customer 351,XXXXXXXXXX,XXXXXXXXXX,,,Rawalpindi,,,PK,XXXXXXXXXX,Customer 351,XXXXXXXXXX,XXXXXXXXXX,,,Rawalpindi,,,PK,XXXXXXXXXX,Confirm,,,Cash on Delivery (COD),#TH13579.2,0.0,TRENDHUB PAKISTAN,0.0,,,,6450331156700.0,Ship NOC,Low,web,0.0,GST 16%,0.0,,,,,,,,,XXXXXXXXXX,,,,,rZpJ9oa58POeiaGEbMDB3ddP4 + #TH13579.2,,,rZpJ9oa58POeiaGEbMDB3ddP4 + #TH13579.2
#TH10352,customer_352@example.com,paid,2026-06-07 03:48:02 +0500,fulfilled,2026-05-30 01:14:14 +0500,yes,PKR,1199.0,250.0,0.0,1449.0,,0.0,Shipping Charges,2026-05-28 06:39:38+00:00,1,Kitchen Sink Splash Guard – Extra Wide Water Protection - Pack of 2,1199.0,2399.0,TH233,True,False,fulfilled,Customer 352,XXXXXXXXXX,XXXXXXXXXX,Lda avenue 1 lahore,,Lahore,,,PK,XXXXXXXXXX,Customer 352,XXXXXXXXXX,XXXXXXXXXX,Lda avenue 1 lahore,,Lahore,,,PK,XXXXXXXXXX,Ct,,,Cash on Delivery (COD),#TH28059.1,0.0,TRENDHUB PAKISTAN,0.0,,,,7082740941020.0,Ship NOC,Low,web,0.0,GST 16%,0.0,,,,,,,,,XXXXXXXXXX,,,,,rJE11hkGiuZpIqSpHHkZ71q62 + #TH28059.1,,,rJE11hkGiuZpIqSpHHkZ71q62 + #TH28059.1
#TH10353,customer_353@example.com,paid,2025-09-21 00:49:56 +0500,fulfilled,2025-09-08 00:41:32 +0500,yes,PKR,1999.0,0.0,0.0,1999.0,,0.0,Delivery Charges,2025-09-07 07:01:04+00:00,1,Portable Resistance Band Sit-Up Trainer – Full Body Workout,1999.0,3999.0,TH162,True,False,fulfilled,Customer 353,XXXXXXXXXX,XXXXXXXXXX,Shahkaam bridge,,Lahore,'53720,,PK,XXXXXXXXXX,Customer 353,XXXXXXXXXX,XXXXXXXXXX,Shahkaam bridge,,Lahore,'53720,,PK,XXXXXXXXXX,Confirm,,,Cash on Delivery (COD),#TH15706.2,0.0,TRENDHUB PAKISTAN,0.0,,,,6524373532892.0,Ship NOC,Low,web,0.0,GST 16%,0.0,,,,,,,,,XXXXXXXXXX,,,,,r9JD47a0LZWa6HMykTrDixo3y + #TH15706.2,,,r9JD47a0LZWa6HMykTrDixo3y + #TH15706.2
#TH10354,customer_354@example.com,paid,2026-01-25 01:19:19 +0500,fulfilled,2026-01-13 01:56:05 +0500,yes,PKR,2299.0,0.0,0.0,2299.0,,0.0,Delivery Charges,2026-01-11 22:23:31+00:00,1,3 in 1 Handheld Vacuum Cleaner,2299.0,4599.0,TH121,True,False,fulfilled,Customer 354,XXXXXXXXXX,XXXXXXXXXX,Shop,Faizan traders,Lahore,'54000,,PK,XXXXXXXXXX,Customer 354,XXXXXXXXXX,XXXXXXXXXX,Shop,Faizan traders,Lahore,'54000,,PK,XXXXXXXXXX,Confirm,,,Cash on Delivery (COD),#TH20351.1,0.0,TRENDHUB PAKISTAN,0.0,,,,6793571270876.0,Ship NOC,Low,web,0.0,GST 16%,0.0,,,,,,,,,XXXXXXXXXX,,,,,rw6Qu9ucohUIfhshEOeh90WV9 + #TH20351.1,,,rw6Qu9ucohUIfhshEOeh90WV9 + #TH20351.1
#TH10355,customer_355@example.com,paid,2025-08-31 02:41:39 +0500,fulfilled,2025-08-23 03:08:40 +0500,yes,PKR,1999.0,0.0,0.0,1999.0,,0.0,Delivery Charges,2025-08-22 03:43:05+00:00,1,Portable Resistance Band Sit-Up Trainer – Full Body Workout,1999.0,3999.0,TH162,True,False,fulfilled,Customer 355,XXXXXXXXXX,XXXXXXXXXX,,,Islamabad,,,PK,XXXXXXXXXX,Customer 355,XXXXXXXXXX,XXXXXXXXXX,,,Islamabad,,,PK,XXXXXXXXXX,Confirm,,,Cash on Delivery (COD),#TH15005.2,0.0,TRENDHUB PAKISTAN,0.0,,,,6499475947740.0,Ship NOC,Low,web,0.0,GST 16%,0.0,,,,,,,,,XXXXXXXXXX,,,,,reUuRa14qEtdXGlRSTCaLYwAt + #TH15005.2,,,reUuRa14qEtdXGlRSTCaLYwAt + #TH15005.2
#TH10356,customer_356@example.com,paid,2026-06-07 03:40:41 +0500,fulfilled,2026-05-25 00:54:33 +0500,yes,PKR,1899.0,250.0,0.0,2149.0,,0.0,Shipping Charges,2026-05-23 09:05:55+00:00,1,Spray Mop with Microfiber Pad – Reusable Flat Floor Cleaning Mop,1899.0,3999.0,TH254,True,False,fulfilled,Customer 356,XXXXXXXXXX,XXXXXXXXXX,,,Wah cantt,,,PK,XXXXXXXXXX,Customer 356,XXXXXXXXXX,XXXXXXXXXX,,,Wah cantt,,,PK,XXXXXXXXXX,Ct,,,Cash on Delivery (COD),#TH27673.1,0.0,TRENDHUB PAKISTAN,0.0,,,,7072471679196.0,Ship NOC,Low,web,0.0,GST 16%,0.0,,,,,,,,,XXXXXXXXXX,,,,,ruB8hEndgNEtql7aReShMEiQv + #TH27673.1,,,ruB8hEndgNEtql7aReShMEiQv + #TH27673.1
#TH10357,customer_357@example.com,paid,2026-02-12 20:33:00 +0500,fulfilled,2026-02-02 01:01:06 +0500,yes,PKR,5099.0,0.0,0.0,5099.0,,0.0,Delivery Charges,2026-02-01 18:30:49+00:00,1,Heavy-Duty Multi-Layer Shoe Cabinet Organizer - 7 - Layer,5099.0,10199.0,TH168,True,False,fulfilled,Customer 357,XXXXXXXXXX,XXXXXXXXXX,Near Allah wasaya chok,Mepco,Multan,,,PK,XXXXXXXXXX,Customer 357,XXXXXXXXXX,XXXXXXXXXX,Near Allah wasaya chok,Mepco,Multan,,,PK,XXXXXXXXXX,Confirm,,,Cash on Delivery (COD),#TH21436.1,0.0,TRENDHUB PAKISTAN,0.0,,,,6831360803036.0,Ship NOC,Low,web,0.0,GST 16%,0.0,,,,,,,,,XXXXXXXXXX,,,,,rqoWMtcJHIQsK2eytADEdeSHI + #TH21436.1,,,rqoWMtcJHIQsK2eytADEdeSHI + #TH21436.1
#TH10358,customer_358@example.com,paid,2025-08-03 01:37:28 +0500,fulfilled,2025-07-22 00:08:09 +0500,yes,PKR,2199.0,0.0,0.0,2199.0,,0.0,Delivery Charges,2025-07-21 09:28:54+00:00,1,Safe Mandoline Slicer - Multi Vegetable Chopper - Multi Vegetable Chopper,2199.0,4799.0,TH72,True,False,fulfilled,Customer 358,XXXXXXXXXX,XXXXXXXXXX,,,Sialkot,'51070,,PK,XXXXXXXXXX,Customer 358,XXXXXXXXXX,XXXXXXXXXX,,,Sialkot,'51070,,PK,XXXXXXXXXX,Confirm,,,Cash on Delivery (COD),#TH13583.2,0.0,TRENDHUB PAKISTAN,0.0,,,,6450501058780.0,Ship NOC,Low,web,0.0,GST 16%,0.0,,,,,,,,,XXXXXXXXXX,,,,,rQiE5JDTZ7Kyrn9W9BQe9MuyY + #TH13583.2,,,rQiE5JDTZ7Kyrn9W9BQe9MuyY + #TH13583.2
#TH10359,customer_359@example.com,paid,2026-03-20 14:59:57 +0500,fulfilled,2026-03-11 00:12:43 +0500,no,PKR,1499.0,250.0,0.0,1749.0,,0.0,Shipping Charges,2026-03-10 05:49:08+00:00,1,Kitchen Sink Splash Guard – Extra Wide Water Protection - Pack of 3,1499.0,2999.0,TH234,True,False,fulfilled,Customer 359,XXXXXXXXXX,XXXXXXXXXX,,,Faisalabad,,,PK,XXXXXXXXXX,Customer 359,XXXXXXXXXX,XXXXXXXXXX,,,Faisalabad,,,PK,XXXXXXXXXX,Ct,,,Cash on Delivery (COD),#TH23552.1,0.0,TRENDHUB PAKISTAN,0.0,,,,6909775347932.0,Ship NOC,Low,web,0.0,GST 16%,0.0,,,,,,,,,XXXXXXXXXX,,,,,r9LfAWp77it1LbEaMcnJcj1Tk + #TH23552.1,,,r9LfAWp77it1LbEaMcnJcj1Tk + #TH23552.1
#TH10360,customer_360@example.com,paid,2026-03-06 02:12:19 +0500,fulfilled,2026-02-26 01:32:02 +0500,yes,PKR,2299.0,0.0,0.0,2299.0,,0.0,Delivery Charges,2026-02-25 19:42:52+00:00,1,3 in 1 Handheld Vacuum Cleaner,2299.0,4599.0,TH121,True,False,fulfilled,Customer 360,XXXXXXXXXX,XXXXXXXXXX,,,Mandi Bahauddin,'50400,,PK,XXXXXXXXXX,Customer 360,XXXXXXXXXX,XXXXXXXXXX,,,Mandi Bahauddin,'50400,,PK,XXXXXXXXXX,Can,,,Cash on Delivery (COD),#TH22802.1,0.0,TRENDHUB PAKISTAN,0.0,,,,6884413800668.0,Ship NOC,Low,web,0.0,GST 16%,0.0,,,,,,,,,XXXXXXXXXX,,,,,rKnaQAGBIrpABUb7PPcPE7zhP + #TH22802.1,,,rKnaQAGBIrpABUb7PPcPE7zhP + #TH22802.1
#TH10361,customer_361@example.com,paid,2026-03-12 15:17:57 +0500,fulfilled,2026-03-06 01:26:54 +0500,yes,PKR,2299.0,0.0,0.0,2299.0,,0.0,Delivery Charges,2026-03-05 13:22:51+00:00,1,3 in 1 Handheld Vacuum Cleaner,2299.0,4599.0,TH121,True,False,fulfilled,Customer 361,XXXXXXXXXX,XXXXXXXXXX,Chak no1 dhok kasib,,Mandi Bahauddin,'50400,,PK,XXXXXXXXXX,Customer 361,XXXXXXXXXX,XXXXXXXXXX,Chak no1 dhok kasib,,Mandi Bahauddin,'50400,,PK,XXXXXXXXXX,Can,,,Cash on Delivery (COD),#TH23292.1,0.0,TRENDHUB PAKISTAN,0.0,,,,6901329854684.0,Ship NOC,Low,web,0.0,GST 16%,0.0,,,,,,,,,XXXXXXXXXX,,,,,rbaGywXqGzRyHro5nvdByAnpz + #TH23292.1,,,rbaGywXqGzRyHro5nvdByAnpz + #TH23292.1
#TH10362,customer_362@example.com,paid,2025-12-28 22:45:07 +0500,fulfilled,2025-12-22 00:47:41 +0500,yes,PKR,2299.0,0.0,0.0,2299.0,,0.0,Delivery Charges,2025-12-21 14:30:08+00:00,1,3 in 1 Handheld Vacuum Cleaner,2299.0,4599.0,TH121,True,False,fulfilled,Customer 362,XXXXXXXXXX,XXXXXXXXXX,,,Lahore,'54770,,PK,XXXXXXXXXX,Customer 362,XXXXXXXXXX,XXXXXXXXXX,,,Lahore,'54770,,PK,XXXXXXXXXX,Confirm,,,Cash on Delivery (COD),#TH19340.1,0.0,TRENDHUB PAKISTAN,0.0,,,,6755987095772.0,Ship NOC,Low,web,0.0,GST 16%,0.0,,,,,,,,,XXXXXXXXXX,,,,,ruj5xx5rt6CAS5L8VjXzVg6Zx + #TH19340.1,,,ruj5xx5rt6CAS5L8VjXzVg6Zx + #TH19340.1
#TH10363,customer_363@example.com,paid,2026-03-08 05:19:28 +0500,fulfilled,2026-03-02 02:14:46 +0500,yes,PKR,5099.0,0.0,0.0,5099.0,,0.0,Delivery Charges,2026-02-28 07:31:41+00:00,1,Heavy-Duty Multi-Layer Shoe Cabinet Organizer - 7 - Layer,5099.0,10199.0,TH168,True,False,fulfilled,Customer 363,XXXXXXXXXX,XXXXXXXXXX,,,Abbot Abad,,,PK,XXXXXXXXXX,Customer 363,XXXXXXXXXX,XXXXXXXXXX,,,Abbot Abad,,,PK,XXXXXXXXXX,C,,,Cash on Delivery (COD),#TH22946.1,0.0,TRENDHUB PAKISTAN,0.0,,,,6888458223836.0,Ship NOC,Low,web,0.0,GST 16%,0.0,,,,,,,,,XXXXXXXXXX,,,,,rTkqZ4GQO69sTydBFozMkQDCT + #TH22946.1,,,rTkqZ4GQO69sTydBFozMkQDCT + #TH22946.1
#TH10364,customer_364@example.com,paid,2026-05-01 20:21:48 +0500,fulfilled,2026-04-24 00:36:22 +0500,yes,PKR,2199.0,0.0,0.0,2199.0,,0.0,Delivery Charges,2026-04-23 15:08:56+00:00,1,Safe Mandoline Slicer - Multi Vegetable Chopper - Multi Vegetable Chopper,2199.0,4799.0,TH72,True,False,fulfilled,Customer 364,XXXXXXXXXX,XXXXXXXXXX,DHA,,Karachi,,,PK,XXXXXXXXXX,Customer 364,XXXXXXXXXX,XXXXXXXXXX,DHA,,Karachi,,,PK,XXXXXXXXXX,Cy,,,Cash on Delivery (COD),#TH26160.1,0.0,TRENDHUB PAKISTAN,0.0,,,,7005222502620.0,Ship NOC,Low,web,0.0,GST 16%,0.0,,,,,,,,,XXXXXXXXXX,,,,,rsbiUl2DHMRwWaCZPd7J8WBKL + #TH26160.1,,,rsbiUl2DHMRwWaCZPd7J8WBKL + #TH26160.1
#TH10365,customer_365@example.com,paid,2025-09-28 13:07:29 +0500,fulfilled,2025-09-20 00:45:19 +0500,no,PKR,3999.0,0.0,0.0,3999.0,,0.0,Delivery Charges,2025-09-19 07:45:33+00:00,1,5-Tier Coat and Shoe Rack with Storage Shelf & 8 Hooks – Freestanding Organizer for Entryway & Bedroom,3999.0,7999.0,TH163,True,False,fulfilled,Customer 365,XXXXXXXXXX,XXXXXXXXXX,mosque,,sailkot,,,PK,XXXXXXXXXX,Customer 365,XXXXXXXXXX,XXXXXXXXXX,mosque,,sailkot,,,PK,XXXXXXXXXX,Confirm,,,Cash on Delivery (COD),#TH16198.1,0.0,TRENDHUB PAKISTAN,0.0,,,,6541470564572.0,Ship NOC,Low,web,0.0,GST 16%,0.0,,,,,,,,,XXXXXXXXXX,,,,,re99RYooXDhivU4hQaYNKt6VY + #TH16198.1,,,re99RYooXDhivU4hQaYNKt6VY + #TH16198.1
#TH10366,customer_366@example.com,paid,2026-05-30 23:34:47 +0500,fulfilled,2026-05-22 01:45:15 +0500,yes,PKR,1199.0,0.0,0.0,1199.0,,0.0,Delivery Charges,2026-05-21 05:48:24+00:00,1,Dish Soap Dispenser,1199.0,2399.0,TH63,True,False,fulfilled,Customer 366,XXXXXXXXXX,XXXXXXXXXX,,,KARACHI,,,PK,XXXXXXXXXX,Customer 366,XXXXXXXXXX,XXXXXXXXXX,,,KARACHI,,,PK,XXXXXXXXXX,Ct,,,Cash on Delivery (COD),#TH27522.1,0.0,TRENDHUB PAKISTAN,0.0,,,,7063336354012.0,Ship NOC,Low,web,0.0,GST 16%,0.0,,,,,,,,,XXXXXXXXXX,,,,,rUaZ7rZyOnAoJo0KJEbZRhhYp + #TH27522.1,,,rUaZ7rZyOnAoJo0KJEbZRhhYp + #TH27522.1
#TH10367,customer_367@example.com,paid,2026-05-03 14:28:32 +0500,fulfilled,2026-04-28 00:31:21 +0500,no,PKR,1199.0,250.0,0.0,1449.0,,0.0,Shipping Charges,2026-04-27 11:37:54+00:00,1,Kitchen Sink Splash Guard – Extra Wide Water Protection - Pack of 2,1199.0,2399.0,TH233,True,False,fulfilled,Customer 367,XXXXXXXXXX,XXXXXXXXXX,,Sumbal Nawaz,Jhelum,,,PK,XXXXXXXXXX,Customer 367,XXXXXXXXXX,XXXXXXXXXX,,Sumbal Nawaz,Jhelum,,,PK,XXXXXXXXXX,Ct,,,Cash on Delivery (COD),#TH26353.1,0.0,TRENDHUB PAKISTAN,0.0,,,,7013110874332.0,Ship NOC,Low,web,0.0,GST 16%,0.0,,,,,,,,,XXXXXXXXXX,,,,,rA8pYgqo2PUSG1WNuW8UKsyY6 + #TH26353.1,,,rA8pYgqo2PUSG1WNuW8UKsyY6 + #TH26353.1
#TH10368,customer_368@example.com,paid,2025-09-14 01:40:55 +0500,fulfilled,2025-09-02 01:07:23 +0500,yes,PKR,1999.0,0.0,0.0,1999.0,,0.0,Delivery Charges,2025-08-31 01:58:32+00:00,1,Portable Resistance Band Sit-Up Trainer – Full Body Workout,1999.0,3999.0,TH162,True,False,fulfilled,Customer 368,XXXXXXXXXX,XXXXXXXXXX,,,Rawalpindi,,,PK,XXXXXXXXXX,Customer 368,XXXXXXXXXX,XXXXXXXXXX,,,Rawalpindi,,,PK,XXXXXXXXXX,Confirm,,,Cash on Delivery (COD),#TH15371.2,0.0,TRENDHUB PAKISTAN,0.0,,,,6512080945372.0,Ship NOC,Low,web,0.0,GST 16%,0.0,,,,,,,,,XXXXXXXXXX,,,,,rEMHAG7k3uZtfHVdNgVsICb0P + #TH15371.2,,,rEMHAG7k3uZtfHVdNgVsICb0P + #TH15371.2
#TH10369,customer_369@example.com,paid,2026-04-18 19:01:48 +0500,fulfilled,2026-04-09 00:21:02 +0500,yes,PKR,2299.0,0.0,0.0,2299.0,,0.0,Delivery Charges,2026-04-08 01:34:42+00:00,1,3 in 1 Handheld Vacuum Cleaner,2299.0,4599.0,TH121,True,False,fulfilled,Customer 369,XXXXXXXXXX,XXXXXXXXXX,,,Rawalpindi,'46000,,PK,XXXXXXXXXX,Customer 369,XXXXXXXXXX,XXXXXXXXXX,,,Rawalpindi,'46000,,PK,XXXXXXXXXX,Confirm,,,Cash on Delivery (COD),#TH25373.1,0.0,TRENDHUB PAKISTAN,0.0,,,,6972189343964.0,Ship NOC,Low,web,0.0,GST 16%,0.0,,,,,,,,,XXXXXXXXXX,,,,,rc3k2BWc0azqa6HaJLmnuIWQw + #TH25373.1,,,rc3k2BWc0azqa6HaJLmnuIWQw + #TH25373.1
#TH10370,customer_370@example.com,paid,2026-06-07 03:33:15 +0500,fulfilled,2026-05-28 00:39:34 +0500,no,PKR,2299.0,0.0,0.0,2299.0,,0.0,Delivery Charges,2026-05-23 05:44:32+00:00,1,3 in 1 Handheld Vacuum Cleaner,2299.0,4599.0,TH121,True,False,fulfilled,Customer 370,XXXXXXXXXX,XXXXXXXXXX,,,Multan,,,PK,XXXXXXXXXX,Customer 370,XXXXXXXXXX,XXXXXXXXXX,,,Multan,,,PK,XXXXXXXXXX,Ct,,,Cash on Delivery (COD),#TH27649.1,0.0,TRENDHUB PAKISTAN,0.0,,,,7072272056540.0,Ship NOC,Low,web,0.0,GST 16%,0.0,,,,,,,,,XXXXXXXXXX,,,,,rC0G83WrK9up0TNkhmI3mVI9Z + #TH27649.1,,,rC0G83WrK9up0TNkhmI3mVI9Z + #TH27649.1
#TH10371,customer_371@example.com,paid,2025-08-17 14:42:00 +0500,fulfilled,2025-08-04 00:30:37 +0500,yes,PKR,2999.0,0.0,0.0,2999.0,,0.0,Delivery Charges,2025-08-02 08:19:24+00:00,1,Minimalist Cordless LED Desk Lamp – Rechargeable & Dimmable Night Light,2999.0,5999.0,TH171,True,False,fulfilled,Customer 371,XXXXXXXXXX,XXXXXXXXXX,D i khan,,Dikhan ڈیرہ اسماعیل خان,,,PK,XXXXXXXXXX,Customer 371,XXXXXXXXXX,XXXXXXXXXX,D i khan,,Dikhan ڈیرہ اسماعیل خان,,,PK,XXXXXXXXXX,Confirm,,,Cash on Delivery (COD),#TH14108.2,0.0,TRENDHUB PAKISTAN,0.0,,,,6468635164892.0,Ship NOC,Low,web,0.0,GST 16%,0.0,,,,,,,,,XXXXXXXXXX,,,,,rj7r8bz0uJb1kQBiCUz6HqfBn + #TH14108.2,,,rj7r8bz0uJb1kQBiCUz6HqfBn + #TH14108.2
#TH10372,customer_372@example.com,paid,2025-11-30 02:58:00 +0500,fulfilled,2025-11-20 00:15:29 +0500,yes,PKR,4999.0,0.0,0.0,4999.0,,0.0,Delivery Charges,2025-11-18 11:20:20+00:00,1,Heavy-Duty Multi-Layer Shoe Cabinet Organizer - 6 - Layer,4999.0,9999.0,TH167,True,False,fulfilled,Customer 372,XXXXXXXXXX,XXXXXXXXXX,,,Karachi,,,PK,XXXXXXXXXX,Customer 372,XXXXXXXXXX,XXXXXXXXXX,,,Karachi,,,PK,XXXXXXXXXX,Confirm,,,Cash on Delivery (COD),#TH18150.1,0.0,TRENDHUB PAKISTAN,0.0,,,,6656192184540.0,Ship NOC,Low,web,0.0,GST 16%,0.0,,,,,,,,,XXXXXXXXXX,,,,,rQ12CNSwvQa3BSHpvL90UvgJG + #TH18150.1,,,rQ12CNSwvQa3BSHpvL90UvgJG + #TH18150.1
#TH10373,customer_373@example.com,paid,2026-01-17 12:24:37 +0500,fulfilled,2026-01-10 01:27:28 +0500,no,PKR,5199.0,0.0,0.0,5199.0,,0.0,Delivery Charges,2026-01-08 11:17:12+00:00,1,Automatic Peeler Machine,5199.0,10999.0,TH217,True,False,fulfilled,Customer 373,XXXXXXXXXX,XXXXXXXXXX,,,Rahim yaar khan,,,PK,XXXXXXXXXX,Customer 373,XXXXXXXXXX,XXXXXXXXXX,,,Rahim yaar khan,,,PK,XXXXXXXXXX,Confirm,,,Cash on Delivery (COD),#TH20187.1,0.0,TRENDHUB PAKISTAN,0.0,,,,6787834740956.0,Ship NOC,Low,web,0.0,GST 16%,0.0,,,,,,,,,XXXXXXXXXX,,,,,rn2mR5Fgrw6LAFPhpdKxwUjwt + #TH20187.1,,,rn2mR5Fgrw6LAFPhpdKxwUjwt + #TH20187.1
#TH10374,customer_374@example.com,paid,2025-11-23 03:54:24 +0500,fulfilled,2025-11-08 02:45:53 +0500,no,PKR,4299.0,0.0,0.0,4299.0,,0.0,Delivery Charges,2025-11-06 15:00:26+00:00,1,Heavy-Duty Multi-Layer Shoe Cabinet Organizer - 4 - Layer,4299.0,8399.0,TH174,True,False,fulfilled,Customer 374,XXXXXXXXXX,XXXXXXXXXX,,,Hala,,,PK,XXXXXXXXXX,Customer 374,XXXXXXXXXX,XXXXXXXXXX,,,Hala,,,PK,XXXXXXXXXX,Confirm,,,Cash on Delivery (COD),#TH17768.1,0.0,TRENDHUB PAKISTAN,0.0,,,,6634529947868.0,Ship NOC,Low,web,0.0,GST 16%,0.0,,,,,,,,,XXXXXXXXXX,,,,,r53UETqz6ffojxurq8oIZp9GN + #TH17768.1,,,r53UETqz6ffojxurq8oIZp9GN + #TH17768.1
#TH10375,customer_375@example.com,paid,2026-06-07 03:33:26 +0500,fulfilled,2026-05-28 00:37:18 +0500,yes,PKR,1199.0,0.0,0.0,1199.0,,0.0,Delivery Charges,2026-05-25 06:02:32+00:00,1,Sink Sponge Holder - Faucet Rack,1199.0,2399.0,TH61,True,False,fulfilled,Customer 375,XXXXXXXXXX,XXXXXXXXXX,200/1  32nd Street Khayaban Qasim Phase8,,Karachi,'775500,,PK,XXXXXXXXXX,Customer 375,XXXXXXXXXX,XXXXXXXXXX,200/1  32nd Street Khayaban Qasim Phase8,,Karachi,'775500,,PK,XXXXXXXXXX,Ct,,,Cash on Delivery (COD),#TH27830.1,0.0,TRENDHUB PAKISTAN,0.0,,,,7075802185948.0,Ship NOC,Low,web,0.0,GST 16%,0.0,,,,,,,,,XXXXXXXXXX,,,,,rSyLXz5hzD7KvxHCxEfSli88Z + #TH27830.1,,,rSyLXz5hzD7KvxHCxEfSli88Z + #TH27830.1
#TH10376,customer_376@example.com,paid,2026-01-04 00:47:03 +0500,fulfilled,2025-12-26 11:44:05 +0500,yes,PKR,5199.0,0.0,0.0,5199.0,,0.0,Delivery Charges,2025-12-23 15:04:03+00:00,1,Automatic Peeler Machine,5199.0,10999.0,TH217,True,False,fulfilled,Customer 376,XXXXXXXXXX,XXXXXXXXXX,House 139,Expost & import,Karachi,'77500,,PK,XXXXXXXXXX,Customer 376,XXXXXXXXXX,XXXXXXXXXX,House 139,Expost & import,Karachi,'77500,,PK,XXXXXXXXXX,Can,,,Cash on Delivery (COD),#TH19421.1,0.0,TRENDHUB PAKISTAN,0.0,,,,6759746240732.0,Ship NOC,Low,web,0.0,GST 16%,0.0,,,,,,,,,XXXXXXXXXX,,,,,rBEMMSXMiGaZ0Gcs2LgCNLUkw + #TH19421.1,,,rBEMMSXMiGaZ0Gcs2LgCNLUkw + #TH19421.1
#TH10377,customer_377@example.com,paid,2026-05-16 14:30:49 +0500,fulfilled,2026-05-02 01:10:29 +0500,yes,PKR,699.0,250.0,0.0,949.0,,0.0,Shipping Charges,2026-05-01 09:58:24+00:00,1,Kitchen Sink Splash Guard – Extra Wide Water Protection - Pack of 1,699.0,1399.0,TH232,True,False,fulfilled,Customer 377,XXXXXXXXXX,XXXXXXXXXX,,,Islamabad,,,PK,XXXXXXXXXX,Customer 377,XXXXXXXXXX,XXXXXXXXXX,,,Islamabad,,,PK,XXXXXXXXXX,Ct,,,Cash on Delivery (COD),#TH26534.1,0.0,TRENDHUB PAKISTAN,0.0,,,,7020929810652.0,Ship NOC,Low,web,0.0,GST 16%,0.0,,,,,,,,,XXXXXXXXXX,,,,,rPMeQJT45mv8I47VvRPWCbvbg + #TH26534.1,,,rPMeQJT45mv8I47VvRPWCbvbg + #TH26534.1
#TH10378,customer_378@example.com,paid,2026-02-14 15:57:59 +0500,fulfilled,2026-02-10 01:06:08 +0500,no,PKR,2199.0,0.0,0.0,2199.0,,0.0,Delivery Charges,2026-02-08 23:44:41+00:00,1,Safe Mandoline Slicer - Multi Vegetable Chopper - Multi Vegetable Chopper,2199.0,4799.0,TH72,True,False,fulfilled,Customer 378,XXXXXXXXXX,XXXXXXXXXX,,,Muridke,,,PK,XXXXXXXXXX,Customer 378,XXXXXXXXXX,XXXXXXXXXX,,,Muridke,,,PK,XXXXXXXXXX,Can,,,Cash on Delivery (COD),#TH21858.1,0.0,TRENDHUB PAKISTAN,0.0,,,,6842529382620.0,Ship NOC,Low,web,0.0,GST 16%,0.0,,,,,,,,,XXXXXXXXXX,,,,,rdtP6okbCY4qc7NaAjxYGLKpX + #TH21858.1,,,rdtP6okbCY4qc7NaAjxYGLKpX + #TH21858.1
#TH10379,customer_379@example.com,paid,2025-11-30 03:02:31 +0500,fulfilled,2025-11-20 00:10:52 +0500,yes,PKR,1199.0,0.0,0.0,1199.0,,0.0,Delivery Charges,2025-11-19 14:13:51+00:00,1,Sink Sponge Holder - Faucet Rack,1199.0,2399.0,TH61,True,False,fulfilled,Customer 379,XXXXXXXXXX,XXXXXXXXXX,,,Lahore,,,PK,XXXXXXXXXX,Customer 379,XXXXXXXXXX,XXXXXXXXXX,,,Lahore,,,PK,XXXXXXXXXX,Confirm,,,Cash on Delivery (COD),#TH18185.1,0.0,TRENDHUB PAKISTAN,0.0,,,,6658134540508.0,Ship NOC,Low,web,0.0,GST 16%,0.0,,,,,,,,,XXXXXXXXXX,,,,,rzLjdvypKzzsNEgVKougQGRPx + #TH18185.1,,,rzLjdvypKzzsNEgVKougQGRPx + #TH18185.1
#TH10380,customer_380@example.com,paid,2026-03-01 02:27:43 +0500,fulfilled,2026-02-13 01:32:11 +0500,no,PKR,4299.0,0.0,0.0,4299.0,,0.0,Delivery Charges,2026-02-12 07:47:40+00:00,1,Heavy-Duty Multi-Layer Shoe Cabinet Organizer - 4 - Layer,4299.0,8399.0,TH174,True,False,fulfilled,Customer 380,XXXXXXXXXX,XXXXXXXXXX,,,Lahore,,,PK,XXXXXXXXXX,Customer 380,XXXXXXXXXX,XXXXXXXXXX,,,Lahore,,,PK,XXXXXXXXXX,Order has been shipped via Tranzo with Tracking T0080364204849157. Can,"tranzo_courier_name: Tranzo
tranzo_courier_tracking: T0080364204849157
tranzo_courier_url: https://tranzo.pk/track-order?tn=T0080364204849157",,Cash on Delivery (COD),#TH22052.1,0.0,TRENDHUB PAKISTAN,0.0,,,,6850626748636.0,Tranzo,Low,web,0.0,GST 16%,0.0,,,,,,,,,XXXXXXXXXX,,,,,r9QGTpPsAApeU2QiM27cY5sV3 + #TH22052.1,,,r9QGTpPsAApeU2QiM27cY5sV3 + #TH22052.1
#TH10381,customer_381@example.com,paid,2026-01-04 00:42:15 +0500,fulfilled,2025-12-22 00:52:26 +0500,no,PKR,2199.0,0.0,0.0,2199.0,,0.0,Delivery Charges,2025-12-20 11:51:15+00:00,1,Safe Mandoline Slicer - Multi Vegetable Chopper - Multi Vegetable Chopper,2199.0,4799.0,TH72,True,False,fulfilled,Customer 381,XXXXXXXXXX,XXXXXXXXXX,,,Multan,,,PK,XXXXXXXXXX,Customer 381,XXXXXXXXXX,XXXXXXXXXX,,,Multan,,,PK,XXXXXXXXXX,Confirm,,,Cash on Delivery (COD),#TH19281.1,0.0,TRENDHUB PAKISTAN,0.0,,,,6753819656412.0,Ship NOC,Low,web,0.0,GST 16%,0.0,,,,,,,,,XXXXXXXXXX,,,,,rRqD9TLmxYwVGJXtOCNqAMppY + #TH19281.1,,,rRqD9TLmxYwVGJXtOCNqAMppY + #TH19281.1
#TH10382,customer_382@example.com,paid,2025-08-31 22:43:05 +0500,fulfilled,2025-08-25 00:31:42 +0500,yes,PKR,1199.0,0.0,0.0,1199.0,,0.0,Delivery Charges,2025-08-23 17:55:27+00:00,1,Sink Sponge Holder - Faucet Rack,1199.0,2399.0,TH61,True,False,fulfilled,Customer 382,XXXXXXXXXX,XXXXXXXXXX,House no 12,,Abbottabad,,,PK,XXXXXXXXXX,Customer 382,XXXXXXXXXX,XXXXXXXXXX,House no 12,,Abbottabad,,,PK,XXXXXXXXXX,Confirm,,,Cash on Delivery (COD),#TH15084.2,0.0,TRENDHUB PAKISTAN,0.0,,,,6501645943004.0,Ship NOC,Low,web,0.0,GST 16%,0.0,,,,,,,,,XXXXXXXXXX,,,,,r9bo3iQPo7T2yuUINx7D7rMQe + #TH15084.2,,,r9bo3iQPo7T2yuUINx7D7rMQe + #TH15084.2
#TH10383,customer_383@example.com,paid,2026-01-10 19:52:41 +0500,fulfilled,2026-01-01 01:11:36 +0500,no,PKR,5199.0,0.0,0.0,5199.0,,0.0,Delivery Charges,2025-12-31 04:40:08+00:00,1,Automatic Peeler Machine,5199.0,10999.0,TH217,True,False,fulfilled,Customer 383,XXXXXXXXXX,XXXXXXXXXX,,,Lahore,,,PK,XXXXXXXXXX,Customer 383,XXXXXXXXXX,XXXXXXXXXX,,,Lahore,,,PK,XXXXXXXXXX,confirmed,,,Cash on Delivery (COD),#TH19773.1,0.0,TRENDHUB PAKISTAN,0.0,,,,6773543502044.0,Ship NOC,Low,web,0.0,GST 16%,0.0,,,,,,,,,XXXXXXXXXX,,,,,rQJbSxoLrRyOk6SDe7cf6Ucao + #TH19773.1,,,rQJbSxoLrRyOk6SDe7cf6Ucao + #TH19773.1
#TH10384,customer_384@example.com,paid,2026-05-16 14:39:33 +0500,fulfilled,2026-05-11 00:15:06 +0500,no,PKR,2199.0,0.0,0.0,2199.0,,0.0,Delivery Charges,2026-05-10 05:05:50+00:00,1,Safe Mandoline Slicer - Multi Vegetable Chopper - Multi Vegetable Chopper,2199.0,4799.0,TH72,True,False,fulfilled,Customer 384,XXXXXXXXXX,XXXXXXXXXX,Islamabad,Islamabad,Islamabad,,,PK,XXXXXXXXXX,Customer 384,XXXXXXXXXX,XXXXXXXXXX,Islamabad,Islamabad,Islamabad,,,PK,XXXXXXXXXX,Ct,,,Cash on Delivery (COD),#TH26945.1,0.0,TRENDHUB PAKISTAN,0.0,,,,7040308740316.0,Ship NOC,Low,web,0.0,GST 16%,0.0,,,,,,,,,XXXXXXXXXX,,,,,rk7CM2wrSgdhHnTqgAKYvKCrJ + #TH26945.1,,,rk7CM2wrSgdhHnTqgAKYvKCrJ + #TH26945.1
#TH10385,customer_385@example.com,paid,2026-04-18 19:01:59 +0500,fulfilled,2026-04-13 02:16:41 +0500,no,PKR,1448.0,250.0,0.0,1698.0,,0.0,Shipping,2026-04-12 06:52:55+00:00,1,Kitchen Sink Splash Guard – Extra Wide Water Protection - Pack of 2,1199.0,2399.0,TH233,True,False,fulfilled,Customer 385,XXXXXXXXXX,XXXXXXXXXX,United castle Gulshan e iqbal block 10,,Karachi,,,PK,XXXXXXXXXX,Customer 385,XXXXXXXXXX,XXXXXXXXXX,United castle Gulshan e iqbal block 10,,Karachi,,,PK,XXXXXXXXXX,Coy,,,Cash on Delivery (COD),#TH25583.1,0.0,TRENDHUB PAKISTAN,0.0,,,,6983214760156.0,Ship NOC,Low,web,0.0,GST 16%,0.0,,,,,,,,,XXXXXXXXXX,,,,,r5NMvlJc0Tr6O22yqK3kL47AB + #TH25583.1,,,r5NMvlJc0Tr6O22yqK3kL47AB + #TH25583.1
#TH10386,customer_386@example.com,paid,2025-09-18 00:50:35 +0500,fulfilled,2025-09-11 00:08:15 +0500,yes,PKR,2299.0,0.0,0.0,2299.0,,0.0,Delivery Charges,2025-09-09 21:11:44+00:00,1,3 in 1 Handheld Vacuum Cleaner,2299.0,4599.0,TH121,True,False,fulfilled,Customer 386,XXXXXXXXXX,XXXXXXXXXX,Street,,Karachi,,,PK,XXXXXXXXXX,Customer 386,XXXXXXXXXX,XXXXXXXXXX,Street,,Karachi,,,PK,XXXXXXXXXX,Confirm,,,Cash on Delivery (COD),#TH15821.2,0.0,TRENDHUB PAKISTAN,0.0,,,,6528535462108.0,JD Delivery,Low,web,0.0,GST 16%,0.0,,,,,,,,,XXXXXXXXXX,,,,,rFZ6FFNPr5RId90TheSvsQzOX + #TH15821.2,,,rFZ6FFNPr5RId90TheSvsQzOX + #TH15821.2
#TH10387,customer_387@example.com,paid,2026-02-21 21:23:06 +0500,fulfilled,2026-02-10 23:15:52 +0500,yes,PKR,1199.0,0.0,0.0,1199.0,,0.0,Delivery Charges,2026-02-09 19:39:43+00:00,1,Sink Sponge Holder - Faucet Rack,1199.0,2399.0,TH61,True,False,fulfilled,Customer 387,XXXXXXXXXX,XXXXXXXXXX,,,chakwal,,,PK,XXXXXXXXXX,Customer 387,XXXXXXXXXX,XXXXXXXXXX,,,chakwal,,,PK,XXXXXXXXXX,Ct,,,Cash on Delivery (COD),#TH21923.1,0.0,TRENDHUB PAKISTAN,0.0,,,,6843771257052.0,Ship NOC,Low,web,0.0,GST 16%,0.0,,,,,,,,,XXXXXXXXXX,,,,,rTqN2sSyQUDrZZyzgePN8WVJb + #TH21923.1,,,rTqN2sSyQUDrZZyzgePN8WVJb + #TH21923.1
#TH10388,customer_388@example.com,paid,2026-03-08 05:19:28 +0500,fulfilled,2026-03-02 02:16:28 +0500,yes,PKR,2199.0,0.0,0.0,2199.0,,0.0,Delivery Charges,2026-02-28 07:07:21+00:00,1,Safe Mandoline Slicer - Multi Vegetable Chopper - Multi Vegetable Chopper,2199.0,4799.0,TH72,True,False,fulfilled,Customer 388,XXXXXXXXXX,XXXXXXXXXX,,,لاھور,'03234054301,,PK,XXXXXXXXXX,Customer 388,XXXXXXXXXX,XXXXXXXXXX,,,لاھور,'03234054301,,PK,XXXXXXXXXX,Confirm,,,Cash on Delivery (COD),#TH22942.1,0.0,TRENDHUB PAKISTAN,0.0,,,,6888438169820.0,Ship NOC,Low,web,0.0,GST 16%,0.0,,,,,,,,,XXXXXXXXXX,,,,,rkHK35VeDQF5JiPZ60CFs0ngu + #TH22942.1,,,rkHK35VeDQF5JiPZ60CFs0ngu + #TH22942.1
#TH10389,customer_389@example.com,paid,2025-11-09 19:28:47 +0500,fulfilled,2025-10-27 01:30:49 +0500,yes,PKR,1999.0,0.0,0.0,1999.0,,0.0,Delivery Charges,2025-10-25 11:27:42+00:00,1,Portable Resistance Band Sit-Up Trainer – Full Body Workout,1999.0,3999.0,TH162,True,False,fulfilled,Customer 389,XXXXXXXXXX,XXXXXXXXXX,,,Lahore,'54000,,PK,XXXXXXXXXX,Customer 389,XXXXXXXXXX,XXXXXXXXXX,,,Lahore,'54000,,PK,XXXXXXXXXX,Confirm,,,Cash on Delivery (COD),#TH17396.1,0.0,TRENDHUB PAKISTAN,0.0,,,,6615843340508.0,Ship NOC,Low,web,0.0,GST 16%,0.0,,,,,,,,,XXXXXXXXXX,,,,,rbKZbd3hu0jq4PVwZ6HfNZPaF + #TH17396.1,,,rbKZbd3hu0jq4PVwZ6HfNZPaF + #TH17396.1
#TH10390,customer_390@example.com,paid,2025-08-31 02:42:48 +0500,fulfilled,2025-08-16 00:38:02 +0500,yes,PKR,1999.0,0.0,0.0,1999.0,,0.0,Delivery Charges,2025-08-14 21:20:19+00:00,1,Portable Resistance Band Sit-Up Trainer – Full Body Workout,1999.0,3999.0,TH162,True,False,fulfilled,Customer 390,XXXXXXXXXX,XXXXXXXXXX,,,Lahore,'54660,,PK,XXXXXXXXXX,Customer 390,XXXXXXXXXX,XXXXXXXXXX,,,Lahore,'54660,,PK,XXXXXXXXXX,Confirm,,,Cash on Delivery (COD),#TH14674.2,0.0,TRENDHUB PAKISTAN,0.0,,,,6486797320412.0,Ship NOC,Low,web,0.0,GST 16%,0.0,,,,,,,,,XXXXXXXXXX,,,,,rEJENdhdrcwYfyFRiJdmcDrS7 + #TH14674.2,,,rEJENdhdrcwYfyFRiJdmcDrS7 + #TH14674.2
#TH10391,customer_391@example.com,paid,2026-03-28 19:42:49 +0500,fulfilled,2026-03-16 01:37:19 +0500,yes,PKR,999.0,250.0,0.0,1249.0,,0.0,Shipping Charges,2026-03-13 20:16:59+00:00,1,Kinoki Detox Foot Pads – Natural Foot Pain Relief Patches (10 Pack) - Pack of 10,999.0,1999.0,TH230,True,False,fulfilled,Customer 391,XXXXXXXXXX,XXXXXXXXXX,House # 666 Block J shah runek alam colony Multan,,Multa1,,,PK,XXXXXXXXXX,Customer 391,XXXXXXXXXX,XXXXXXXXXX,House # 666 Block J shah runek alam colony Multan,,Multa1,,,PK,XXXXXXXXXX,Confirm,,,Cash on Delivery (COD),#TH23811.1,0.0,TRENDHUB PAKISTAN,0.0,,,,6915967385820.0,Ship NOC,Low,web,0.0,GST 16%,0.0,,,,,,,,,XXXXXXXXXX,,,,,rNN3QGjeWdqN4uwAb2kSsfyTM + #TH23811.1,,,rNN3QGjeWdqN4uwAb2kSsfyTM + #TH23811.1
#TH10392,customer_392@example.com,paid,2026-04-18 19:07:51 +0500,fulfilled,2026-04-08 00:48:44 +0500,no,PKR,5199.0,0.0,0.0,5199.0,,0.0,Delivery Charges,2026-04-07 15:00:22+00:00,1,Automatic Peeler Machine,5199.0,10999.0,TH217,True,False,fulfilled,Customer 392,XXXXXXXXXX,XXXXXXXXXX,,,Quaita,,,PK,XXXXXXXXXX,Customer 392,XXXXXXXXXX,XXXXXXXXXX,,,Quaita,,,PK,XXXXXXXXXX,Come,,,Cash on Delivery (COD),#TH25350.1,0.0,TRENDHUB PAKISTAN,0.0,,,,6969943949532.0,Ship NOC,Low,web,0.0,GST 16%,0.0,,,,,,,,,XXXXXXXXXX,,,,,rne3JFAqcq1XJeH6jmPsDuUPa + #TH25350.1,,,rne3JFAqcq1XJeH6jmPsDuUPa + #TH25350.1
#TH10393,customer_393@example.com,paid,2026-02-12 20:32:53 +0500,fulfilled,2026-02-02 01:08:51 +0500,no,PKR,1999.0,0.0,0.0,1999.0,,0.0,Delivery Charges,2026-01-31 07:39:02+00:00,1,Portable Resistance Band Sit-Up Trainer – Full Body Workout,1999.0,3999.0,TH162,True,False,fulfilled,Customer 393,XXXXXXXXXX,XXXXXXXXXX,,,Pattoki,,,PK,XXXXXXXXXX,Customer 393,XXXXXXXXXX,XXXXXXXXXX,,,Pattoki,,,PK,XXXXXXXXXX,Ct,,,Cash on Delivery (COD),#TH21345.1,0.0,TRENDHUB PAKISTAN,0.0,,,,6828872990940.0,Ship NOC,Low,web,0.0,GST 16%,0.0,,,,,,,,,XXXXXXXXXX,,,,,r8paOI8LbqLGjgP2XfBV5aBLF + #TH21345.1,,,r8paOI8LbqLGjgP2XfBV5aBLF + #TH21345.1
#TH10394,customer_394@example.com,paid,2026-03-08 05:19:33 +0500,fulfilled,2026-03-02 02:00:57 +0500,yes,PKR,4299.0,0.0,0.0,4299.0,,0.0,Delivery Charges,2026-03-01 12:38:17+00:00,1,Heavy-Duty Multi-Layer Shoe Cabinet Organizer - 4 - Layer,4299.0,8399.0,TH174,True,False,fulfilled,Customer 394,XXXXXXXXXX,XXXXXXXXXX,,,Karachi,,,PK,XXXXXXXXXX,Customer 394,XXXXXXXXXX,XXXXXXXXXX,,,Karachi,,,PK,XXXXXXXXXX,Confirm,,,Cash on Delivery (COD),#TH23042.1,0.0,TRENDHUB PAKISTAN,0.0,,,,6890676453596.0,Ship NOC,Low,web,0.0,GST 16%,0.0,,,,,,,,,XXXXXXXXXX,,,,,rGX5JmkdVVpgHqBkMVzSbSIh5 + #TH23042.1,,,rGX5JmkdVVpgHqBkMVzSbSIh5 + #TH23042.1
#TH10395,customer_395@example.com,paid,2025-06-22 02:55:42 +0500,fulfilled,2025-06-09 15:07:30 +0500,yes,PKR,2199.0,0.0,0.0,2199.0,,0.0,Delivery Charges,2025-06-05 07:14:18+00:00,1,Safe Mandoline Slicer - Multi Vegetable Chopper - Multi Vegetable Chopper,2199.0,4799.0,TH72,True,False,fulfilled,Customer 395,XXXXXXXXXX,XXXXXXXXXX,,,Nawabshah,,,PK,XXXXXXXXXX,Customer 395,XXXXXXXXXX,XXXXXXXXXX,,,Nawabshah,,,PK,XXXXXXXXXX,Order has been shipped via PostEx with Tracking 24150530008862. ,"hxs_courier_name: PostEx
hxs_courier_tracking: 24150530008862
hxs_courier_url: https://postex.pk/tracking?cn=24150530008862
hxs_courier_label: https://merchant.postex.pk/get-invoice?trackingNumbers=24150530008862",,Cash on Delivery (COD),#TH11616.2,0.0,TRENDHUB PAKISTAN,0.0,,,,6383701786844.0,PostEx,Low,web,0.0,GST 16%,0.0,,,,,,,,,XXXXXXXXXX,,,,,rz8GYjVlDM2uiyAF1NuQljvmL + #TH11616.2,,,rz8GYjVlDM2uiyAF1NuQljvmL + #TH11616.2
#TH10396,customer_396@example.com,paid,2026-01-25 01:30:45 +0500,fulfilled,2026-01-17 00:47:31 +0500,yes,PKR,1199.0,0.0,0.0,1199.0,,0.0,Delivery Charges,2026-01-16 10:47:21+00:00,1,Sink Sponge Holder - Faucet Rack,1199.0,2399.0,TH61,True,False,fulfilled,Customer 396,XXXXXXXXXX,XXXXXXXXXX,,,Gilgit,,,PK,XXXXXXXXXX,Customer 396,XXXXXXXXXX,XXXXXXXXXX,,,Gilgit,,,PK,XXXXXXXXXX,Can,,,Cash on Delivery (COD),#TH20589.1,0.0,TRENDHUB PAKISTAN,0.0,,,,6804127908060.0,Ship NOC,Low,web,0.0,GST 16%,0.0,,,,,,,,,XXXXXXXXXX,,,,,rW9WxKk4oYt9aesFcvGjXbnex + #TH20589.1,,,rW9WxKk4oYt9aesFcvGjXbnex + #TH20589.1
#TH10397,customer_397@example.com,paid,2026-04-10 19:24:01 +0500,fulfilled,2026-03-30 00:52:19 +0500,no,PKR,3499.0,0.0,0.0,3499.0,,0.0,Delivery Charges,2026-03-29 14:37:02+00:00,1,Kitchen Countertop Storage Rack | Heavy-Duty Adjustable Microwave Organizer Stand,3499.0,5999.0,TH214,True,False,fulfilled,Customer 397,XXXXXXXXXX,XXXXXXXXXX,,,Islamabad,,,PK,XXXXXXXXXX,Customer 397,XXXXXXXXXX,XXXXXXXXXX,,,Islamabad,,,PK,XXXXXXXXXX,Ct,,,Cash on Delivery (COD),#TH24858.1,0.0,TRENDHUB PAKISTAN,0.0,,,,6949986500828.0,Ship NOC,Low,web,0.0,GST 16%,0.0,,,,,,,,,XXXXXXXXXX,,,,,rotxdAndwXDxbYbk4mwv4fbTS + #TH24858.1,,,rotxdAndwXDxbYbk4mwv4fbTS + #TH24858.1
#TH10398,customer_398@example.com,paid,2026-04-25 02:49:54 +0500,fulfilled,2026-04-20 00:42:47 +0500,no,PKR,1199.0,0.0,0.0,1199.0,,0.0,Delivery Charges,2026-04-18 17:25:52+00:00,1,Sink Sponge Holder - Faucet Rack,1199.0,2399.0,TH61,True,False,fulfilled,Customer 398,XXXXXXXXXX,XXXXXXXXXX,,,Gujrat,,,PK,XXXXXXXXXX,Customer 398,XXXXXXXXXX,XXXXXXXXXX,,,Gujrat,,,PK,XXXXXXXXXX,Confirm,,,Cash on Delivery (COD),#TH25908.1,0.0,TRENDHUB PAKISTAN,0.0,,,,6995038077148.0,Ship NOC,Low,web,0.0,GST 16%,0.0,,,,,,,,,XXXXXXXXXX,,,,,rfZjSCALWr33rn5tNjZlH7qlc + #TH25908.1,,,rfZjSCALWr33rn5tNjZlH7qlc + #TH25908.1
#TH10399,customer_399@example.com,paid,2025-09-21 01:03:23 +0500,fulfilled,2025-09-12 00:17:38 +0500,yes,PKR,4999.0,0.0,0.0,4999.0,,0.0,Delivery Charges,2025-09-11 03:09:28+00:00,1,Heavy-Duty Multi-Layer Shoe Cabinet Organizer - 6 - Layer,4999.0,9999.0,TH167,True,False,fulfilled,Customer 399,XXXXXXXXXX,XXXXXXXXXX,House no 3,,Peshawar,'44000,,PK,XXXXXXXXXX,Customer 399,XXXXXXXXXX,XXXXXXXXXX,House no 3,,Peshawar,'44000,,PK,XXXXXXXXXX,Confirm,,,Cash on Delivery (COD),#TH15874.2,0.0,TRENDHUB PAKISTAN,0.0,,,,6530248212700.0,Ship NOC,Low,web,0.0,GST 16%,0.0,,,,,,,,,XXXXXXXXXX,,,,,rcYWRefqSY5SFcQ9vKkGl5Ghc + #TH15874.2,,,rcYWRefqSY5SFcQ9vKkGl5Ghc + #TH15874.2
#TH10400,customer_400@example.com,paid,2026-02-08 01:47:44 +0500,fulfilled,2026-02-03 00:14:22 +0500,yes,PKR,1199.0,0.0,0.0,1199.0,,0.0,Delivery Charges,2026-02-02 07:21:27+00:00,1,Sink Sponge Holder - Faucet Rack,1199.0,2399.0,TH61,True,False,fulfilled,Customer 400,XXXXXXXXXX,XXXXXXXXXX,,,Karachi,,,PK,XXXXXXXXXX,Customer 400,XXXXXXXXXX,XXXXXXXXXX,,,Karachi,,,PK,XXXXXXXXXX,Can,,,Cash on Delivery (COD),#TH21467.1,0.0,TRENDHUB PAKISTAN,0.0,,,,6832185999580.0,Ship NOC,Low,web,0.0,GST 16%,0.0,,,,,,,,,XXXXXXXXXX,,,,,rKbyUT4aS0759WFm9Q4GkvMUG + #TH21467.1,,,rKbyUT4aS0759WFm9Q4GkvMUG + #TH21467.1
#TH10401,customer_401@example.com,paid,2025-08-03 01:54:43 +0500,fulfilled,2025-07-26 16:01:45 +0500,yes,PKR,4999.0,0.0,0.0,4999.0,,0.0,Delivery Charges,2025-07-24 19:26:28+00:00,1,Heavy-Duty Multi-Layer Shoe Cabinet Organizer - 6 - Layer,4999.0,9999.0,TH167,True,False,fulfilled,Customer 401,XXXXXXXXXX,XXXXXXXXXX,,,Sukkur,,,PK,XXXXXXXXXX,Customer 401,XXXXXXXXXX,XXXXXXXXXX,,,Sukkur,,,PK,XXXXXXXXXX,Confirm,,,Cash on Delivery (COD),#TH13735.2,0.0,TRENDHUB PAKISTAN,0.0,,,,6455170072796.0,Ship NOC,Low,web,0.0,GST 16%,0.0,,,,,,,,,XXXXXXXXXX,,,,,ruNU6tlFPrYhia21X8TgCSYpj + #TH13735.2,,,ruNU6tlFPrYhia21X8TgCSYpj + #TH13735.2
#TH10402,customer_402@example.com,paid,2026-01-31 22:03:48 +0500,fulfilled,2026-01-21 23:35:03 +0500,yes,PKR,4599.0,0.0,0.0,4599.0,,0.0,Delivery Charges,2026-01-21 09:42:43+00:00,1,Metal Shoe Rack with Coat Hooks – Dustproof Entryway Shoe Cabinet & Organizer - 5 - Layer,4599.0,7999.0,TH189,True,False,fulfilled,Customer 402,XXXXXXXXXX,XXXXXXXXXX,,,Multan,'66000,,PK,XXXXXXXXXX,Customer 402,XXXXXXXXXX,XXXXXXXXXX,,,Multan,'66000,,PK,XXXXXXXXXX,Can,,,Cash on Delivery (COD),#TH20828.1,0.0,TRENDHUB PAKISTAN,0.0,,,,6812042002652.0,Ship NOC,Low,web,0.0,GST 16%,0.0,,,,,,,,,XXXXXXXXXX,,,,,rxtyHHV5vrj2Tt2KtBvaYqVOZ + #TH20828.1,,,rxtyHHV5vrj2Tt2KtBvaYqVOZ + #TH20828.1
#TH10403,customer_403@example.com,paid,2026-06-07 03:33:20 +0500,fulfilled,2026-05-25 00:41:54 +0500,yes,PKR,1598.0,250.0,0.0,1848.0,,0.0,Shipping Charges,2026-05-24 08:43:45+00:00,1,Silicone Sink Faucet Splash Guard Mat – Quick Drain & Drying Organizer - Pack of 1,899.0,1999.0,TH238,True,False,fulfilled,Customer 403,XXXXXXXXXX,XXXXXXXXXX,,,Multan,'60000,,PK,XXXXXXXXXX,Customer 403,XXXXXXXXXX,XXXXXXXXXX,,,Multan,'60000,,PK,XXXXXXXXXX,Can,,,Cash on Delivery (COD),#TH27746.1,0.0,TRENDHUB PAKISTAN,0.0,,,,7074190262492.0,Ship NOC,Low,web,0.0,GST 16%,0.0,,,,,,,,,XXXXXXXXXX,,,,,r9iFxRkqtNzLPjYbBOse5dFic + #TH27746.1,,,r9iFxRkqtNzLPjYbBOse5dFic + #TH27746.1
#TH10404,customer_404@example.com,paid,2026-04-25 02:43:14 +0500,fulfilled,2026-04-13 02:19:28 +0500,no,PKR,1499.0,250.0,0.0,1749.0,,0.0,Shipping Charges,2026-04-11 13:05:56+00:00,1,Kitchen Sink Splash Guard – Extra Wide Water Protection - Pack of 3,1499.0,2999.0,TH234,True,False,fulfilled,Customer 404,XXXXXXXXXX,XXXXXXXXXX,,,Fsd,,,PK,XXXXXXXXXX,Customer 404,XXXXXXXXXX,XXXXXXXXXX,,,Fsd,,,PK,XXXXXXXXXX,Confirm,,,Cash on Delivery (COD),#TH25546.1,0.0,TRENDHUB PAKISTAN,0.0,,,,6981936414940.0,Ship NOC,Low,web,0.0,GST 16%,0.0,,,,,,,,,XXXXXXXXXX,,,,,rC3ZeAlUWgsdJnGCcesDuZmJa + #TH25546.1,,,rC3ZeAlUWgsdJnGCcesDuZmJa + #TH25546.1
#TH10405,customer_405@example.com,paid,2025-07-26 13:57:58 +0500,fulfilled,2025-07-03 00:07:58 +0500,yes,PKR,1199.0,0.0,0.0,1199.0,,0.0,Delivery Charges,2025-07-01 02:50:19+00:00,1,Sink Sponge Holder - Faucet Rack,1199.0,2399.0,TH61,True,False,fulfilled,Customer 405,XXXXXXXXXX,XXXXXXXXXX,,,Karachi,,,PK,XXXXXXXXXX,Customer 405,XXXXXXXXXX,XXXXXXXXXX,,,Karachi,,,PK,XXXXXXXXXX,Confirm,,,Cash on Delivery (COD),#TH12658.2,0.0,TRENDHUB PAKISTAN,0.0,,,,6422359081180.0,Ship NOC,Low,web,0.0,GST 16%,0.0,,,,,,,,,XXXXXXXXXX,,,,,rQgh8C6I9nUhntKYm9y2kymOx + #TH12658.2,,,rQgh8C6I9nUhntKYm9y2kymOx + #TH12658.2
#TH10406,customer_406@example.com,paid,2025-07-20 03:04:59 +0500,fulfilled,2025-07-10 01:05:31 +0500,no,PKR,2499.0,0.0,0.0,2499.0,,0.0,Delivery Charges,2025-07-09 13:54:55+00:00,1,Safe Mandoline Slicer - Multi Vegetable Chopper - 16 in 1 Vegetable Cutter,2499.0,4399.0,TH77,True,False,fulfilled,Customer 406,XXXXXXXXXX,XXXXXXXXXX,,,منڈی بہاوالدین,,,PK,XXXXXXXXXX,Customer 406,XXXXXXXXXX,XXXXXXXXXX,,,منڈی بہاوالدین,,,PK,XXXXXXXXXX,Confirm,,,Cash on Delivery (COD),#TH13022.2,0.0,TRENDHUB PAKISTAN,0.0,,,,6434716188892.0,Ship NOC,Low,web,0.0,GST 16%,0.0,,,,,,,,,XXXXXXXXXX,,,,,rcutOcILfmi8icsXyzBR8unKB + #TH13022.2,,,rcutOcILfmi8icsXyzBR8unKB + #TH13022.2
#TH10407,customer_407@example.com,paid,2026-02-21 21:23:08 +0500,fulfilled,2026-02-10 23:13:46 +0500,yes,PKR,4599.0,0.0,0.0,4599.0,,0.0,Delivery Charges,2026-02-10 11:49:08+00:00,1,Metal Shoe Rack with Coat Hooks – Dustproof Entryway Shoe Cabinet & Organizer - 5 - Layer,4599.0,7999.0,TH189,True,False,fulfilled,Customer 407,XXXXXXXXXX,XXXXXXXXXX,,,Okara,,,PK,XXXXXXXXXX,Customer 407,XXXXXXXXXX,XXXXXXXXXX,,,Okara,,,PK,XXXXXXXXXX,C,,,Cash on Delivery (COD),#TH21951.1,0.0,TRENDHUB PAKISTAN,0.0,,,,6844684796124.0,Ship NOC,Low,web,0.0,GST 16%,0.0,,,,,,,,,XXXXXXXXXX,,,,,rSLXN7v2UaH1VeeVvMxARZbzV + #TH21951.1,,,rSLXN7v2UaH1VeeVvMxARZbzV + #TH21951.1
#TH10408,customer_408@example.com,paid,2025-09-21 00:38:45 +0500,fulfilled,2025-09-12 00:07:50 +0500,yes,PKR,1999.0,0.0,0.0,1999.0,,0.0,Delivery Charges,2025-09-11 18:19:12+00:00,1,Portable Resistance Band Sit-Up Trainer – Full Body Workout,1999.0,3999.0,TH162,True,False,fulfilled,Customer 408,XXXXXXXXXX,XXXXXXXXXX,,,Karachi,,,PK,XXXXXXXXXX,Customer 408,XXXXXXXXXX,XXXXXXXXXX,,,Karachi,,,PK,XXXXXXXXXX,Confirm,,,Cash on Delivery (COD),#TH15904.2,0.0,TRENDHUB PAKISTAN,0.0,,,,6531124855004.0,JD Delivery,Low,web,0.0,GST 16%,0.0,,,,,,,,,XXXXXXXXXX,,,,,rSwBZt09btqguAa3MQEHMes7a + #TH15904.2,,,rSwBZt09btqguAa3MQEHMes7a + #TH15904.2
#TH10409,customer_409@example.com,paid,2026-04-18 19:01:35 +0500,fulfilled,2026-04-06 00:50:30 +0500,yes,PKR,1499.0,250.0,0.0,1749.0,,0.0,Shipping Charges,2026-04-03 06:43:50+00:00,1,Kitchen Sink Splash Guard – Extra Wide Water Protection - Pack of 3,1499.0,2999.0,TH234,True,False,fulfilled,Customer 409,XXXXXXXXXX,XXXXXXXXXX,,,SHEIKHUPURA,,,PK,XXXXXXXXXX,Customer 409,XXXXXXXXXX,XXXXXXXXXX,,,SHEIKHUPURA,,,PK,XXXXXXXXXX,Ct,,,Cash on Delivery (COD),#TH25130.1,0.0,TRENDHUB PAKISTAN,0.0,,,,6962361991388.0,Ship NOC,Low,web,0.0,GST 16%,0.0,,,,,,,,,XXXXXXXXXX,,,,,rI1xGGPyYEt4E6f3bszZyonS7 + #TH25130.1,,,rI1xGGPyYEt4E6f3bszZyonS7 + #TH25130.1
#TH10410,customer_410@example.com,paid,2026-01-04 00:44:49 +0500,fulfilled,2025-12-22 00:53:12 +0500,yes,PKR,1199.0,0.0,0.0,1199.0,,0.0,Delivery Charges,2025-12-20 09:56:04+00:00,1,Sink Sponge Holder - Faucet Rack,1199.0,2399.0,TH61,True,False,fulfilled,Customer 410,XXXXXXXXXX,XXXXXXXXXX,,,Lahore,'56000,,PK,XXXXXXXXXX,Customer 410,XXXXXXXXXX,XXXXXXXXXX,,,Lahore,'56000,,PK,XXXXXXXXXX,Confirm,,,Cash on Delivery (COD),#TH19276.1,0.0,TRENDHUB PAKISTAN,0.0,,,,6753706508508.0,Ship NOC,Low,web,0.0,GST 16%,0.0,,,,,,,,,XXXXXXXXXX,,,,,ra5I35as7FvLj8BXZrHmuxtK2 + #TH19276.1,,,ra5I35as7FvLj8BXZrHmuxtK2 + #TH19276.1
#TH10411,customer_411@example.com,paid,2025-08-24 03:40:25 +0500,fulfilled,2025-08-15 00:37:04 +0500,yes,PKR,1999.0,0.0,0.0,1999.0,,0.0,Delivery Charges,2025-08-13 13:01:05+00:00,1,Mini Electric Shaver - Pocket Size Electric Shaver for Men Women,1999.0,3999.0,TH137,True,False,fulfilled,Customer 411,XXXXXXXXXX,XXXXXXXXXX,,,Faisalabad,'38000,,PK,XXXXXXXXXX,Customer 411,XXXXXXXXXX,XXXXXXXXXX,,,Faisalabad,'38000,,PK,XXXXXXXXXX,Confirm,,,Cash on Delivery (COD),#TH14622.2,0.0,TRENDHUB PAKISTAN,0.0,,,,6484504969436.0,Ship NOC,Low,web,0.0,GST 16%,0.0,,,,,,,,,XXXXXXXXXX,,,,,r28dEvatUW8kzgzkc0OIF2Q6v + #TH14622.2,,,r28dEvatUW8kzgzkc0OIF2Q6v + #TH14622.2
#TH10412,customer_412@example.com,paid,2026-03-20 15:00:10 +0500,fulfilled,2026-03-14 00:46:16 +0500,no,PKR,1199.0,250.0,0.0,1449.0,,0.0,Shipping Charges,2026-03-13 04:31:22+00:00,1,Kitchen Sink Splash Guard – Extra Wide Water Protection - Pack of 2,1199.0,2399.0,TH233,True,False,fulfilled,Customer 412,XXXXXXXXXX,XXXXXXXXXX,House no R17,,Karachi,'0000,,PK,XXXXXXXXXX,Customer 412,XXXXXXXXXX,XXXXXXXXXX,House no R17,,Karachi,'0000,,PK,XXXXXXXXXX,Ct,,,Cash on Delivery (COD),#TH23749.1,0.0,TRENDHUB PAKISTAN,0.0,,,,6914807038172.0,Ship NOC,Low,web,0.0,GST 16%,0.0,,,,,,,,,XXXXXXXXXX,,,,,rxpwEs0P1vr3NosjSdw7jrflR + #TH23749.1,,,rxpwEs0P1vr3NosjSdw7jrflR + #TH23749.1
#TH10413,customer_413@example.com,paid,2025-10-05 05:35:18 +0500,fulfilled,2025-09-22 00:28:21 +0500,yes,PKR,1199.0,0.0,0.0,1199.0,,0.0,Delivery Charges,2025-09-19 05:45:12+00:00,1,Sink Sponge Holder - Faucet Rack,1199.0,2399.0,TH61,True,False,fulfilled,Customer 413,XXXXXXXXXX,XXXXXXXXXX,Wahadatcolony,,Gilgit,'0009,,PK,XXXXXXXXXX,Customer 413,XXXXXXXXXX,XXXXXXXXXX,Wahadatcolony,,Gilgit,'0009,,PK,XXXXXXXXXX,Confirm,,,Cash on Delivery (COD),#TH16192.1,0.0,TRENDHUB PAKISTAN,0.0,,,,6541377929436.0,Ship NOC,Low,web,0.0,GST 16%,0.0,,,,,,,,,XXXXXXXXXX,,,,,rcPNV885S3NUusyQM0XqKNgXp + #TH16192.1,,,rcPNV885S3NUusyQM0XqKNgXp + #TH16192.1
#TH10414,customer_414@example.com,paid,2026-05-01 20:21:52 +0500,fulfilled,2026-04-25 00:19:46 +0500,yes,PKR,1999.0,0.0,0.0,1999.0,,0.0,Delivery Charges,2026-04-24 07:14:54+00:00,1,Portable Resistance Band Sit-Up Trainer – Full Body Workout,1999.0,3999.0,TH162,True,False,fulfilled,Customer 414,XXXXXXXXXX,XXXXXXXXXX,,,Rawalpindi,'46000,,PK,XXXXXXXXXX,Customer 414,XXXXXXXXXX,XXXXXXXXXX,,,Rawalpindi,'46000,,PK,XXXXXXXXXX,Ct,,,Cash on Delivery (COD),#TH26189.1,0.0,TRENDHUB PAKISTAN,0.0,,,,7006879023324.0,Ship NOC,Low,web,0.0,GST 16%,0.0,,,,,,,,,XXXXXXXXXX,,,,,r2m80fuWiRMVwwdgbamcmIoVK + #TH26189.1,,,r2m80fuWiRMVwwdgbamcmIoVK + #TH26189.1
#TH10415,customer_415@example.com,paid,2025-08-17 14:40:37 +0500,fulfilled,2025-08-04 00:25:44 +0500,no,PKR,1199.0,0.0,0.0,1199.0,,0.0,Delivery Charges,2025-08-03 06:27:39+00:00,1,Sink Sponge Holder - Faucet Rack,1199.0,2399.0,TH61,True,False,fulfilled,Customer 415,XXXXXXXXXX,XXXXXXXXXX,,,Lahore,,,PK,XXXXXXXXXX,Customer 415,XXXXXXXXXX,XXXXXXXXXX,,,Lahore,,,PK,XXXXXXXXXX,Confirm,,,Cash on Delivery (COD),#TH14152.2,0.0,TRENDHUB PAKISTAN,0.0,,,,6469934547164.0,Ship NOC,Low,web,0.0,GST 16%,0.0,,,,,,,,,XXXXXXXXXX,,,,,rg7WuBUmGTZUVwkNBLWnKeuNV + #TH14152.2,,,rg7WuBUmGTZUVwkNBLWnKeuNV + #TH14152.2
#TH10416,customer_416@example.com,paid,2025-10-26 15:35:51 +0500,fulfilled,2025-10-20 02:02:49 +0500,yes,PKR,4598.0,0.0,0.0,4598.0,,0.0,Delivery Charges,2025-10-18 06:52:02+00:00,2,3 in 1 Handheld Vacuum Cleaner,2299.0,4599.0,TH121,True,False,fulfilled,Customer 416,XXXXXXXXXX,XXXXXXXXXX,,,Peshawar,,,PK,XXXXXXXXXX,Customer 416,XXXXXXXXXX,XXXXXXXXXX,,,Peshawar,,,PK,XXXXXXXXXX,Come,,,Cash on Delivery (COD),#TH17148.1,0.0,TRENDHUB PAKISTAN,0.0,,,,6595601498332.0,Ship NOC,Low,web,0.0,GST 16%,0.0,,,,,,,,,XXXXXXXXXX,,,,,r28gqkRoRGTozF6faAa8i9CJ1 + #TH17148.1,,,r28gqkRoRGTozF6faAa8i9CJ1 + #TH17148.1
#TH10417,customer_417@example.com,paid,2025-12-14 03:15:11 +0500,fulfilled,2025-12-06 00:45:56 +0500,yes,PKR,2398.0,0.0,0.0,2398.0,,0.0,Delivery Charges,2025-12-05 08:22:05+00:00,2,Sink Sponge Holder - Faucet Rack,1199.0,2399.0,TH61,True,False,fulfilled,Customer 417,XXXXXXXXXX,XXXXXXXXXX,,,Gujranwala,,,PK,XXXXXXXXXX,Customer 417,XXXXXXXXXX,XXXXXXXXXX,,,Gujranwala,,,PK,XXXXXXXXXX,Confirm,,,Cash on Delivery (COD),#TH18707.1,0.0,TRENDHUB PAKISTAN,0.0,,,,6723179053276.0,Ship NOC,Low,web,0.0,GST 16%,0.0,,,,,,,,,XXXXXXXXXX,,,,,rxuIUQn2KUKCQ6EN7VJVwBKtD + #TH18707.1,,,rxuIUQn2KUKCQ6EN7VJVwBKtD + #TH18707.1
#TH10418,customer_418@example.com,paid,2025-12-21 02:42:24 +0500,fulfilled,2025-12-15 01:25:49 +0500,yes,PKR,1199.0,0.0,0.0,1199.0,,0.0,Delivery Charges,2025-12-13 13:56:39+00:00,1,Sink Sponge Holder - Faucet Rack,1199.0,2399.0,TH61,True,False,fulfilled,Customer 418,XXXXXXXXXX,XXXXXXXXXX,I-9 markaz,,Islamabad,'44000,,PK,XXXXXXXXXX,Customer 418,XXXXXXXXXX,XXXXXXXXXX,I-9 markaz,,Islamabad,'44000,,PK,XXXXXXXXXX,Confirm,,,Cash on Delivery (COD),#TH19002.1,0.0,TRENDHUB PAKISTAN,0.0,,,,6739604832476.0,Ship NOC,Low,web,0.0,GST 16%,0.0,,,,,,,,,XXXXXXXXXX,,,,,rYm0wAzhDJruGXaFwVT4Z7SS1 + #TH19002.1,,,rYm0wAzhDJruGXaFwVT4Z7SS1 + #TH19002.1
#TH10419,customer_419@example.com,paid,2026-01-04 00:41:18 +0500,fulfilled,2025-12-23 23:07:41 +0500,no,PKR,5199.0,0.0,0.0,5199.0,,0.0,Free Delivery,2025-12-23 09:54:53+00:00,1,Automatic Peeler Machine,5199.0,10999.0,TH217,True,False,fulfilled,Customer 419,XXXXXXXXXX,XXXXXXXXXX,,,Kohat KDA fez 2 scter3 house no 47,,,PK,XXXXXXXXXX,Customer 419,XXXXXXXXXX,XXXXXXXXXX,,,Kohat KDA fez 2 scter3 house no 47,,,PK,XXXXXXXXXX,Confirm,,,Cash on Delivery (COD),#TH19406.1,0.0,TRENDHUB PAKISTAN,0.0,,,,6759425376476.0,Ship NOC,Low,web,0.0,GST 16%,0.0,,,,,,,,,XXXXXXXXXX,,,,,rxWSw5eZKvrpVA9atHQZzMnKM + #TH19406.1,,,rxWSw5eZKvrpVA9atHQZzMnKM + #TH19406.1
#TH10420,customer_420@example.com,paid,2026-02-21 21:23:05 +0500,fulfilled,2026-02-10 01:03:26 +0500,yes,PKR,2299.0,0.0,0.0,2299.0,,0.0,Delivery Charges,2026-02-09 07:49:50+00:00,1,3 in 1 Handheld Vacuum Cleaner,2299.0,4599.0,TH121,True,False,fulfilled,Customer 420,XXXXXXXXXX,XXXXXXXXXX,,,Multan,,,PK,XXXXXXXXXX,Customer 420,XXXXXXXXXX,XXXXXXXXXX,,,Multan,,,PK,XXXXXXXXXX,Ct,,,Cash on Delivery (COD),#TH21882.1,0.0,TRENDHUB PAKISTAN,0.0,,,,6842936230108.0,Ship NOC,Low,web,0.0,GST 16%,0.0,,,,,,,,,XXXXXXXXXX,,,,,rzM0zNxtHd4gM30ssojimWMqu + #TH21882.1,,,rzM0zNxtHd4gM30ssojimWMqu + #TH21882.1
#TH10421,customer_421@example.com,paid,2026-05-16 14:30:48 +0500,fulfilled,2026-05-01 00:40:56 +0500,yes,PKR,2299.0,0.0,0.0,2299.0,,0.0,Delivery Charges,2026-04-30 04:14:18+00:00,1,3 in 1 Handheld Vacuum Cleaner,2299.0,4599.0,TH121,True,False,fulfilled,Customer 421,XXXXXXXXXX,XXXXXXXXXX,,,Karachi,,,PK,XXXXXXXXXX,Customer 421,XXXXXXXXXX,XXXXXXXXXX,,,Karachi,,,PK,XXXXXXXXXX,Can,,,Cash on Delivery (COD),#TH26478.1,0.0,TRENDHUB PAKISTAN,0.0,,,,7018565664988.0,Ship NOC,Low,web,0.0,GST 16%,0.0,,,,,,,,,XXXXXXXXXX,,,,,rXWSuyfMor8FW4r58QdTjPmyx + #TH26478.1,,,rXWSuyfMor8FW4r58QdTjPmyx + #TH26478.1
#TH10422,customer_422@example.com,paid,2026-04-18 19:07:55 +0500,fulfilled,2026-04-10 00:41:03 +0500,yes,PKR,1799.0,250.0,0.0,2049.0,,0.0,Shipping Charges,2026-04-09 11:54:04+00:00,1,Kinoki Detox Foot Pads – Natural Foot Pain Relief Patches (10 Pack) - Pack of 20,1799.0,3599.0,TH231,True,False,fulfilled,Customer 422,XXXXXXXXXX,XXXXXXXXXX,,,Kasur,,,PK,XXXXXXXXXX,Customer 422,XXXXXXXXXX,XXXXXXXXXX,,,Kasur,,,PK,XXXXXXXXXX,Come,,,Cash on Delivery (COD),#TH25448.1,0.0,TRENDHUB PAKISTAN,0.0,,,,6976899186908.0,Ship NOC,Low,web,0.0,GST 16%,0.0,,,,,,,,,XXXXXXXXXX,,,,,rq8RtB0M6NutFASJNzHxNrxcq + #TH25448.1,,,rq8RtB0M6NutFASJNzHxNrxcq + #TH25448.1
#TH10423,customer_423@example.com,paid,2026-05-23 18:00:30 +0500,fulfilled,2026-05-06 23:37:16 +0500,yes,PKR,5499.0,0.0,0.0,5499.0,,0.0,Delivery Charges,2026-05-06 08:30:20+00:00,1,Portable High-Pressure Washer Gun,5499.0,9999.0,TH221,True,False,fulfilled,Customer 423,XXXXXXXXXX,XXXXXXXXXX,Near summandari road,,Faisalabad,'38000,,PK,XXXXXXXXXX,Customer 423,XXXXXXXXXX,XXXXXXXXXX,Near summandari road,,Faisalabad,'38000,,PK,XXXXXXXXXX,C,,,Cash on Delivery (COD),#TH26748.1,0.0,TRENDHUB PAKISTAN,0.0,,,,7031745183964.0,Ship NOC,Low,web,0.0,GST 16%,0.0,,,,,,,,,XXXXXXXXXX,,,,,rdMJVYoykZYOEHYpIUoZydwOU + #TH26748.1,,,rdMJVYoykZYOEHYpIUoZydwOU + #TH26748.1
#TH10424,customer_424@example.com,paid,2025-11-16 01:36:53 +0500,fulfilled,2025-11-11 00:56:19 +0500,yes,PKR,1199.0,0.0,0.0,1199.0,,0.0,Delivery Charges,2025-11-10 17:54:05+00:00,1,Sink Sponge Holder - Faucet Rack,1199.0,2399.0,TH61,True,False,fulfilled,Customer 424,XXXXXXXXXX,XXXXXXXXXX,,,Islamabad,,,PK,XXXXXXXXXX,Customer 424,XXXXXXXXXX,XXXXXXXXXX,,,Islamabad,,,PK,XXXXXXXXXX,Confirm,,,Cash on Delivery (COD),#TH17890.1,0.0,TRENDHUB PAKISTAN,0.0,,,,6641565008092.0,Ship NOC,Low,web,0.0,GST 16%,0.0,,,,,,,,,XXXXXXXXXX,,,,,rLMNifV7tcgu0b8cOY10RVzFm + #TH17890.1,,,rLMNifV7tcgu0b8cOY10RVzFm + #TH17890.1
#TH10425,customer_425@example.com,paid,2025-12-21 02:32:00 +0500,fulfilled,2025-12-06 00:45:57 +0500,yes,PKR,2199.0,0.0,0.0,2199.0,,0.0,Delivery Charges,2025-12-05 08:01:52+00:00,1,Safe Mandoline Slicer - Multi Vegetable Chopper - Multi Vegetable Chopper,2199.0,4799.0,TH72,True,False,fulfilled,Customer 425,XXXXXXXXXX,XXXXXXXXXX,Sialkot,,Sialkot,,,PK,XXXXXXXXXX,Customer 425,XXXXXXXXXX,XXXXXXXXXX,Sialkot,,Sialkot,,,PK,XXXXXXXXXX,Confirm,,,Cash on Delivery (COD),#TH18706.1,0.0,TRENDHUB PAKISTAN,0.0,,,,6723146907868.0,Ship NOC,Low,web,0.0,GST 16%,0.0,,,,,,,,,XXXXXXXXXX,,,,,rGzOvb8uxcmjerxweVWFaucVi + #TH18706.1,,,rGzOvb8uxcmjerxweVWFaucVi + #TH18706.1
#TH10426,customer_426@example.com,paid,2025-08-24 03:29:27 +0500,fulfilled,2025-08-12 00:28:57 +0500,no,PKR,2299.0,0.0,0.0,2299.0,,0.0,Delivery Charges,2025-08-11 11:42:49+00:00,1,3 in 1 Handheld Vacuum Cleaner,2299.0,4599.0,TH121,True,False,fulfilled,Customer 426,XXXXXXXXXX,XXXXXXXXXX,,,Lahore,,,PK,XXXXXXXXXX,Customer 426,XXXXXXXXXX,XXXXXXXXXX,,,Lahore,,,PK,XXXXXXXXXX,Confirm,,,Cash on Delivery (COD),#TH14509.2,0.0,TRENDHUB PAKISTAN,0.0,,,,6481549492444.0,Ship NOC,Low,web,0.0,GST 16%,0.0,,,,,,,,,XXXXXXXXXX,,,,,rlnJIlsWqpjoAsA55yfxbt2Ul + #TH14509.2,,,rlnJIlsWqpjoAsA55yfxbt2Ul + #TH14509.2
#TH10427,customer_427@example.com,paid,2026-05-03 14:28:31 +0500,fulfilled,2026-04-28 00:33:16 +0500,yes,PKR,3497.0,250.0,0.0,3747.0,,0.0,Shipping Charges,2026-04-26 21:11:18+00:00,1,Silicone Sink Faucet Splash Guard Mat – Quick Drain & Drying Organizer - Pack of 1,899.0,1999.0,TH238,True,False,fulfilled,Customer 427,XXXXXXXXXX,XXXXXXXXXX,,,Karachi,'12345,,PK,XXXXXXXXXX,Customer 427,XXXXXXXXXX,XXXXXXXXXX,,,Karachi,'12345,,PK,XXXXXXXXXX,Cy,,,Cash on Delivery (COD),#TH26338.1,0.0,TRENDHUB PAKISTAN,0.0,,,,7011861004508.0,Ship NOC,Low,web,0.0,GST 16%,0.0,,,,,,,,,XXXXXXXXXX,,,,,rL8Ru3UhJAzkJNEJSb2yr0vV6 + #TH26338.1,,,rL8Ru3UhJAzkJNEJSb2yr0vV6 + #TH26338.1
#TH10428,customer_428@example.com,paid,2025-12-07 15:39:01 +0500,fulfilled,2025-11-30 23:43:50 +0500,no,PKR,3499.0,0.0,0.0,3499.0,,0.0,Delivery Charges,2025-11-30 09:17:21+00:00,1,Kitchen Countertop Storage Rack | Heavy-Duty Adjustable Microwave Organizer Stand,3499.0,5999.0,TH214,True,False,fulfilled,Customer 428,XXXXXXXXXX,XXXXXXXXXX,Banglow,,"Peshawar City,",'25000,,PK,XXXXXXXXXX,Customer 428,XXXXXXXXXX,XXXXXXXXXX,Banglow,,"Peshawar City,",'25000,,PK,XXXXXXXXXX,Confirm,,,Cash on Delivery (COD),#TH18564.1,0.0,TRENDHUB PAKISTAN,0.0,,,,6712115232988.0,Ship NOC,Low,web,0.0,GST 16%,0.0,,,,,,,,,XXXXXXXXXX,,,,,rekXUTD0wkHkBiMeC55qfMSm3 + #TH18564.1,,,rekXUTD0wkHkBiMeC55qfMSm3 + #TH18564.1
#TH10429,customer_429@example.com,paid,2026-01-17 12:23:28 +0500,fulfilled,2026-01-03 02:05:25 +0500,no,PKR,3499.0,0.0,0.0,3499.0,,0.0,Delivery Charges,2026-01-01 14:39:08+00:00,1,Kitchen Countertop Storage Rack | Heavy-Duty Adjustable Microwave Organizer Stand,3499.0,5999.0,TH214,True,False,fulfilled,Customer 429,XXXXXXXXXX,XXXXXXXXXX,,,Mardan,,,PK,XXXXXXXXXX,Customer 429,XXXXXXXXXX,XXXXXXXXXX,,,Mardan,,,PK,XXXXXXXXXX,Can,,,Cash on Delivery (COD),#TH19845.1,0.0,TRENDHUB PAKISTAN,0.0,,,,6775667327196.0,Ship NOC,Low,web,0.0,GST 16%,0.0,,,,,,,,,XXXXXXXXXX,,,,,r1PDIE6bHyt0io1nYoryoa9tc + #TH19845.1,,,r1PDIE6bHyt0io1nYoryoa9tc + #TH19845.1
#TH10430,customer_430@example.com,paid,2025-07-20 02:29:52 +0500,fulfilled,2025-07-07 00:46:41 +0500,yes,PKR,4499.0,0.0,0.0,4499.0,,0.0,,2025-07-06 08:04:40+00:00,1,Heavy-Duty Multi-Layer Shoe Cabinet Organizer - 5 - Layer,4499.0,8999.0,TH166,False,False,fulfilled,Customer 430,XXXXXXXXXX,XXXXXXXXXX,,Asia Petroleum Limited,Karachi,'75600,,PK,XXXXXXXXXX,Customer 430,XXXXXXXXXX,XXXXXXXXXX,,,,,,,XXXXXXXXXX,Confirm,,,Cash on Delivery (COD),#TH12860.2,0.0,TRENDHUB PAKISTAN,0.0,,,,6430076829916.0,Ship NOC,Low,web,0.0,GST 16%,0.0,,,,,,,,,XXXXXXXXXX,,,,,rGfcyuva5vVRONpQ9Qv5kQFg9 + #TH12860.2,,,rGfcyuva5vVRONpQ9Qv5kQFg9 + #TH12860.2
#TH10431,customer_431@example.com,paid,2026-01-17 12:28:06 +0500,fulfilled,2026-01-09 02:05:24 +0500,no,PKR,4599.0,0.0,0.0,4599.0,,0.0,Delivery Charges,2026-01-08 11:11:47+00:00,1,Metal Shoe Rack with Coat Hooks – Dustproof Entryway Shoe Cabinet & Organizer - 5 - Layer,4599.0,7999.0,TH189,True,False,fulfilled,Customer 431,XXXXXXXXXX,XXXXXXXXXX,,,Dera Ismail Khan,'03467852955,,PK,XXXXXXXXXX,Customer 431,XXXXXXXXXX,XXXXXXXXXX,,,Dera Ismail Khan,'03467852955,,PK,XXXXXXXXXX,Cy,,,Cash on Delivery (COD),#TH20185.1,0.0,TRENDHUB PAKISTAN,0.0,,,,6787829989596.0,Ship NOC,Low,web,0.0,GST 16%,0.0,,,,,,,,,XXXXXXXXXX,,,,,rBF15QV4a8XGrKFlAuptOYN4u + #TH20185.1,,,rBF15QV4a8XGrKFlAuptOYN4u + #TH20185.1
#TH10432,customer_432@example.com,paid,2025-08-17 15:00:46 +0500,fulfilled,2025-08-04 00:26:34 +0500,yes,PKR,1199.0,0.0,0.0,1199.0,,0.0,Delivery Charges,2025-08-02 22:40:12+00:00,1,Sink Sponge Holder - Faucet Rack,1199.0,2399.0,TH61,True,False,fulfilled,Customer 432,XXXXXXXXXX,XXXXXXXXXX,,,Rawalpindi,,,PK,XXXXXXXXXX,Customer 432,XXXXXXXXXX,XXXXXXXXXX,,,Rawalpindi,,,PK,XXXXXXXXXX,Confirm,,,Cash on Delivery (COD),#TH14143.2,0.0,TRENDHUB PAKISTAN,0.0,,,,6469565055196.0,Ship NOC,Low,web,0.0,GST 16%,0.0,,,,,,,,,XXXXXXXXXX,,,,,r7BP713m7nqvF9nmdJ1QFcsUP + #TH14143.2,,,r7BP713m7nqvF9nmdJ1QFcsUP + #TH14143.2
#TH10433,customer_433@example.com,paid,2026-02-05 01:41:58 +0500,fulfilled,2026-01-29 01:13:21 +0500,yes,PKR,4299.0,0.0,0.0,4299.0,,0.0,Delivery Charges,2026-01-28 02:32:24+00:00,1,Heavy-Duty Multi-Layer Shoe Cabinet Organizer - 4 - Layer,4299.0,8399.0,TH174,True,False,fulfilled,Customer 433,XXXXXXXXXX,XXXXXXXXXX,Masjid quba,,Wah Cantt.,'47010,,PK,XXXXXXXXXX,Customer 433,XXXXXXXXXX,XXXXXXXXXX,Masjid quba,,Wah Cantt.,'47010,,PK,XXXXXXXXXX,Can,,,Cash on Delivery (COD),#TH21171.1,0.0,TRENDHUB PAKISTAN,0.0,,,,6823502872796.0,Ship NOC,Low,web,0.0,GST 16%,0.0,,,,,,,,,XXXXXXXXXX,,,,,r8OCbvHpv79BJmcZi8oY9uavB + #TH21171.1,,,r8OCbvHpv79BJmcZi8oY9uavB + #TH21171.1
#TH10434,customer_434@example.com,paid,2026-01-31 22:08:30 +0500,fulfilled,2026-01-20 00:09:54 +0500,yes,PKR,3499.0,0.0,0.0,3499.0,,0.0,Delivery Charges,2026-01-18 12:23:27+00:00,1,Kitchen Countertop Storage Rack | Heavy-Duty Adjustable Microwave Organizer Stand,3499.0,5999.0,TH214,True,False,fulfilled,Customer 434,XXXXXXXXXX,XXXXXXXXXX,,,Bhera,'40540,,PK,XXXXXXXXXX,Customer 434,XXXXXXXXXX,XXXXXXXXXX,,,Bhera,'40540,,PK,XXXXXXXXXX,Can,,,Cash on Delivery (COD),#TH20675.1,0.0,TRENDHUB PAKISTAN,0.0,,,,6807375675612.0,Ship NOC,Low,web,0.0,GST 16%,0.0,,,,,,,,,XXXXXXXXXX,,,,,rOEodXZqJKXJsxph9ZBeiT0K3 + #TH20675.1,,,rOEodXZqJKXJsxph9ZBeiT0K3 + #TH20675.1
#TH10435,customer_435@example.com,paid,2025-12-07 15:39:07 +0500,fulfilled,2025-11-24 00:16:07 +0500,yes,PKR,2199.0,0.0,0.0,2199.0,,0.0,Delivery Charges,2025-11-22 09:39:58+00:00,1,Safe Mandoline Slicer - Multi Vegetable Chopper - Multi Vegetable Chopper,2199.0,4799.0,TH72,True,False,fulfilled,Customer 435,XXXXXXXXXX,XXXXXXXXXX,Haji Habib Ullah Street,,Sialkot,'51303,,PK,XXXXXXXXXX,Customer 435,XXXXXXXXXX,XXXXXXXXXX,Haji Habib Ullah Street,,Sialkot,'51303,,PK,XXXXXXXXXX,Confirm,,,Cash on Delivery (COD),#TH18282.1,0.0,TRENDHUB PAKISTAN,0.0,,,,6669799489756.0,Ship NOC,Low,web,0.0,GST 16%,0.0,,,,,,,,,XXXXXXXXXX,,,,,rhVGzwHCGZFfZsqScwsBgtB93 + #TH18282.1,,,rhVGzwHCGZFfZsqScwsBgtB93 + #TH18282.1
#TH10436,customer_436@example.com,paid,2025-12-21 02:31:29 +0500,fulfilled,2025-12-11 00:19:19 +0500,no,PKR,2199.0,0.0,0.0,2199.0,,0.0,Delivery Charges,2025-12-10 08:27:02+00:00,1,Safe Mandoline Slicer - Multi Vegetable Chopper - Multi Vegetable Chopper,2199.0,4799.0,TH72,True,False,fulfilled,Customer 436,XXXXXXXXXX,XXXXXXXXXX,,,Faisalabad,,,PK,XXXXXXXXXX,Customer 436,XXXXXXXXXX,XXXXXXXXXX,,,Faisalabad,,,PK,XXXXXXXXXX,Confirm,,,Cash on Delivery (COD),#TH18896.1,0.0,TRENDHUB PAKISTAN,0.0,,,,6733100286172.0,Ship NOC,Low,web,0.0,GST 16%,0.0,,,,,,,,,XXXXXXXXXX,,,,,rnu1kVHMBMa9jjlLq83iRfCLX + #TH18896.1,,,rnu1kVHMBMa9jjlLq83iRfCLX + #TH18896.1
#TH10437,customer_437@example.com,paid,2026-02-20 01:20:15 +0500,fulfilled,2026-02-10 23:26:08 +0500,yes,PKR,1999.0,0.0,0.0,1999.0,,0.0,Delivery Charges,2026-02-10 03:59:12+00:00,1,Portable Resistance Band Sit-Up Trainer – Full Body Workout,1999.0,3999.0,TH162,True,False,fulfilled,Customer 437,XXXXXXXXXX,XXXXXXXXXX,"Building # 27c, Apartment #03 , St# 12badar Commercial Dha Phase 5",,Karachi,,,PK,XXXXXXXXXX,Customer 437,XXXXXXXXXX,XXXXXXXXXX,"Building # 27c, Apartment #03 , St# 12badar Commercial Dha Phase 5",,Karachi,,,PK,XXXXXXXXXX,Order has been shipped via Tranzo with Tracking T0080364587346201. Can,"tranzo_courier_name: Tranzo
tranzo_courier_tracking: T0080364587346201
tranzo_courier_url: https://tranzo.pk/track-order?tn=T0080364587346201",,Cash on Delivery (COD),#TH21931.1,0.0,TRENDHUB PAKISTAN,0.0,,,,6844291940572.0,Tranzo,Low,web,0.0,GST 16%,0.0,,,,,,,,,XXXXXXXXXX,,,,,reR82CdhpIteWf7NqO0UE94NI + #TH21931.1,,,reR82CdhpIteWf7NqO0UE94NI + #TH21931.1
#TH10438,customer_438@example.com,paid,2026-03-12 15:03:33 +0500,fulfilled,2026-02-23 01:52:46 +0500,no,PKR,2199.0,0.0,0.0,2199.0,,0.0,Delivery Charges,2026-02-21 07:46:54+00:00,1,Safe Mandoline Slicer - Multi Vegetable Chopper - Multi Vegetable Chopper,2199.0,4799.0,TH72,True,False,fulfilled,Customer 438,XXXXXXXXXX,XXXXXXXXXX,,,Lahore,,,PK,XXXXXXXXXX,Customer 438,XXXXXXXXXX,XXXXXXXXXX,,,Lahore,,,PK,XXXXXXXXXX,Order has been shipped via Tranzo with Tracking T0080362522376758. Ct,"tranzo_courier_name: Tranzo
tranzo_courier_tracking: T0080362522376758
tranzo_courier_url: https://tranzo.pk/track-order?tn=T0080362522376758",,Cash on Delivery (COD),#TH22535.1,0.0,TRENDHUB PAKISTAN,0.0,,,,6877415833820.0,Tranzo,Low,web,0.0,GST 16%,0.0,,,,,,,,,XXXXXXXXXX,,,,,rNo7BCGVetyJDmGK6cG51fbok + #TH22535.1,,,rNo7BCGVetyJDmGK6cG51fbok + #TH22535.1
#TH10439,customer_439@example.com,paid,2026-02-08 01:47:41 +0500,fulfilled,2026-02-02 01:12:57 +0500,yes,PKR,2199.0,0.0,0.0,2199.0,,0.0,Delivery Charges,2026-01-31 03:25:26+00:00,1,Safe Mandoline Slicer - Multi Vegetable Chopper - Multi Vegetable Chopper,2199.0,4799.0,TH72,True,False,fulfilled,Customer 439,XXXXXXXXXX,XXXXXXXXXX,Office,Office,Sargodha,'0483,,PK,XXXXXXXXXX,Customer 439,XXXXXXXXXX,XXXXXXXXXX,Office,Office,Sargodha,'0483,,PK,XXXXXXXXXX,Can,,,Cash on Delivery (COD),#TH21327.1,0.0,TRENDHUB PAKISTAN,0.0,,,,6828664389852.0,Ship NOC,Low,web,0.0,GST 16%,0.0,,,,,,,,,XXXXXXXXXX,,,,,rs9FvHHQmEfgudz4XDHsoLZrD + #TH21327.1,,,rs9FvHHQmEfgudz4XDHsoLZrD + #TH21327.1
#TH10440,customer_440@example.com,paid,2026-03-12 15:17:47 +0500,fulfilled,2026-03-03 01:44:28 +0500,yes,PKR,2199.0,0.0,0.0,2199.0,,0.0,Delivery Charges,2026-03-02 09:59:53+00:00,1,Safe Mandoline Slicer - Multi Vegetable Chopper - Multi Vegetable Chopper,2199.0,4799.0,TH72,True,False,fulfilled,Customer 440,XXXXXXXXXX,XXXXXXXXXX,,,Lahore,,,PK,XXXXXXXXXX,Customer 440,XXXXXXXXXX,XXXXXXXXXX,,,Lahore,,,PK,XXXXXXXXXX,Can,,,Cash on Delivery (COD),#TH23111.1,0.0,TRENDHUB PAKISTAN,0.0,,,,6893210927324.0,Ship NOC,Low,web,0.0,GST 16%,0.0,,,,,,,,,XXXXXXXXXX,,,,,riNuUF0jGbvaDrnAwa76CXxnq + #TH23111.1,,,riNuUF0jGbvaDrnAwa76CXxnq + #TH23111.1
#TH10441,customer_441@example.com,paid,2026-04-18 19:01:35 +0500,fulfilled,2026-04-06 00:51:09 +0500,yes,PKR,2299.0,0.0,0.0,2299.0,,0.0,Delivery Charges,2026-04-03 06:25:44+00:00,1,3 in 1 Handheld Vacuum Cleaner,2299.0,4599.0,TH121,True,False,fulfilled,Customer 441,XXXXXXXXXX,XXXXXXXXXX,Dullu Khurd Froz Pur Road 26 Lahore,,Lahore,,,PK,XXXXXXXXXX,Customer 441,XXXXXXXXXX,XXXXXXXXXX,Dullu Khurd Froz Pur Road 26 Lahore,,Lahore,,,PK,XXXXXXXXXX,Ct,,,Cash on Delivery (COD),#TH25127.1,0.0,TRENDHUB PAKISTAN,0.0,,,,6962348884188.0,Ship NOC,Low,web,0.0,GST 16%,0.0,,,,,,,,,XXXXXXXXXX,,,,,r1B2YlXtMdhuCcdgft4zh5aee + #TH25127.1,,,r1B2YlXtMdhuCcdgft4zh5aee + #TH25127.1
#TH10442,customer_442@example.com,paid,2025-11-30 02:58:57 +0500,fulfilled,2025-11-17 01:33:22 +0500,yes,PKR,4599.01,0.0,0.0,4599.01,,0.0,Delivery Charges,2025-11-14 03:40:46+00:00,1,Metal Shoe Rack with Coat Hooks – Dustproof Entryway Shoe Cabinet & Organizer - 5 - Layer,4599.01,7999.0,TH189,True,False,fulfilled,Customer 442,XXXXXXXXXX,XXXXXXXXXX,,,Gujranwala,'055,,PK,XXXXXXXXXX,Customer 442,XXXXXXXXXX,XXXXXXXXXX,,,Gujranwala,'055,,PK,XXXXXXXXXX,Confirm,,,Cash on Delivery (COD),#TH17988.1,0.0,TRENDHUB PAKISTAN,0.0,,,,6647456071900.0,Ship NOC,Low,web,0.0,GST 16%,0.0,,,,,,,,,XXXXXXXXXX,,,,,rkiPTQTag4RagLA0QXtjz57zi + #TH17988.1,,,rkiPTQTag4RagLA0QXtjz57zi + #TH17988.1
#TH10443,customer_443@example.com,paid,2026-03-14 15:30:36 +0500,fulfilled,2026-03-09 02:06:32 +0500,no,PKR,2299.0,0.0,0.0,2299.0,,0.0,Delivery Charges,2026-03-07 19:12:15+00:00,1,3 in 1 Handheld Vacuum Cleaner,2299.0,4599.0,TH121,True,False,fulfilled,Customer 443,XXXXXXXXXX,XXXXXXXXXX,03212369294,,karachi,,,PK,XXXXXXXXXX,Customer 443,XXXXXXXXXX,XXXXXXXXXX,03212369294,,karachi,,,PK,XXXXXXXXXX,Ct,,,Cash on Delivery (COD),#TH23408.1,0.0,TRENDHUB PAKISTAN,0.0,,,,6905442631900.0,Ship NOC,Low,web,0.0,GST 16%,0.0,,,,,,,,,XXXXXXXXXX,,,,,rBFLnREowBD8tH38zATLGchnL + #TH23408.1,,,rBFLnREowBD8tH38zATLGchnL + #TH23408.1
#TH10444,customer_444@example.com,paid,2026-06-07 03:48:01 +0500,fulfilled,2026-05-30 01:16:07 +0500,yes,PKR,1199.0,0.0,0.0,1199.0,,0.0,Delivery Charges,2026-05-27 20:08:45+00:00,1,Sink Sponge Holder - Faucet Rack,1199.0,2399.0,TH61,True,False,fulfilled,Customer 444,XXXXXXXXXX,XXXXXXXXXX,,,Lahore,,,PK,XXXXXXXXXX,Customer 444,XXXXXXXXXX,XXXXXXXXXX,,,Lahore,,,PK,XXXXXXXXXX,CThe,,,Cash on Delivery (COD),#TH28037.1,0.0,TRENDHUB PAKISTAN,0.0,,,,7082110714076.0,Ship NOC,Low,web,0.0,GST 16%,0.0,,,,,,,,,XXXXXXXXXX,,,,,rvJe7xX9Kb8KXXKIdBrpm7Fxy + #TH28037.1,,,rvJe7xX9Kb8KXXKIdBrpm7Fxy + #TH28037.1
#TH10445,customer_445@example.com,paid,2026-06-07 03:33:19 +0500,fulfilled,2026-05-25 00:43:26 +0500,yes,PKR,4099.0,0.0,0.0,4099.0,,0.0,Delivery Charges,2026-05-24 07:29:23+00:00,1,Automatic Peeler Machine,4099.0,9999.0,TH217,True,False,fulfilled,Customer 445,XXXXXXXXXX,XXXXXXXXXX,Peeling machine,,Faisalabad,'3800,,PK,XXXXXXXXXX,Customer 445,XXXXXXXXXX,XXXXXXXXXX,Peeling machine,,Faisalabad,'3800,,PK,XXXXXXXXXX,Can,,,Cash on Delivery (COD),#TH27739.1,0.0,TRENDHUB PAKISTAN,0.0,,,,7074109587676.0,Ship NOC,Low,web,0.0,GST 16%,0.0,,,,,,,,,XXXXXXXXXX,,,,,r1tYCoaQz42H0b8jnO4oXUpRy + #TH27739.1,,,r1tYCoaQz42H0b8jnO4oXUpRy + #TH27739.1
#TH10446,customer_446@example.com,paid,2026-04-25 02:43:33 +0500,fulfilled,2026-04-17 00:19:45 +0500,yes,PKR,2299.0,0.0,0.0,2299.0,,0.0,Delivery Charges,2026-04-15 21:39:27+00:00,1,3 in 1 Handheld Vacuum Cleaner,2299.0,4599.0,TH121,True,False,fulfilled,Customer 446,XXXXXXXXXX,XXXXXXXXXX,Near ChaseUp Mini Marts,,Gulshan_hadeed_karachi,,,PK,XXXXXXXXXX,Customer 446,XXXXXXXXXX,XXXXXXXXXX,Near ChaseUp Mini Marts,,Gulshan_hadeed_karachi,,,PK,XXXXXXXXXX,Come,,,Cash on Delivery (COD),#TH25795.1,0.0,TRENDHUB PAKISTAN,0.0,,,,6989674741980.0,Ship NOC,Low,web,0.0,GST 16%,0.0,,,,,,,,,XXXXXXXXXX,,,,,rZsNiUMncteJe8kWNty3RDnHx + #TH25795.1,,,rZsNiUMncteJe8kWNty3RDnHx + #TH25795.1
#TH10447,customer_447@example.com,paid,2025-08-17 14:45:32 +0500,fulfilled,2025-08-06 00:57:06 +0500,yes,PKR,2299.0,0.0,0.0,2299.0,,0.0,Delivery Charges,2025-08-04 22:50:08+00:00,1,3 in 1 Handheld Vacuum Cleaner,2299.0,4599.0,TH121,True,False,fulfilled,Customer 447,XXXXXXXXXX,XXXXXXXXXX,Shan Mosque,,Lahore,'05450,,PK,XXXXXXXXXX,Customer 447,XXXXXXXXXX,XXXXXXXXXX,Shan Mosque,,Lahore,'05450,,PK,XXXXXXXXXX,Confirm,,,Cash on Delivery (COD),#TH14240.2,0.0,TRENDHUB PAKISTAN,0.0,,,,6472273658076.0,Ship NOC,Low,web,0.0,GST 16%,0.0,,,,,,,,,XXXXXXXXXX,,,,,rtSQvGvZ7G3tK27W8fDNTYM91 + #TH14240.2,,,rtSQvGvZ7G3tK27W8fDNTYM91 + #TH14240.2
#TH10448,customer_448@example.com,paid,2026-01-25 01:29:35 +0500,fulfilled,2026-01-10 01:23:44 +0500,yes,PKR,4599.0,0.0,0.0,4599.0,,0.0,Delivery Charges,2026-01-09 11:03:53+00:00,1,Metal Shoe Rack with Coat Hooks – Dustproof Entryway Shoe Cabinet & Organizer - 5 - Layer,4599.0,7999.0,TH189,True,False,fulfilled,Customer 448,XXXXXXXXXX,XXXXXXXXXX,"Shah Zaree Markaz, Grain Market Bhalwal",,Bhalwal,,,PK,XXXXXXXXXX,Customer 448,XXXXXXXXXX,XXXXXXXXXX,"Shah Zaree Markaz, Grain Market Bhalwal",,Bhalwal,,,PK,XXXXXXXXXX,Can,,,Cash on Delivery (COD),#TH20239.1,0.0,TRENDHUB PAKISTAN,0.0,,,,6789403443420.0,Ship NOC,Low,web,0.0,GST 16%,0.0,,,,,,,,,XXXXXXXXXX,,,,,roZTZQ9kvCGAfNsfBpOWOXMvR + #TH20239.1,,,roZTZQ9kvCGAfNsfBpOWOXMvR + #TH20239.1
#TH10449,customer_449@example.com,paid,2025-09-28 12:55:36 +0500,fulfilled,2025-09-23 00:30:42 +0500,no,PKR,1199.0,0.0,0.0,1199.0,,0.0,Delivery Charges,2025-09-22 08:28:16+00:00,1,Sink Sponge Holder - Faucet Rack,1199.0,2399.0,TH61,True,False,fulfilled,Customer 449,XXXXXXXXXX,XXXXXXXXXX,,,karachi,,,PK,XXXXXXXXXX,Customer 449,XXXXXXXXXX,XXXXXXXXXX,,,karachi,,,PK,XXXXXXXXXX,Confirm,,,Cash on Delivery (COD),#TH16295.1,0.0,TRENDHUB PAKISTAN,0.0,,,,6545398628572.0,Ship NOC,Low,web,0.0,GST 16%,0.0,,,,,,,,,XXXXXXXXXX,,,,,rr3RfMlbmBqvG8CAb1iDhB65P + #TH16295.1,,,rr3RfMlbmBqvG8CAb1iDhB65P + #TH16295.1
#TH10450,customer_450@example.com,paid,2026-02-05 01:42:01 +0500,fulfilled,2026-01-29 01:09:34 +0500,yes,PKR,2199.0,0.0,0.0,2199.0,,0.0,Delivery Charges,2026-01-28 14:21:21+00:00,1,Safe Mandoline Slicer - Multi Vegetable Chopper - Multi Vegetable Chopper,2199.0,4799.0,TH72,True,False,fulfilled,Customer 450,XXXXXXXXXX,XXXXXXXXXX,,,Nowshera,,,PK,XXXXXXXXXX,Customer 450,XXXXXXXXXX,XXXXXXXXXX,,,Nowshera,,,PK,XXXXXXXXXX,Can,,,Cash on Delivery (COD),#TH21204.1,0.0,TRENDHUB PAKISTAN,0.0,,,,6824167702748.0,Ship NOC,Low,web,0.0,GST 16%,0.0,,,,,,,,,XXXXXXXXXX,,,,,r212C2U5CcUOKDIbZdigDfkqs + #TH21204.1,,,r212C2U5CcUOKDIbZdigDfkqs + #TH21204.1
#TH10451,customer_451@example.com,paid,2025-06-29 02:28:10 +0500,fulfilled,2025-06-23 01:11:26 +0500,no,PKR,4198.0,0.0,0.0,4198.0,,0.0,Delivery Charges,2025-06-22 11:37:46+00:00,1,3 in 1 Handheld Vacuum Cleaner,2299.0,4599.0,TH121,True,False,fulfilled,Customer 451,XXXXXXXXXX,XXXXXXXXXX,,,Multan,'66000,,PK,XXXXXXXXXX,Customer 451,XXXXXXXXXX,XXXXXXXXXX,,,Multan,'66000,,PK,XXXXXXXXXX,,,,Cash on Delivery (COD),#TH12326.2,0.0,TRENDHUB PAKISTAN,0.0,,,,6410878812380.0,"Ship NOC, ✅ Order Confirmed",Low,web,0.0,GST 16%,0.0,,,,,,,,,XXXXXXXXXX,,,,,ruzB0Ke1sn3MID1r4WQRtxyMZ + #TH12326.2,,,ruzB0Ke1sn3MID1r4WQRtxyMZ + #TH12326.2
#TH10452,customer_452@example.com,paid,2026-01-17 12:24:06 +0500,fulfilled,2026-01-05 00:23:38 +0500,no,PKR,5199.0,0.0,0.0,5199.0,,0.0,Delivery Charges,2026-01-04 12:47:10+00:00,1,Automatic Peeler Machine,5199.0,10999.0,TH217,True,False,fulfilled,Customer 452,XXXXXXXXXX,XXXXXXXXXX,,,Timergara,,,PK,XXXXXXXXXX,Customer 452,XXXXXXXXXX,XXXXXXXXXX,,,Timergara,,,PK,XXXXXXXXXX,Can,,,Cash on Delivery (COD),#TH19991.1,0.0,TRENDHUB PAKISTAN,0.0,,,,6781149839580.0,Ship NOC,Low,web,0.0,GST 16%,0.0,,,,,,,,,XXXXXXXXXX,,,,,rC5FN6CW13BCRpOmXPOABog8W + #TH19991.1,,,rC5FN6CW13BCRpOmXPOABog8W + #TH19991.1
#TH10453,customer_453@example.com,paid,2026-01-04 00:45:09 +0500,fulfilled,2025-12-22 00:53:28 +0500,no,PKR,4599.01,0.0,0.0,4599.01,,0.0,Delivery Charges,2025-12-19 23:39:52+00:00,1,Metal Shoe Rack with Coat Hooks – Dustproof Entryway Shoe Cabinet & Organizer - 5 - Layer,4599.01,7999.0,TH189,True,False,fulfilled,Customer 453,XXXXXXXXXX,XXXXXXXXXX,,A.K. medical lab,Lahore,'54000,,PK,XXXXXXXXXX,Customer 453,XXXXXXXXXX,XXXXXXXXXX,,A.K. medical lab,Lahore,'54000,,PK,XXXXXXXXXX,Confirm,,,Cash on Delivery (COD),#TH19258.1,0.0,TRENDHUB PAKISTAN,0.0,,,,6753040433372.0,Ship NOC,Low,web,0.0,GST 16%,0.0,,,,,,,,,XXXXXXXXXX,,,,,rdvyfjXOjouU2qYLkgivgIV7e + #TH19258.1,,,rdvyfjXOjouU2qYLkgivgIV7e + #TH19258.1
#TH10454,customer_454@example.com,paid,2026-01-17 12:33:18 +0500,fulfilled,2026-01-13 01:55:15 +0500,yes,PKR,2199.0,0.0,0.0,2199.0,,0.0,Delivery Charges,2026-01-12 05:54:07+00:00,1,Safe Mandoline Slicer - Multi Vegetable Chopper - Multi Vegetable Chopper,2199.0,4799.0,TH72,True,False,fulfilled,Customer 454,XXXXXXXXXX,XXXXXXXXXX,Near - Munir cotton factory,,Bahawalpur,,,PK,XXXXXXXXXX,Customer 454,XXXXXXXXXX,XXXXXXXXXX,Near - Munir cotton factory,,Bahawalpur,,,PK,XXXXXXXXXX,Confirm,,,Cash on Delivery (COD),#TH20363.1,0.0,TRENDHUB PAKISTAN,0.0,,,,6794175971548.0,Ship NOC,Low,web,0.0,GST 16%,0.0,,,,,,,,,XXXXXXXXXX,,,,,rQlsHlYFeYqVIuvKSUQZ1MvcH + #TH20363.1,,,rQlsHlYFeYqVIuvKSUQZ1MvcH + #TH20363.1
#TH10455,customer_455@example.com,paid,2025-08-10 01:07:10 +0500,fulfilled,2025-07-18 01:01:46 +0500,yes,PKR,2299.0,0.0,0.0,2299.0,,0.0,Delivery Charges,2025-07-17 01:14:47+00:00,1,3 in 1 Handheld Vacuum Cleaner,2299.0,4599.0,TH121,True,False,fulfilled,Customer 455,XXXXXXXXXX,XXXXXXXXXX,,,راولپنڈی,,,PK,XXXXXXXXXX,Customer 455,XXXXXXXXXX,XXXXXXXXXX,,,راولپنڈی,,,PK,XXXXXXXXXX,Confirm,,,Cash on Delivery (COD),#TH13336.2,0.0,TRENDHUB PAKISTAN,0.0,,,,6444596855004.0,Ship NOC,Low,web,0.0,GST 16%,0.0,,,,,,,,,XXXXXXXXXX,,,,,rGBpNvL1lNcGLNIPl0UHJHpve + #TH13336.2,,,rGBpNvL1lNcGLNIPl0UHJHpve + #TH13336.2
#TH10456,customer_456@example.com,paid,2026-05-01 20:21:22 +0500,fulfilled,2026-04-20 00:39:26 +0500,yes,PKR,5499.0,0.0,0.0,5499.0,,0.0,Delivery Charges,2026-04-19 09:15:49+00:00,1,Portable High-Pressure Washer Gun,5499.0,9999.0,TH221,True,False,fulfilled,Customer 456,XXXXXXXXXX,XXXXXXXXXX,Near--haji Latif marriage Haal,,Lahore,'03074681879,,PK,XXXXXXXXXX,Customer 456,XXXXXXXXXX,XXXXXXXXXX,Near--haji Latif marriage Haal,,Lahore,'03074681879,,PK,XXXXXXXXXX,Confirm,,,Cash on Delivery (COD),#TH25948.1,0.0,TRENDHUB PAKISTAN,0.0,,,,6996037042396.0,Ship NOC,Low,web,0.0,GST 16%,0.0,,,,,,,,,XXXXXXXXXX,,,,,rCMniwJOeXS9NwaM3qojwL6vC + #TH25948.1,,,rCMniwJOeXS9NwaM3qojwL6vC + #TH25948.1
#TH10457,customer_457@example.com,paid,2025-12-07 15:26:48 +0500,fulfilled,2025-11-21 00:05:20 +0500,yes,PKR,2299.0,0.0,0.0,2299.0,,0.0,Delivery Charges,2025-11-20 02:09:28+00:00,1,3 in 1 Handheld Vacuum Cleaner,2299.0,4599.0,TH121,True,False,fulfilled,Customer 457,XXXXXXXXXX,XXXXXXXXXX,,,Dir,,,PK,XXXXXXXXXX,Customer 457,XXXXXXXXXX,XXXXXXXXXX,,,Dir,,,PK,XXXXXXXXXX,Confirm,,,Cash on Delivery (COD),#TH18199.1,0.0,TRENDHUB PAKISTAN,0.0,,,,6659296723164.0,Ship NOC,Low,web,0.0,GST 16%,0.0,,,,,,,,,XXXXXXXXXX,,,,,rr1Ngz4aQM1AFmvxrLpbBLSYL + #TH18199.1,,,rr1Ngz4aQM1AFmvxrLpbBLSYL + #TH18199.1
#TH10458,customer_458@example.com,paid,2026-01-10 19:45:18 +0500,fulfilled,2025-12-28 23:31:42 +0500,no,PKR,1199.0,0.0,0.0,1199.0,,0.0,Delivery Charges,2025-12-27 14:57:02+00:00,1,Sink Sponge Holder - Faucet Rack,1199.0,2399.0,TH61,True,False,fulfilled,Customer 458,XXXXXXXXXX,XXXXXXXXXX,Fazaia colony Islamabad expressway,Zaib Kamran,Islamabad,,,PK,XXXXXXXXXX,Customer 458,XXXXXXXXXX,XXXXXXXXXX,Fazaia colony Islamabad expressway,Zaib Kamran,Islamabad,,,PK,XXXXXXXXXX,Confirm,,,Cash on Delivery (COD),#TH19609.1,0.0,TRENDHUB PAKISTAN,0.0,,,,6767258140892.0,Ship NOC,Low,web,0.0,GST 16%,0.0,,,,,,,,,XXXXXXXXXX,,,,,rvYvTZzmOKM1qdZcm7yMNOH3k + #TH19609.1,,,rvYvTZzmOKM1qdZcm7yMNOH3k + #TH19609.1
#TH10459,customer_459@example.com,paid,2026-03-20 14:59:48 +0500,fulfilled,2026-03-09 02:06:09 +0500,yes,PKR,1199.0,0.0,0.0,1199.0,,0.0,Delivery Charges,2026-03-08 03:38:19+00:00,1,Sink Sponge Holder - Faucet Rack,1199.0,2399.0,TH61,True,False,fulfilled,Customer 459,XXXXXXXXXX,XXXXXXXXXX,Near-- Taxila Meusum,,Taxila/ Rawalpindi,,,PK,XXXXXXXXXX,Customer 459,XXXXXXXXXX,XXXXXXXXXX,Near-- Taxila Meusum,,Taxila/ Rawalpindi,,,PK,XXXXXXXXXX,Confirm,,,Cash on Delivery (COD),#TH23423.1,0.0,TRENDHUB PAKISTAN,0.0,,,,6906073710812.0,Ship NOC,Low,web,0.0,GST 16%,0.0,,,,,,,,,XXXXXXXXXX,,,,,r5dsE0Sg5rRInKPgChd3qlX4f + #TH23423.1,,,r5dsE0Sg5rRInKPgChd3qlX4f + #TH23423.1
#TH10460,customer_460@example.com,paid,2025-07-20 03:08:25 +0500,fulfilled,2025-07-04 00:53:17 +0500,no,PKR,2199.0,0.0,0.0,2199.0,,0.0,Delivery Charges,2025-07-02 16:59:44+00:00,1,Safe Mandoline Slicer - Multi Vegetable Chopper - Multi Vegetable Chopper,2199.0,4799.0,TH72,True,False,fulfilled,Customer 460,XXXXXXXXXX,XXXXXXXXXX,,,Daska,,,PK,XXXXXXXXXX,Customer 460,XXXXXXXXXX,XXXXXXXXXX,,,Daska,,,PK,XXXXXXXXXX,Confirm,,,Cash on Delivery (COD),#TH12726.2,0.0,TRENDHUB PAKISTAN,0.0,,,,6425142460636.0,Ship NOC,Low,web,0.0,GST 16%,0.0,,,,,,,,,XXXXXXXXXX,,,,,rzdVvHXGNgrdGJRLLwBgmcl2t + #TH12726.2,,,rzdVvHXGNgrdGJRLLwBgmcl2t + #TH12726.2
#TH10461,customer_461@example.com,paid,2026-03-14 15:30:35 +0500,fulfilled,2026-03-09 02:09:20 +0500,no,PKR,2299.0,0.0,0.0,2299.0,,0.0,Delivery Charges,2026-03-07 03:23:49+00:00,1,3 in 1 Handheld Vacuum Cleaner,2299.0,4599.0,TH121,True,False,fulfilled,Customer 461,XXXXXXXXXX,XXXXXXXXXX,,SIGNATICS,Islamabad,'44000,,PK,XXXXXXXXXX,Customer 461,XXXXXXXXXX,XXXXXXXXXX,,SIGNATICS,Islamabad,'44000,,PK,XXXXXXXXXX,Confirm,,,Cash on Delivery (COD),#TH23374.1,0.0,TRENDHUB PAKISTAN,0.0,,,,6904328126684.0,Ship NOC,Low,web,0.0,GST 16%,0.0,,,,,,,,,XXXXXXXXXX,,,,,rvYiOLK2xKh6OZPu21wXqbEs4 + #TH23374.1,,,rvYiOLK2xKh6OZPu21wXqbEs4 + #TH23374.1
#TH10462,customer_462@example.com,paid,2026-03-01 02:27:44 +0500,fulfilled,2026-02-13 01:32:01 +0500,no,PKR,2199.0,0.0,0.0,2199.0,,0.0,Delivery Charges,2026-02-12 11:12:14+00:00,1,Safe Mandoline Slicer - Multi Vegetable Chopper - Multi Vegetable Chopper,2199.0,4799.0,TH72,True,False,fulfilled,Customer 462,XXXXXXXXXX,XXXXXXXXXX,Near-munshi masjid bobi plaza,,Lahore,,,PK,XXXXXXXXXX,Customer 462,XXXXXXXXXX,XXXXXXXXXX,Near-munshi masjid bobi plaza,,Lahore,,,PK,XXXXXXXXXX,Order has been shipped via Tranzo with Tracking T0080364104958030. Ct,"tranzo_courier_name: Tranzo
tranzo_courier_tracking: T0080364104958030
tranzo_courier_url: https://tranzo.pk/track-order?tn=T0080364104958030",,Cash on Delivery (COD),#TH22061.1,0.0,TRENDHUB PAKISTAN,0.0,,,,6850818670812.0,Tranzo,Low,web,0.0,GST 16%,0.0,,,,,,,,,XXXXXXXXXX,,,,,rxqs0iKOhFPG88wOQmvSY7FHk + #TH22061.1,,,rxqs0iKOhFPG88wOQmvSY7FHk + #TH22061.1
#TH10463,customer_463@example.com,paid,2025-09-21 00:53:56 +0500,fulfilled,2025-09-12 00:15:31 +0500,yes,PKR,1199.0,0.0,0.0,1199.0,,0.0,Delivery Charges,2025-09-11 15:00:27+00:00,1,Sink Sponge Holder - Faucet Rack,1199.0,2399.0,TH61,True,False,fulfilled,Customer 463,XXXXXXXXXX,XXXXXXXXXX,,rana umair,Multan,'061,,PK,XXXXXXXXXX,Customer 463,XXXXXXXXXX,XXXXXXXXXX,,rana umair,Multan,'061,,PK,XXXXXXXXXX,Confirm,,,Cash on Delivery (COD),#TH15893.2,0.0,TRENDHUB PAKISTAN,0.0,,,,6530881781980.0,Ship NOC,Low,web,0.0,GST 16%,0.0,,,,,,,,,XXXXXXXXXX,,,,,ro6OwQj0LE4hAlK5PNFkvQKqc + #TH15893.2,,,ro6OwQj0LE4hAlK5PNFkvQKqc + #TH15893.2
#TH10464,customer_464@example.com,paid,2026-02-09 19:52:39 +0500,fulfilled,2026-02-06 01:10:01 +0500,no,PKR,2299.0,0.0,0.0,2299.0,,0.0,Delivery Charges,2026-02-05 13:56:48+00:00,1,3 in 1 Handheld Vacuum Cleaner,2299.0,4599.0,TH121,True,False,fulfilled,Customer 464,XXXXXXXXXX,XXXXXXXXXX,,,Karachi,'75400,,PK,XXXXXXXXXX,Customer 464,XXXXXXXXXX,XXXXXXXXXX,,,Karachi,'75400,,PK,XXXXXXXXXX,Order has been shipped via Tranzo with Tracking T0080305260685955. Confirm,"tranzo_courier_name: Tranzo
tranzo_courier_tracking: T0080305260685955
tranzo_courier_url: https://tranzo.pk/track-order?tn=T0080305260685955",,Cash on Delivery (COD),#TH21672.1,0.0,TRENDHUB PAKISTAN,0.0,,,,6837265105116.0,Tranzo,Low,web,0.0,GST 16%,0.0,,,,,,,,,XXXXXXXXXX,,,,,ry09UPiaQI7Zz0iBmpaZr9GJp + #TH21672.1,,,ry09UPiaQI7Zz0iBmpaZr9GJp + #TH21672.1
#TH10465,customer_465@example.com,paid,2025-08-31 02:41:59 +0500,fulfilled,2025-08-23 03:10:02 +0500,no,PKR,1999.0,0.0,0.0,1999.0,,0.0,Delivery Charges,2025-08-21 08:05:29+00:00,1,Portable Resistance Band Sit-Up Trainer – Full Body Workout,1999.0,3999.0,TH162,True,False,fulfilled,Customer 465,XXXXXXXXXX,XXXXXXXXXX,,,lahore,'54000,,PK,XXXXXXXXXX,Customer 465,XXXXXXXXXX,XXXXXXXXXX,,,lahore,'54000,,PK,XXXXXXXXXX,Confirm,,,Cash on Delivery (COD),#TH14980.2,0.0,TRENDHUB PAKISTAN,0.0,,,,6498370519260.0,Ship NOC,Low,web,0.0,GST 16%,0.0,,,,,,,,,XXXXXXXXXX,,,,,rJqKK29kpwdxftCVwL7HWwPqT + #TH14980.2,,,rJqKK29kpwdxftCVwL7HWwPqT + #TH14980.2
#TH10466,customer_466@example.com,paid,2025-08-24 03:39:11 +0500,fulfilled,2025-08-15 00:36:07 +0500,yes,PKR,2199.0,0.0,0.0,2199.0,,0.0,Delivery Charges,2025-08-13 15:23:34+00:00,1,Safe Mandoline Slicer - Multi Vegetable Chopper - Multi Vegetable Chopper,2199.0,4799.0,TH72,True,False,fulfilled,Customer 466,XXXXXXXXXX,XXXXXXXXXX,,,Peshawar,,,PK,XXXXXXXXXX,Customer 466,XXXXXXXXXX,XXXXXXXXXX,,,Peshawar,,,PK,XXXXXXXXXX,Confirm,,,Cash on Delivery (COD),#TH14632.2,0.0,TRENDHUB PAKISTAN,0.0,,,,6484830290140.0,Ship NOC,Low,web,0.0,GST 16%,0.0,,,,,,,,,XXXXXXXXXX,,,,,rruuhVrEuuDc79SqGK7y3kT6B + #TH14632.2,,,rruuhVrEuuDc79SqGK7y3kT6B + #TH14632.2
#TH10467,customer_467@example.com,paid,2026-04-18 19:08:06 +0500,fulfilled,2026-04-13 02:15:42 +0500,no,PKR,1898.0,250.0,0.0,2148.0,,0.0,Shipping,2026-04-12 15:24:10+00:00,1,Kitchen Sink Splash Guard – Extra Wide Water Protection - Pack of 1,699.0,1399.0,TH232,True,False,fulfilled,Customer 467,XXXXXXXXXX,XXXXXXXXXX,Muhla jahangeerbaad,,Chakwal,'48800,,PK,XXXXXXXXXX,Customer 467,XXXXXXXXXX,XXXXXXXXXX,Muhla jahangeerbaad,,Chakwal,'48800,,PK,XXXXXXXXXX,Come,,,Cash on Delivery (COD),#TH25611.1,0.0,TRENDHUB PAKISTAN,0.0,,,,6983811170524.0,Ship NOC,Low,web,0.0,GST 16%,0.0,,,,,,,,,XXXXXXXXXX,,,,,r1D1ZTRLWDNBXxRdDlPuxv913 + #TH25611.1,,,r1D1ZTRLWDNBXxRdDlPuxv913 + #TH25611.1
#TH10468,customer_468@example.com,paid,2025-08-17 14:42:13 +0500,fulfilled,2025-08-04 00:30:53 +0500,yes,PKR,2299.0,0.0,0.0,2299.0,,0.0,Delivery Charges,2025-08-02 06:25:50+00:00,1,3 in 1 Handheld Vacuum Cleaner,2299.0,4599.0,TH121,True,False,fulfilled,Customer 468,XXXXXXXXXX,XXXXXXXXXX,,,Lahore,'54660,,PK,XXXXXXXXXX,Customer 468,XXXXXXXXXX,XXXXXXXXXX,,,Lahore,'54660,,PK,XXXXXXXXXX,Confirm,,,Cash on Delivery (COD),#TH14097.2,0.0,TRENDHUB PAKISTAN,0.0,,,,6468543054044.0,Ship NOC,Low,web,0.0,GST 16%,0.0,,,,,,,,,XXXXXXXXXX,,,,,rRYiGpbuQoUn4Zl0W6sGxJZE1 + #TH14097.2,,,rRYiGpbuQoUn4Zl0W6sGxJZE1 + #TH14097.2
#TH10469,customer_469@example.com,paid,2025-08-10 01:08:46 +0500,fulfilled,2025-07-29 00:32:47 +0500,yes,PKR,1999.0,0.0,0.0,1999.0,,0.0,Delivery Charges,2025-07-28 03:56:45+00:00,1,Portable Resistance Band Sit-Up Trainer – Full Body Workout,1999.0,3999.0,TH162,True,False,fulfilled,Customer 469,XXXXXXXXXX,XXXXXXXXXX,21/3 Birdwood Road lahore,,Lahore,'54000,,PK,XXXXXXXXXX,Customer 469,XXXXXXXXXX,XXXXXXXXXX,21/3 Birdwood Road lahore,,Lahore,'54000,,PK,XXXXXXXXXX,Confirm,,,Cash on Delivery (COD),#TH13893.2,0.0,TRENDHUB PAKISTAN,0.0,,,,6460047196380.0,Ship NOC,Low,web,0.0,GST 16%,0.0,,,,,,,,,XXXXXXXXXX,,,,,rOafGlyocQ56cSmLEZ98IvAaK + #TH13893.2,,,rOafGlyocQ56cSmLEZ98IvAaK + #TH13893.2
#TH10470,customer_470@example.com,paid,2025-11-16 01:26:11 +0500,fulfilled,2025-11-08 02:44:33 +0500,no,PKR,2199.0,0.0,0.0,2199.0,,0.0,Delivery Charges,2025-11-07 10:34:38+00:00,1,Safe Mandoline Slicer - Multi Vegetable Chopper - Multi Vegetable Chopper,2199.0,4799.0,TH72,True,False,fulfilled,Customer 470,XXXXXXXXXX,XXXXXXXXXX,,,Phalia,,,PK,XXXXXXXXXX,Customer 470,XXXXXXXXXX,XXXXXXXXXX,,,Phalia,,,PK,XXXXXXXXXX,Confirm,,,Cash on Delivery (COD),#TH17788.1,0.0,TRENDHUB PAKISTAN,0.0,,,,6635807506652.0,Ship NOC,Low,web,0.0,GST 16%,0.0,,,,,,,,,XXXXXXXXXX,,,,,r6uDt3dJHGKPBzrwpOS8HPpfH + #TH17788.1,,,r6uDt3dJHGKPBzrwpOS8HPpfH + #TH17788.1
#TH10471,customer_471@example.com,paid,2026-02-12 20:20:29 +0500,fulfilled,2026-02-09 00:11:03 +0500,no,PKR,2199.0,0.0,0.0,2199.0,,0.0,Delivery Charges,2026-02-07 00:50:14+00:00,1,Safe Mandoline Slicer - Multi Vegetable Chopper - Multi Vegetable Chopper,2199.0,4799.0,TH72,True,False,fulfilled,Customer 471,XXXXXXXXXX,XXXXXXXXXX,Bungalow,,Karachi,7540P,,PK,XXXXXXXXXX,Customer 471,XXXXXXXXXX,XXXXXXXXXX,Bungalow,,Karachi,7540P,,PK,XXXXXXXXXX,Order has been shipped via Tranzo with Tracking T0080346674015843. Confirm,"tranzo_courier_name: Tranzo
tranzo_courier_tracking: T0080346674015843
tranzo_courier_url: https://tranzo.pk/track-order?tn=T0080346674015843",,Cash on Delivery (COD),#TH21753.1,0.0,TRENDHUB PAKISTAN,0.0,,,,6839601889500.0,Tranzo,Low,web,0.0,GST 16%,0.0,,,,,,,,,XXXXXXXXXX,,,,,r7CKMzNoT8VBPgvvsZYcvBbTB + #TH21753.1,,,r7CKMzNoT8VBPgvvsZYcvBbTB + #TH21753.1
#TH10472,customer_472@example.com,paid,2026-02-12 20:33:02 +0500,fulfilled,2026-02-03 00:14:09 +0500,no,PKR,4599.0,0.0,0.0,4599.0,,0.0,Delivery Charges,2026-02-02 07:46:28+00:00,1,Metal Shoe Rack with Coat Hooks – Dustproof Entryway Shoe Cabinet & Organizer - 5 - Layer,4599.0,7999.0,TH189,True,False,fulfilled,Customer 472,XXXXXXXXXX,XXXXXXXXXX,,,Sialkot,,,PK,XXXXXXXXXX,Customer 472,XXXXXXXXXX,XXXXXXXXXX,,,Sialkot,,,PK,XXXXXXXXXX,Can,,,Cash on Delivery (COD),#TH21470.1,0.0,TRENDHUB PAKISTAN,0.0,,,,6832205955292.0,Ship NOC,Low,web,0.0,GST 16%,0.0,,,,,,,,,XXXXXXXXXX,,,,,r2GfgtHEV3f0kZh7gyZz4Ot8k + #TH21470.1,,,r2GfgtHEV3f0kZh7gyZz4Ot8k + #TH21470.1
#TH10473,customer_473@example.com,paid,2026-02-09 19:52:38 +0500,fulfilled,2026-02-06 00:18:21 +0500,yes,PKR,1999.0,0.0,0.0,1999.0,,0.0,Delivery Charges,2026-02-04 08:08:53+00:00,1,Portable Resistance Band Sit-Up Trainer – Full Body Workout,1999.0,3999.0,TH162,True,False,fulfilled,Customer 473,XXXXXXXXXX,XXXXXXXXXX,,,Karachi,'75500,,PK,XXXXXXXXXX,Customer 473,XXXXXXXXXX,XXXXXXXXXX,,,Karachi,'75500,,PK,XXXXXXXXXX,Order has been shipped via Tranzo with Tracking T0080370617090645. Confirm,"tranzo_courier_name: Tranzo
tranzo_courier_tracking: T0080370617090645
tranzo_courier_url: https://tranzo.pk/track-order?tn=T0080370617090645",,Cash on Delivery (COD),#TH21593.1,0.0,TRENDHUB PAKISTAN,0.0,,,,6835425444060.0,Tranzo,Low,web,0.0,GST 16%,0.0,,,,,,,,,XXXXXXXXXX,,,,,r8SsyacrwOiwX7xUmiDqGgJ16 + #TH21593.1,,,r8SsyacrwOiwX7xUmiDqGgJ16 + #TH21593.1
#TH10474,customer_474@example.com,paid,2026-03-06 02:12:10 +0500,fulfilled,2026-02-20 01:35:09 +0500,yes,PKR,2199.0,0.0,0.0,2199.0,,0.0,Delivery Charges,2026-02-19 17:42:36+00:00,1,Safe Mandoline Slicer - Multi Vegetable Chopper - Multi Vegetable Chopper,2199.0,4799.0,TH72,True,False,fulfilled,Customer 474,XXXXXXXXXX,XXXXXXXXXX,,,Gilgit,,,PK,XXXXXXXXXX,Customer 474,XXXXXXXXXX,XXXXXXXXXX,,,Gilgit,,,PK,XXXXXXXXXX,Confirm,,,Cash on Delivery (COD),#TH22448.1,0.0,TRENDHUB PAKISTAN,0.0,,,,6875015577820.0,Ship NOC,Low,web,0.0,GST 16%,0.0,,,,,,,,,XXXXXXXXXX,,,,,r1bVPvGxVtBYKNae7Y8TUGXqH + #TH22448.1,,,r1bVPvGxVtBYKNae7Y8TUGXqH + #TH22448.1
#TH10475,customer_475@example.com,paid,2026-03-20 14:59:55 +0500,fulfilled,2026-03-10 01:03:00 +0500,no,PKR,2299.0,0.0,0.0,2299.0,,0.0,Delivery Charges,2026-03-09 16:02:18+00:00,1,3 in 1 Handheld Vacuum Cleaner,2299.0,4599.0,TH121,True,False,fulfilled,Customer 475,XXXXXXXXXX,XXXXXXXXXX,Pasrur,,Pasrur,,,PK,XXXXXXXXXX,Customer 475,XXXXXXXXXX,XXXXXXXXXX,Pasrur,,Pasrur,,,PK,XXXXXXXXXX,Can,,,Cash on Delivery (COD),#TH23522.1,0.0,TRENDHUB PAKISTAN,0.0,,,,6908783493340.0,Ship NOC,Low,web,0.0,GST 16%,0.0,,,,,,,,,XXXXXXXXXX,,,,,rPdR3biReYRAlsuP0eYFpUDPc + #TH23522.1,,,rPdR3biReYRAlsuP0eYFpUDPc + #TH23522.1
#TH10476,customer_476@example.com,paid,2025-08-08 00:27:01 +0500,fulfilled,2025-08-04 00:07:33 +0500,yes,PKR,4199.0,0.0,0.0,4199.0,,0.0,Delivery Charges,2025-08-03 04:40:04+00:00,1,Heavy-Duty Multi-Layer Shoe Cabinet Organizer - 4 - Layer,4199.0,8399.0,TH174,True,False,fulfilled,Customer 476,XXXXXXXXXX,XXXXXXXXXX,Apartment 302,,Karachi,'54500,,PK,XXXXXXXXXX,Customer 476,XXXXXXXXXX,XXXXXXXXXX,Apartment 302,,Karachi,'54500,,PK,XXXXXXXXXX,Confirm,,,Cash on Delivery (COD),#TH14150.2,0.0,TRENDHUB PAKISTAN,0.0,,,,6469858722012.0,JD Delivery,Low,web,0.0,GST 16%,0.0,,,,,,,,,XXXXXXXXXX,,,,,rSpL9OcUxsYl65ImLtMFsLKya + #TH14150.2,,,rSpL9OcUxsYl65ImLtMFsLKya + #TH14150.2
#TH10477,customer_477@example.com,paid,2025-07-26 14:11:11 +0500,fulfilled,2025-07-15 00:47:32 +0500,no,PKR,2299.0,0.0,0.0,2299.0,,0.0,Delivery Charges,2025-07-14 18:57:33+00:00,1,3 in 1 Handheld Vacuum Cleaner,2299.0,4599.0,TH121,True,False,fulfilled,Customer 477,XXXXXXXXXX,XXXXXXXXXX,,,Muzaffarabad,'13100,,PK,XXXXXXXXXX,Customer 477,XXXXXXXXXX,XXXXXXXXXX,,,Muzaffarabad,'13100,,PK,XXXXXXXXXX,Confirm,,,Cash on Delivery (COD),#TH13241.2,0.0,TRENDHUB PAKISTAN,0.0,,,,6441642721500.0,Ship NOC,Low,web,0.0,GST 16%,0.0,,,,,,,,,XXXXXXXXXX,,,,,rqnUfiq3S9LWupZMsaM7C0Acn + #TH13241.2,,,rqnUfiq3S9LWupZMsaM7C0Acn + #TH13241.2
#TH10478,customer_478@example.com,paid,2026-04-10 19:24:11 +0500,fulfilled,2026-04-02 00:21:29 +0500,no,PKR,699.0,250.0,0.0,949.0,,0.0,Shipping Charges,2026-04-01 07:33:28+00:00,1,Kitchen Sink Splash Guard – Extra Wide Water Protection - Pack of 1,699.0,1399.0,TH232,True,False,fulfilled,Customer 478,XXXXXXXXXX,XXXXXXXXXX,,,Islamabad,,,PK,XXXXXXXXXX,Customer 478,XXXXXXXXXX,XXXXXXXXXX,,,Islamabad,,,PK,XXXXXXXXXX,Confirm,,,Cash on Delivery (COD),#TH24995.1,0.0,TRENDHUB PAKISTAN,0.0,,,,6956541018332.0,Ship NOC,Low,web,0.0,GST 16%,0.0,,,,,,,,,XXXXXXXXXX,,,,,rT63ZRlALOiZwOvFT5KE8ekXt + #TH24995.1,,,rT63ZRlALOiZwOvFT5KE8ekXt + #TH24995.1
#TH10479,customer_479@example.com,paid,2026-02-09 19:52:38 +0500,fulfilled,2026-02-05 03:36:56 +0500,no,PKR,4499.0,0.0,0.0,4499.0,,0.0,Delivery Charges,2026-02-04 11:58:38+00:00,1,Heavy-Duty Multi-Layer Shoe Cabinet Organizer - 5 - Layer,4499.0,8999.0,TH166,True,False,fulfilled,Customer 479,XXXXXXXXXX,XXXXXXXXXX,,,Karachi,'02136,,PK,XXXXXXXXXX,Customer 479,XXXXXXXXXX,XXXXXXXXXX,,,Karachi,'02136,,PK,XXXXXXXXXX,Order has been shipped via Tranzo with Tracking T0080399989116703. Confirm,"tranzo_courier_name: Tranzo
tranzo_courier_tracking: T0080399989116703
tranzo_courier_url: https://tranzo.pk/track-order?tn=T0080399989116703",,Cash on Delivery (COD),#TH21610.1,0.0,TRENDHUB PAKISTAN,0.0,,,,6835605930204.0,Tranzo,Low,web,0.0,GST 16%,0.0,,,,,,,,,XXXXXXXXXX,,,,,ryAajsAEaI9EEUkMxs6oHZR3T + #TH21610.1,,,ryAajsAEaI9EEUkMxs6oHZR3T + #TH21610.1
#TH10480,customer_480@example.com,paid,2025-10-19 17:49:08 +0500,fulfilled,2025-09-27 01:46:58 +0500,yes,PKR,2299.0,0.0,0.0,2299.0,,0.0,Delivery Charges,2025-09-25 19:34:00+00:00,1,3 in 1 Handheld Vacuum Cleaner,2299.0,4599.0,TH121,True,False,fulfilled,Customer 480,XXXXXXXXXX,XXXXXXXXXX,Shop,,Karachi,'03022873932,,PK,XXXXXXXXXX,Customer 480,XXXXXXXXXX,XXXXXXXXXX,Shop,,Karachi,'03022873932,,PK,XXXXXXXXXX,Confirm,,,Cash on Delivery (COD),#TH16422.1,0.0,TRENDHUB PAKISTAN,0.0,,,,6549931851996.0,Ship NOC,Low,web,0.0,GST 16%,0.0,,,,,,,,,XXXXXXXXXX,,,,,rcR7mU3ogEAFz8pA6Ca5g78Ue + #TH16422.1,,,rcR7mU3ogEAFz8pA6Ca5g78Ue + #TH16422.1
#TH10481,customer_481@example.com,paid,2025-08-31 22:40:13 +0500,fulfilled,2025-08-22 00:49:21 +0500,no,PKR,4499.0,0.0,0.0,4499.0,,0.0,Delivery Charges,2025-08-21 18:36:29+00:00,1,Heavy-Duty Multi-Layer Shoe Cabinet Organizer - 5 - Layer,4499.0,8999.0,TH166,True,False,fulfilled,Customer 481,XXXXXXXXXX,XXXXXXXXXX,,,Sargodha,,,PK,XXXXXXXXXX,Customer 481,XXXXXXXXXX,XXXXXXXXXX,,,Sargodha,,,PK,XXXXXXXXXX,Confirm,,,Cash on Delivery (COD),#TH14993.2,0.0,TRENDHUB PAKISTAN,0.0,,,,6498979643612.0,Ship NOC,Low,web,0.0,GST 16%,0.0,,,,,,,,,XXXXXXXXXX,,,,,rwiCvzmep9c71HZ0hp5WD7h4P + #TH14993.2,,,rwiCvzmep9c71HZ0hp5WD7h4P + #TH14993.2
#TH10482,customer_482@example.com,paid,2025-06-15 17:44:00 +0500,fulfilled,2025-06-02 01:11:32 +0500,yes,PKR,2299.0,0.0,0.0,2299.0,,0.0,Delivery Charges,2025-06-01 16:48:55+00:00,1,3 in 1 Handheld Vacuum Cleaner,2299.0,4599.0,TH121,True,False,fulfilled,Customer 482,XXXXXXXXXX,XXXXXXXXXX,,,Lahore,,,PK,XXXXXXXXXX,Customer 482,XXXXXXXXXX,XXXXXXXXXX,,,Lahore,,,PK,XXXXXXXXXX,Order has been shipped via PostEx with Tracking 26150530008665. Confirm,"hxs_courier_name: PostEx
hxs_courier_tracking: 26150530008665
hxs_courier_url: https://postex.pk/tracking?cn=26150530008665
hxs_courier_label: https://merchant.postex.pk/get-invoice?trackingNumbers=26150530008665",,Cash on Delivery (COD),#TH11464.2,0.0,TRENDHUB PAKISTAN,0.0,,,,6378338779356.0,PostEx,Low,web,0.0,GST 16%,0.0,,,,,,,,,XXXXXXXXXX,,,,,r7GqdvlpQY2lx3rpoEhCpLabd + #TH11464.2,,,r7GqdvlpQY2lx3rpoEhCpLabd + #TH11464.2
#TH10483,customer_483@example.com,paid,2026-05-10 02:59:04 +0500,fulfilled,2026-05-02 01:11:30 +0500,yes,PKR,4198.0,0.0,0.0,4198.0,,0.0,Delivery Charges,2026-05-01 07:15:47+00:00,1,Portable Resistance Band Sit-Up Trainer – Full Body Workout,1999.0,3999.0,TH162,True,False,fulfilled,Customer 483,XXXXXXXXXX,XXXXXXXXXX,,,Badin,,,PK,XXXXXXXXXX,Customer 483,XXXXXXXXXX,XXXXXXXXXX,,,Badin,,,PK,XXXXXXXXXX,Can,,,Cash on Delivery (COD),#TH26522.1,0.0,TRENDHUB PAKISTAN,0.0,,,,7020763447516.0,Ship NOC,Low,web,0.0,GST 16%,0.0,,,,,,,,,XXXXXXXXXX,,,,,rj1ql31M5wtQZpZYJybGJCLl1 + #TH26522.1,,,rj1ql31M5wtQZpZYJybGJCLl1 + #TH26522.1
#TH10484,customer_484@example.com,paid,2025-12-14 03:05:21 +0500,fulfilled,2025-12-04 00:36:59 +0500,yes,PKR,2199.0,0.0,0.0,2199.0,,0.0,Delivery Charges,2025-12-03 07:43:19+00:00,1,Safe Mandoline Slicer - Multi Vegetable Chopper - Multi Vegetable Chopper,2199.0,4799.0,TH72,True,False,fulfilled,Customer 484,XXXXXXXXXX,XXXXXXXXXX,,,Naukot sindh,'69220,,PK,XXXXXXXXXX,Customer 484,XXXXXXXXXX,XXXXXXXXXX,,,Naukot sindh,'69220,,PK,XXXXXXXXXX,Confirm,,,Cash on Delivery (COD),#TH18654.1,0.0,TRENDHUB PAKISTAN,0.0,,,,6719467585756.0,Ship NOC,Low,web,0.0,GST 16%,0.0,,,,,,,,,XXXXXXXXXX,,,,,rCqSneb6u0Xq8K4jbPErrBIPH + #TH18654.1,,,rCqSneb6u0Xq8K4jbPErrBIPH + #TH18654.1
#TH10485,customer_485@example.com,paid,2025-11-23 04:06:08 +0500,fulfilled,2025-11-14 00:44:25 +0500,no,PKR,4599.01,0.0,0.0,4599.01,,0.0,Delivery Charges,2025-11-13 12:23:37+00:00,1,Metal Shoe Rack with Coat Hooks – Dustproof Entryway Shoe Cabinet & Organizer - 5 - Layer,4599.01,7999.0,TH189,True,False,fulfilled,Customer 485,XXXXXXXXXX,XXXXXXXXXX,Goldmine Developers,,Rawalpindi,'54000,,PK,XXXXXXXXXX,Customer 485,XXXXXXXXXX,XXXXXXXXXX,Goldmine Developers,,Rawalpindi,'54000,,PK,XXXXXXXXXX,Confirm,,,Cash on Delivery (COD),#TH17971.1,0.0,TRENDHUB PAKISTAN,0.0,,,,6646199615708.0,Ship NOC,Low,web,0.0,GST 16%,0.0,,,,,,,,,XXXXXXXXXX,,,,,r8e2R73h6QroihNTihRKu7Ohg + #TH17971.1,,,r8e2R73h6QroihNTihRKu7Ohg + #TH17971.1
#TH10486,customer_486@example.com,paid,2026-02-05 01:42:03 +0500,fulfilled,2026-01-29 23:34:56 +0500,yes,PKR,7499.0,0.0,0.0,7499.0,,0.0,Delivery Charges,2026-01-29 08:31:33+00:00,1,Electric Food Warming Mat,7499.0,14999.0,TH220,True,False,fulfilled,Customer 486,XXXXXXXXXX,XXXXXXXXXX,PSO Station,,Rawalpindi,'46000,,PK,XXXXXXXXXX,Customer 486,XXXXXXXXXX,XXXXXXXXXX,PSO Station,,Rawalpindi,'46000,,PK,XXXXXXXXXX,Can,,,Cash on Delivery (COD),#TH21236.1,0.0,TRENDHUB PAKISTAN,0.0,,,,6825602318556.0,Ship NOC,Low,web,0.0,GST 16%,0.0,,,,,,,,,XXXXXXXXXX,,,,,rjOwRpK4q8kaifp3J5yPaYpNx + #TH21236.1,,,rjOwRpK4q8kaifp3J5yPaYpNx + #TH21236.1
#TH10487,customer_487@example.com,paid,2025-10-26 15:17:53 +0500,fulfilled,2025-10-10 02:59:13 +0500,yes,PKR,2299.0,0.0,0.0,2299.0,,0.0,Delivery Charges,2025-10-08 01:28:13+00:00,1,3 in 1 Handheld Vacuum Cleaner,2299.0,4599.0,TH121,True,False,fulfilled,Customer 487,XXXXXXXXXX,XXXXXXXXXX,,,Mansoora Dc Colony Gujranwala Cante,,,PK,XXXXXXXXXX,Customer 487,XXXXXXXXXX,XXXXXXXXXX,,,Mansoora Dc Colony Gujranwala Cante,,,PK,XXXXXXXXXX,Come,,,Cash on Delivery (COD),#TH16855.1,0.0,TRENDHUB PAKISTAN,0.0,,,,6573351960796.0,Ship NOC,Low,web,0.0,GST 16%,0.0,,,,,,,,,XXXXXXXXXX,,,,,r5MbNRCh9xdqkrqjfW4sD2zdj + #TH16855.1,,,r5MbNRCh9xdqkrqjfW4sD2zdj + #TH16855.1
#TH10488,customer_488@example.com,paid,2026-05-30 23:34:43 +0500,fulfilled,2026-05-21 00:54:56 +0500,no,PKR,699.0,250.0,0.0,949.0,,0.0,Shipping Charges,2026-05-20 06:52:11+00:00,1,Kitchen Sink Splash Guard – Extra Wide Water Protection - Pack of 1,699.0,1399.0,TH232,True,False,fulfilled,Customer 488,XXXXXXXXXX,XXXXXXXXXX,,,Shahjamal,,,PK,XXXXXXXXXX,Customer 488,XXXXXXXXXX,XXXXXXXXXX,,,Shahjamal,,,PK,XXXXXXXXXX,Ct,,,Cash on Delivery (COD),#TH27456.1,0.0,TRENDHUB PAKISTAN,0.0,,,,7060750827740.0,Ship NOC,Low,web,0.0,GST 16%,0.0,,,,,,,,,XXXXXXXXXX,,,,,rN7P1t2vU0WnlTSkCZGECoZ1u + #TH27456.1,,,rN7P1t2vU0WnlTSkCZGECoZ1u + #TH27456.1
#TH10489,customer_489@example.com,paid,2025-11-16 01:27:21 +0500,fulfilled,2025-11-04 00:55:06 +0500,yes,PKR,2199.0,0.0,0.0,2199.0,,0.0,Delivery Charges,2025-11-02 06:07:57+00:00,1,Safe Mandoline Slicer - Multi Vegetable Chopper - Multi Vegetable Chopper,2199.0,4799.0,TH72,True,False,fulfilled,Customer 489,XXXXXXXXXX,XXXXXXXXXX,,,Peshawar,,,PK,XXXXXXXXXX,Customer 489,XXXXXXXXXX,XXXXXXXXXX,,,Peshawar,,,PK,XXXXXXXXXX,Confirm,,,Cash on Delivery (COD),#TH17616.1,0.0,TRENDHUB PAKISTAN,0.0,,,,6627845308636.0,Ship NOC,Low,web,0.0,GST 16%,0.0,,,,,,,,,XXXXXXXXXX,,,,,r2Av6Gy9IygcDXZQ2aTbKKnbb + #TH17616.1,,,r2Av6Gy9IygcDXZQ2aTbKKnbb + #TH17616.1
#TH10490,customer_490@example.com,paid,2025-07-20 02:43:14 +0500,fulfilled,2025-07-07 00:44:22 +0500,yes,PKR,1999.0,0.0,0.0,1999.0,,0.0,Delivery Charges,2025-07-06 09:53:51+00:00,1,Mini Electric Shaver - Pocket Size Electric Shaver for Men Women,1999.0,3999.0,TH137,True,False,fulfilled,Customer 490,XXXXXXXXXX,XXXXXXXXXX,,imrointernational2017@gmail.com,Mardan,'23200,,PK,XXXXXXXXXX,Customer 490,XXXXXXXXXX,XXXXXXXXXX,,imrointernational2017@gmail.com,Mardan,'23200,,PK,XXXXXXXXXX,Confirm,,,Cash on Delivery (COD) + manual,#TH12867.2,0.0,TRENDHUB PAKISTAN,0.0,,,,6430150361308.0,Ship NOC,Low,web,0.0,GST 16%,0.0,,,,,,,,,XXXXXXXXXX,,,,,rIWP2Hphf0IlcWaS1dd4fBoSI + #TH12867.2,,,rIWP2Hphf0IlcWaS1dd4fBoSI + #TH12867.2
#TH10491,customer_491@example.com,paid,2025-06-22 02:39:18 +0500,fulfilled,2025-06-11 00:56:58 +0500,yes,PKR,1199.0,0.0,0.0,1199.0,,0.0,Delivery Charges,2025-06-09 11:06:55+00:00,1,Sink Sponge Holder - Faucet Rack,1199.0,2399.0,TH61,True,False,fulfilled,Customer 491,XXXXXXXXXX,XXXXXXXXXX,,,Lahore,'53700,,PK,XXXXXXXXXX,Customer 491,XXXXXXXXXX,XXXXXXXXXX,,,Lahore,'53700,,PK,XXXXXXXXXX,Order has been shipped via PostEx with Tracking 22150530009038. Confirm,"hxs_courier_name: PostEx
hxs_courier_tracking: 22150530009038
hxs_courier_url: https://postex.pk/tracking?cn=22150530009038
hxs_courier_label: https://merchant.postex.pk/get-invoice?trackingNumbers=22150530009038",,Cash on Delivery (COD),#TH11806.2,0.0,TRENDHUB PAKISTAN,0.0,,,,6392846549212.0,PostEx,Low,web,0.0,GST 16%,0.0,,,,,,,,,XXXXXXXXXX,,,,,rOFdpx2vxLUVpgQjuiXDU77PG + #TH11806.2,,,rOFdpx2vxLUVpgQjuiXDU77PG + #TH11806.2
#TH10492,customer_492@example.com,paid,2025-08-31 02:35:21 +0500,fulfilled,2025-08-18 01:24:40 +0500,yes,PKR,1199.0,0.0,0.0,1199.0,,0.0,Delivery Charges,2025-08-16 08:09:07+00:00,1,Sink Sponge Holder - Faucet Rack,1199.0,2399.0,TH61,True,False,fulfilled,Customer 492,XXXXXXXXXX,XXXXXXXXXX,,,Chitral,,,PK,XXXXXXXXXX,Customer 492,XXXXXXXXXX,XXXXXXXXXX,,,Chitral,,,PK,XXXXXXXXXX,Confirm,,,Cash on Delivery (COD),#TH14748.2,0.0,TRENDHUB PAKISTAN,0.0,,,,6489786777820.0,Ship NOC,Low,web,0.0,GST 16%,0.0,,,,,,,,,XXXXXXXXXX,,,,,r5XfmrojUpigZ4vrD4zAphdt1 + #TH14748.2,,,r5XfmrojUpigZ4vrD4zAphdt1 + #TH14748.2
#TH10493,customer_493@example.com,paid,2025-08-10 01:23:22 +0500,fulfilled,2025-08-01 00:30:51 +0500,yes,PKR,2398.0,0.0,0.0,2398.0,,0.0,Delivery Charges,2025-07-30 20:18:12+00:00,2,Sink Sponge Holder - Faucet Rack,1199.0,2399.0,TH61,True,False,fulfilled,Customer 493,XXXXXXXXXX,XXXXXXXXXX,House no 134,,Fsd,'37000,,PK,XXXXXXXXXX,Customer 493,XXXXXXXXXX,XXXXXXXXXX,House no 134,,Fsd,'37000,,PK,XXXXXXXXXX,Confirm,,,Cash on Delivery (COD),#TH14006.2,0.0,TRENDHUB PAKISTAN,0.0,,,,6464807010524.0,Ship NOC,Low,web,0.0,GST 16%,0.0,,,,,,,,,XXXXXXXXXX,,,,,r9NHSVKQFuqftFSmNdZVSgzfI + #TH14006.2,,,r9NHSVKQFuqftFSmNdZVSgzfI + #TH14006.2
#TH10494,customer_494@example.com,paid,2026-01-10 19:54:46 +0500,fulfilled,2026-01-03 02:01:05 +0500,no,PKR,2299.0,0.0,0.0,2299.0,,0.0,Delivery Charges,2026-01-02 12:48:21+00:00,1,3 in 1 Handheld Vacuum Cleaner,2299.0,4599.0,TH121,True,False,fulfilled,Customer 494,XXXXXXXXXX,XXXXXXXXXX,,,Abbottabad,,,PK,XXXXXXXXXX,Customer 494,XXXXXXXXXX,XXXXXXXXXX,,,Abbottabad,,,PK,XXXXXXXXXX,Confirm,,,Cash on Delivery (COD),#TH19898.1,0.0,TRENDHUB PAKISTAN,0.0,,,,6777308283100.0,Ship NOC,Low,web,0.0,GST 16%,0.0,,,,,,,,,XXXXXXXXXX,,,,,rR4SKZlvCiCkz22Tne0KOviO8 + #TH19898.1,,,rR4SKZlvCiCkz22Tne0KOviO8 + #TH19898.1
#TH10495,customer_495@example.com,paid,2025-10-11 02:33:58 +0500,fulfilled,2025-09-29 00:40:06 +0500,yes,PKR,5099.0,0.0,0.0,5099.0,,0.0,Delivery Charges,2025-09-28 16:14:03+00:00,1,Heavy-Duty Multi-Layer Shoe Cabinet Organizer - 7 - Layer,5099.0,10199.0,TH168,True,False,fulfilled,Customer 495,XXXXXXXXXX,XXXXXXXXXX,Flat in start of street 25,,Rawalpindi,,,PK,XXXXXXXXXX,Customer 495,XXXXXXXXXX,XXXXXXXXXX,Flat in start of street 25,,Rawalpindi,,,PK,XXXXXXXXXX,Come,,,Cash on Delivery (COD),#TH16520.1,0.0,TRENDHUB PAKISTAN,0.0,,,,6554079690972.0,Ship NOC,Low,web,0.0,GST 16%,0.0,,,,,,,,,XXXXXXXXXX,,,,,rnZBzzKXHv6wGKmjozeURFryC + #TH16520.1,,,rnZBzzKXHv6wGKmjozeURFryC + #TH16520.1
#TH10496,customer_496@example.com,paid,2025-07-20 03:01:41 +0500,fulfilled,2025-07-08 00:19:50 +0500,yes,PKR,2199.0,0.0,0.0,2199.0,,0.0,Delivery Charges,2025-07-06 13:52:46+00:00,1,Safe Mandoline Slicer - Multi Vegetable Chopper - Multi Vegetable Chopper,2199.0,4799.0,TH72,True,False,fulfilled,Customer 496,XXXXXXXXXX,XXXXXXXXXX,,,Lahore,'54000,,PK,XXXXXXXXXX,Customer 496,XXXXXXXXXX,XXXXXXXXXX,,,Lahore,'54000,,PK,XXXXXXXXXX,Confirm,,,Cash on Delivery (COD),#TH12885.2,0.0,TRENDHUB PAKISTAN,0.0,,,,6430345396444.0,Ship NOC,Low,web,0.0,GST 16%,0.0,,,,,,,,,XXXXXXXXXX,,,,,rqT5sgIVo3IkEyXxyaoRM6T1P + #TH12885.2,,,rqT5sgIVo3IkEyXxyaoRM6T1P + #TH12885.2
#TH10497,customer_497@example.com,paid,2025-12-28 22:38:58 +0500,fulfilled,2025-12-17 00:55:00 +0500,yes,PKR,4999.0,0.0,0.0,4999.0,,0.0,Delivery Charges,2025-12-16 10:47:13+00:00,1,Heavy-Duty Multi-Layer Shoe Cabinet Organizer - 6 - Layer,4999.0,9999.0,TH167,True,False,fulfilled,Customer 497,XXXXXXXXXX,XXXXXXXXXX,,,Abbotabad,,,PK,XXXXXXXXXX,Customer 497,XXXXXXXXXX,XXXXXXXXXX,,,Abbotabad,,,PK,XXXXXXXXXX,Confirm,,,Cash on Delivery (COD),#TH19137.1,0.0,TRENDHUB PAKISTAN,0.0,,,,6745612681436.0,Ship NOC,Low,web,0.0,GST 16%,0.0,,,,,,,,,XXXXXXXXXX,,,,,rVQWkrqkPzamoVb96kYYYS3Jd + #TH19137.1,,,rVQWkrqkPzamoVb96kYYYS3Jd + #TH19137.1
#TH10498,customer_498@example.com,paid,2025-08-03 01:55:21 +0500,fulfilled,2025-07-26 01:38:52 +0500,yes,PKR,5099.0,0.0,0.0,5099.0,,0.0,Delivery Charges,2025-07-25 07:09:58+00:00,1,Heavy-Duty Multi-Layer Shoe Cabinet Organizer - 7 - Layer,5099.0,10199.0,TH168,True,False,fulfilled,Customer 498,XXXXXXXXXX,XXXXXXXXXX,,,Shorkot Cantt,,,PK,XXXXXXXXXX,Customer 498,XXXXXXXXXX,XXXXXXXXXX,,,Shorkot Cantt,,,PK,XXXXXXXXXX,Confirm,,,Cash on Delivery (COD),#TH13757.2,0.0,TRENDHUB PAKISTAN,0.0,,,,6455859478748.0,Ship NOC,Low,web,0.0,GST 16%,0.0,,,,,,,,,XXXXXXXXXX,,,,,rAcHcZ9UuhuRDjKnlEandPAIi + #TH13757.2,,,rAcHcZ9UuhuRDjKnlEandPAIi + #TH13757.2
#TH10499,customer_499@example.com,paid,2026-04-10 19:24:16 +0500,fulfilled,2026-04-06 00:36:55 +0500,yes,PKR,899.0,250.0,0.0,1149.0,,0.0,Shipping Charges,2026-04-05 17:39:56+00:00,1,Silicone Sink Faucet Splash Guard Mat – Quick Drain & Drying Organizer - Pack of 1,899.0,1999.0,TH238,True,False,fulfilled,Customer 499,XXXXXXXXXX,XXXXXXXXXX,,,Karachi,'75600,,PK,XXXXXXXXXX,Customer 499,XXXXXXXXXX,XXXXXXXXXX,,,Karachi,'75600,,PK,XXXXXXXXXX,Congrats,,,Cash on Delivery (COD),#TH25256.1,0.0,TRENDHUB PAKISTAN,0.0,,,,6966600696028.0,Ship NOC,Low,web,0.0,GST 16%,0.0,,,,,,,,,XXXXXXXXXX,,,,,rDdaf6x32CaQ5bRjt5aGeXrFZ + #TH25256.1,,,rDdaf6x32CaQ5bRjt5aGeXrFZ + #TH25256.1
